{"type":"FeatureCollection","features":[{"type":"Feature","properties":{"name":"Land outside Canada","source":"Statistics Canada 2021 provinces/territories digital boundary file (Open Government Licence - Canada) for the Canada edge; Natural Earth 1:10m admin-0 (public domain) for other land, western hemisphere; detailed within 0.5 degree of Canada, coarse beyond"},"geometry":{"type":"MultiPolygon","coordinates":[[[[-176.11388,-44.26506],[-176.19884,-44.33505],[-176.20905,-44.22478],[-176.11388,-44.26506]]],[[[-176.58063,-43.70338],[-176.16913,-43.73137],[-176.39195,-43.90992],[-176.35411,-43.78590],[-176.45653,-43.75798],[-176.45653,-43.94980],[-176.30003,-44.04257],[-176.51915,-44.12314],[-176.66437,-44.01922],[-176.51594,-43.92229],[-176.56615,-43.83782],[-176.85497,-43.82008],[-176.58063,-43.70338]]],[[[-177.95799,-29.22275],[-177.88939,-29.23381],[-177.92487,-29.28435],[-177.95799,-29.22275]]],[[[-174.98363,-21.39771],[-174.91840,-21.28443],[-174.92027,-21.45419],[-174.98363,-21.39771]]],[[[-175.17035,-21.26336],[-175.32575,-21.17359],[-175.35529,-21.08961],[-175.05463,-21.13152],[-175.17035,-21.26336]]],[[[-174.32018,-19.81926],[-174.32567,-19.75969],[-174.30585,-19.76718],[-174.32018,-19.81926]]],[[[-175.08727,-19.78769],[-175.05333,-19.72381],[-175.05931,-19.80136],[-175.08727,-19.78769]]],[[[-174.30219,-19.74407],[-174.30581,-19.73300],[-174.25743,-19.68466],[-174.30219,-19.74407]]],[[[-174.29304,-19.59270],[-174.24799,-19.63591],[-174.27521,-19.63567],[-174.29304,-19.59270]]],[[[-178.53697,-19.17717],[-178.60033,-19.14771],[-178.58198,-19.13730],[-178.53697,-19.17717]]],[[[-178.38927,-19.14641],[-178.42170,-19.17620],[-178.39293,-19.12753],[-178.38927,-19.14641]]],[[[-169.93370,-19.01360],[-169.82530,-18.96795],[-169.78290,-19.06894],[-169.90998,-19.12859],[-169.93370,-19.01360]]],[[[-179.78718,-18.95533],[-179.85826,-19.00595],[-179.84968,-18.92343],[-179.78718,-18.95533]]],[[[-178.93097,-18.97136],[-178.97215,-18.96510],[-178.94359,-18.92636],[-178.93097,-18.97136]]],[[[-174.66124,-18.78687],[-174.63386,-18.78533],[-174.65379,-18.81747],[-174.66124,-18.78687]]],[[[-178.50715,-18.66521],[-178.51109,-18.63795],[-178.48798,-18.64137],[-178.50715,-18.66521]]],[[[-173.99054,-18.70517],[-174.07249,-18.63396],[-173.95637,-18.56731],[-173.99054,-18.70517]]],[[[-178.84540,-18.21738],[-178.78978,-18.17213],[-178.76329,-18.24586],[-178.84540,-18.21738]]],[[[-179.05951,-17.95251],[-179.02786,-18.00301],[-179.07870,-17.96664],[-179.05951,-17.95251]]],[[[-178.35228,-17.94573],[-178.33788,-17.886],[-178.24864,-17.95256],[-178.35228,-17.94573]]],[[[-179.29808,-17.72324],[-179.32258,-17.77019],[-179.33421,-17.74000],[-179.29808,-17.72324]]],[[[-179.14557,-17.42424],[-179.15660,-17.47136],[-179.17548,-17.43971],[-179.14557,-17.42424]]],[[[-179.14647,-17.24797],[-179.12787,-17.26490],[-179.15729,-17.27271],[-179.14647,-17.24797]]],[[[-178.96027,-17.20549],[-179.01996,-17.14910],[-178.91071,-17.21453],[-178.98582,-17.31357],[-178.96027,-17.20549]]],[[[-180.0,-16.96414],[-179.98985,-16.77117],[-179.87714,-16.67783],[-179.87157,-16.86386],[-180.0,-16.96414]]],[[[-179.99140,-16.47576],[-179.93480,-16.51083],[-180.0,-16.54111],[-179.99140,-16.47576]]],[[[-179.93858,-16.12127],[-179.97887,-16.16277],[-180.0,-16.16961],[-179.93858,-16.12127]]],[[[-175.63915,-15.62428],[-175.63133,-15.55950],[-175.61262,-15.57333],[-175.63915,-15.62428]]],[[[-170.56725,-14.25855],[-170.74864,-14.37468],[-170.66144,-14.25237],[-170.56725,-14.25855]]],[[[-178.04674,-14.31943],[-178.15660,-14.30510],[-178.10509,-14.28525],[-178.04674,-14.31943]]],[[[-169.50426,-14.27060],[-169.50645,-14.22226],[-169.44013,-14.24529],[-169.50426,-14.27060]]],[[[-171.43769,-14.00611],[-171.92662,-14.00115],[-172.05561,-13.86191],[-171.79230,-13.81650],[-171.43769,-14.00611]]],[[[-172.52318,-13.80535],[-172.78258,-13.52027],[-172.30077,-13.47649],[-172.21906,-13.80535],[-172.52318,-13.80535]]],[[[-176.19957,-13.29062],[-176.15546,-13.20891],[-176.12816,-13.29827],[-176.19957,-13.29062]]],[[[-172.20344,-4.53215],[-172.22716,-4.51873],[-172.22960,-4.49732],[-172.17438,-4.51311],[-172.20344,-4.53215]]],[[[-171.71210,-2.82301],[-171.66669,-2.79314],[-171.72276,-2.76580],[-171.64985,-2.79729],[-171.62962,-2.82724],[-171.62446,-2.85613],[-171.62572,-2.86891],[-171.71210,-2.82301]]],[[[-179.11900,51.21539],[-179.08824,51.29608],[-179.06159,51.24770],[-179.11900,51.21539]]],[[[-178.98688,51.30752],[-178.95441,51.39520],[-178.90424,51.35382],[-178.98688,51.30752]]],[[[-177.62218,51.85716],[-178.10138,51.66543],[-177.95539,51.76373],[-178.21381,51.87604],[-177.62218,51.85716]]],[[[-178.85887,51.79572],[-178.81358,51.83917],[-178.80829,51.74730],[-178.85887,51.79572]]],[[[-176.41559,51.75478],[-176.79975,51.61078],[-176.82709,51.72003],[-176.97789,51.60028],[-176.82026,51.7685],[-176.90477,51.80756],[-176.70417,51.78827],[-176.77631,51.94448],[-176.56269,51.98786],[-176.64146,51.85716],[-176.41559,51.75478]]],[[[-176.27900,51.85716],[-176.39704,51.74188],[-176.42304,51.85102],[-176.27900,51.85716]]],[[[-177.27765,51.68012],[-177.70470,51.70014],[-177.29247,51.78278],[-177.17345,51.93561],[-177.04682,51.89199],[-177.27765,51.68012]]],[[[-176.06285,51.85496],[-175.99095,51.81000],[-176.20453,51.88100],[-176.06285,51.85496]]],[[[-176.05256,51.91034],[-175.95685,51.85102],[-176.10773,51.88450],[-176.05256,51.91034]]],[[[-175.72411,51.97386],[-175.66205,51.95962],[-175.75202,51.93915],[-175.72411,51.97386]]],[[[-175.87641,51.96894],[-175.95002,51.97386],[-175.80602,51.98749],[-175.87641,51.96894]]],[[[-176.10541,52.11074],[-176.04304,51.96336],[-176.19452,52.05109],[-176.10541,52.11074]]],[[[-172.9558,52.08991],[-173.49022,52.02167],[-174.05943,52.12470],[-172.9558,52.08991]]],[[[-175.34052,52.01483],[-174.33934,52.18618],[-174.22826,52.26752],[-174.43553,52.32269],[-174.19029,52.41787],[-173.99189,52.31256],[-174.20283,52.21283],[-174.15685,52.12909],[-174.41136,52.04279],[-175.34052,52.01483]]],[[[-172.44127,52.39907],[-172.30158,52.34430],[-172.52940,52.25023],[-172.59882,52.31342],[-172.44127,52.39907]]],[[[-171.25641,52.52944],[-171.27684,52.45368],[-171.31464,52.48843],[-171.25641,52.52944]]],[[[-170.56371,52.67279],[-170.84666,52.58437],[-170.74372,52.67869],[-170.56371,52.67279]]],[[[-170.19440,52.72744],[-170.12364,52.78807],[-170.05610,52.76032],[-170.19440,52.72744]]],[[[-170.01166,52.83771],[-169.68663,52.87201],[-169.96410,52.78949],[-170.01166,52.83771]]],[[[-169.74811,52.94651],[-169.68073,53.03318],[-169.66620,53.00116],[-169.74811,52.94651]]],[[[-168.00829,53.57029],[-167.79478,53.50202],[-168.48993,53.04206],[-169.11127,52.82363],[-168.62336,53.27423],[-168.36078,53.27130],[-168.36461,53.46792],[-168.00829,53.57029]]],[[[-166.27814,53.72386],[-166.66454,53.59821],[-166.65916,53.49091],[-166.79487,53.57029],[-166.75218,53.45087],[-167.50824,53.25991],[-167.85004,53.30963],[-166.96003,53.5362],[-167.14435,53.55662],[-166.99352,53.61810],[-167.02802,53.70477],[-166.80170,53.63178],[-166.70551,53.72113],[-167.15111,53.82416],[-167.02159,53.96124],[-166.63459,54.00458],[-166.60993,53.831],[-166.37035,54.00849],[-166.21886,53.93402],[-166.54161,53.79002],[-166.55467,53.68699],[-166.27814,53.72386]]],[[[-166.08918,53.84467],[-166.21263,53.70807],[-166.29926,53.78168],[-166.08918,53.84467]]],[[[-166.15656,53.99359],[-166.15392,53.95530],[-166.19611,53.98102],[-166.15656,53.99359]]],[[[-165.24567,54.05695],[-165.48582,54.07746],[-165.26671,54.09105],[-165.24567,54.05695]]],[[[-164.93272,54.114],[-164.96507,54.07746],[-165.22577,54.09105],[-164.93272,54.114]]],[[[-165.90074,54.03335],[-166.11644,54.13947],[-165.94550,54.22207],[-165.65717,54.12519],[-165.90074,54.03335]]],[[[-165.40453,54.19184],[-165.56794,54.11249],[-165.62706,54.29645],[-165.40453,54.19184]]],[[[-162.54649,54.4147],[-162.79637,54.42348],[-162.82746,54.50193],[-162.54649,54.4147]]],[[[-163.35436,54.77692],[-163.14415,54.77033],[-163.05064,54.66413],[-163.36949,54.76455],[-163.62254,54.61180],[-164.13268,54.62323],[-164.65257,54.39199],[-164.95824,54.58515],[-164.47752,54.91889],[-163.75654,55.06037],[-163.52570,55.04385],[-163.35436,54.77692]]],[[[-162.27875,54.85199],[-162.42670,54.93866],[-162.23778,54.96808],[-162.27875,54.85199]]],[[[-161.64130,55.11953],[-161.78319,55.14492],[-161.90607,55.15485],[-161.73066,55.16054],[-161.64130,55.11953]]],[[[-161.41144,55.21946],[-161.34186,55.16274],[-161.43968,55.19733],[-161.41144,55.21946]]],[[[-161.55903,55.25446],[-161.54401,55.24062],[-161.63719,55.19354],[-161.55903,55.25446]]],[[[-160.81891,55.11953],[-160.85362,55.33185],[-160.54454,55.38642],[-160.57990,55.23558],[-160.46259,55.18842],[-160.81891,55.11953]]],[[[-163.13902,55.40351],[-163.18818,55.42511],[-163.13312,55.43244],[-163.13902,55.40351]]],[[[-169.52314,56.61627],[-169.47435,56.59300],[-169.63268,56.54466],[-169.74299,56.62034],[-169.52314,56.61627]]],[[[-170.16856,57.16901],[-170.40990,57.19684],[-170.10444,57.25039],[-170.16856,57.16901]]],[[[-160.68778,58.81872],[-160.96625,58.54950],[-161.17190,58.69075],[-160.68778,58.81872]]],[[[-165.54108,59.98452],[-166.24669,59.85390],[-166.08173,59.77903],[-166.18207,59.75629],[-167.12193,60.00071],[-167.45283,60.21723],[-166.82042,60.21759],[-166.15741,60.43695],[-165.68443,60.29979],[-165.72606,60.06647],[-165.54108,59.98452]]],[[[-172.20856,60.31346],[-173.05760,60.49844],[-173.03766,60.56537],[-172.20856,60.31346]]],[[[-173.07172,60.68622],[-173.05842,60.62128],[-173.11139,60.66421],[-173.07172,60.68622]]],[[[-165.94440,62.01797],[-166.00983,62.02293],[-165.96605,62.07038],[-165.94440,62.01797]]],[[[-170.44965,63.3251],[-170.29621,63.23940],[-170.70783,63.39520],[-170.44965,63.3251]]],[[[-170.08454,63.48582],[-169.18671,63.30145],[-168.68610,63.30145],[-168.81183,63.17011],[-169.33100,63.16494],[-169.14484,63.20587],[-169.28734,63.19330],[-169.41295,63.15070],[-169.66620,62.94521],[-169.81745,63.12677],[-170.26203,63.19843],[-170.23497,63.28351],[-170.44432,63.35919],[-170.85615,63.46035],[-171.08385,63.44489],[-171.43932,63.31977],[-171.85289,63.52118],[-171.67259,63.79633],[-171.40721,63.64411],[-171.48912,63.65770],[-171.54377,63.61676],[-170.93696,63.57168],[-170.31004,63.69867],[-170.08246,63.61518],[-170.08454,63.48582]]],[[[-170.78404,63.40851],[-171.05854,63.43012],[-171.07289,63.43732],[-171.02924,63.43866],[-170.78404,63.40851]]],[[[-162.61485,63.54852],[-162.7176,63.57518],[-162.42809,63.64215],[-162.38801,63.56220],[-162.61485,63.54852]]],[[[-172.45335,64.62352],[-172.6704,64.60114],[-172.47529,64.64183],[-172.45335,64.62352]]],[[[-172.11256,64.79049],[-172.04335,64.75118],[-172.63319,64.68443],[-172.40052,64.83669],[-172.11256,64.79049]]],[[[-168.03551,64.98529],[-168.02656,64.96808],[-168.07872,64.95685],[-168.03551,64.98529]]],[[[-168.90986,65.73956],[-168.94298,65.76471],[-168.90278,65.76154],[-168.90986,65.73956]]],[[[-167.81940,65.75934],[-167.73827,65.77716],[-167.84870,65.74282],[-167.81940,65.75934]]],[[[-167.71699,65.73822],[-167.56647,65.81663],[-167.55646,65.81736],[-167.71699,65.73822]]],[[[-169.09369,65.76194],[-169.06322,65.82819],[-169.05138,65.75788],[-169.09369,65.76194]]],[[[-167.23204,65.91791],[-166.85948,66.03974],[-166.83580,66.04181],[-167.13023,65.93659],[-167.23204,65.91791]]],[[[-166.80052,66.0515],[-166.32221,66.19285],[-166.18708,66.21027],[-166.46886,66.14590],[-166.80052,66.0515]]],[[[-165.81464,66.32636],[-165.96446,66.26447],[-166.01036,66.25771],[-165.81464,66.32636]]],[[[-165.48969,66.40867],[-165.68053,66.35932],[-165.70457,66.36172],[-165.69086,66.37075],[-165.48969,66.40867]]],[[[-165.32085,66.44058],[-164.76333,66.54645],[-164.74596,66.54092],[-165.12372,66.47793],[-165.32085,66.44058]]],[[[-176.34087,67.69590],[-176.20579,67.64515],[-175.68178,67.58957],[-176.01196,67.72734],[-175.82402,67.81296],[-175.26552,67.65855],[-175.12677,67.49989],[-175.36688,67.35778],[-174.96894,67.42474],[-175.07982,67.48114],[-174.80610,67.36467],[-174.75643,67.30323],[-174.90760,67.03738],[-174.70002,66.91652],[-174.68782,66.73241],[-174.97133,66.66541],[-174.43566,66.53154],[-174.4635,66.27974],[-174.01590,66.47217],[-173.99931,66.21925],[-173.69113,66.43909],[-174.26395,66.56587],[-173.93055,66.66762],[-174.02621,66.96111],[-174.612,67.06141],[-173.64646,67.11561],[-173.07126,67.04423],[-173.27215,67.05195],[-173.14337,66.99964],[-173.29495,66.98132],[-173.30254,66.82210],[-173.08657,66.84674],[-173.22647,66.91093],[-173.07396,66.99307],[-172.36248,66.93321],[-172.98634,67.03917],[-171.71851,66.95077],[-171.35340,66.77185],[-171.36335,66.67482],[-170.38519,66.31653],[-170.62568,66.23480],[-170.27425,66.29040],[-170.10620,66.19304],[-170.33836,66.18577],[-169.64138,66.06832],[-170.60631,65.86131],[-170.48877,65.67075],[-170.58816,65.60456],[-171.46326,65.83259],[-170.98181,65.59205],[-171.03865,65.46698],[-172.03420,65.47443],[-171.74361,65.49966],[-172.26008,65.54523],[-172.29048,65.66617],[-172.85960,65.69985],[-172.38972,65.58181],[-172.38860,65.43223],[-172.09340,65.48357],[-172.18853,65.24245],[-172.70197,65.24762],[-172.20153,65.21687],[-172.22675,65.09975],[-172.08009,65.07590],[-173.16411,64.76460],[-172.80573,64.80337],[-172.75530,64.73346],[-173.04287,64.65968],[-172.84463,64.64887],[-172.96719,64.56113],[-172.46507,64.55841],[-172.22024,64.40733],[-172.59007,64.37042],[-172.88334,64.49471],[-173.01305,64.46157],[-172.78832,64.43786],[-172.82217,64.32036],[-173.10626,64.24098],[-173.36825,64.28547],[-173.26366,64.44599],[-173.41454,64.61664],[-173.38517,64.39504],[-173.63543,64.33223],[-174.65229,64.72532],[-174.65322,64.89790],[-175.41145,64.77126],[-175.36835,64.84650],[-175.86473,64.99921],[-175.73504,65.14684],[-176.04405,65.45209],[-176.97655,65.60805],[-177.41592,65.44074],[-178.46110,65.47274],[-178.42423,65.71287],[-178.62821,65.7295],[-178.97838,66.04926],[-178.68425,66.01257],[-178.49567,66.14012],[-178.47712,66.38276],[-178.78513,66.16724],[-179.11766,66.24266],[-179.16429,66.41437],[-179.17145,66.28945],[-179.42402,66.34406],[-179.25195,66.14517],[-179.69298,66.18390],[-179.82872,65.94684],[-179.76667,65.81981],[-179.26051,65.53217],[-179.66309,65.14126],[-180.0,65.06622],[-180.0,68.98237],[-179.48578,68.95132],[-179.31953,68.81195],[-178.84481,68.75236],[-178.48493,68.59153],[-178.72461,68.67568],[-178.69992,68.54318],[-178.04181,68.42768],[-177.95051,68.33771],[-178.07367,68.25926],[-177.70470,68.34455],[-178.37507,68.55744],[-177.49225,68.29173],[-177.76557,68.26264],[-177.63471,68.19529],[-177.33808,68.24457],[-176.56453,68.01031],[-176.78933,67.97861],[-176.53937,67.89509],[-176.20879,67.90177],[-176.53331,68.00296],[-175.92072,67.85102],[-176.34087,67.69590]]],[[[-163.17625,69.48224],[-163.17162,69.65778],[-163.12909,69.68154],[-163.16791,69.63849],[-163.17625,69.48224]]],[[[-162.84113,69.93476],[-163.01179,69.83234],[-163.12909,69.70197],[-163.03014,69.83291],[-162.84113,69.93476]]],[[[-162.80634,69.94839],[-162.72813,69.99860],[-162.55646,70.09027],[-162.80634,69.94839]]],[[[-162.34373,70.22020],[-162.16270,70.26992],[-162.55992,70.10602],[-162.34373,70.22020]]],[[[-161.83783,70.34341],[-161.97712,70.31216],[-161.88813,70.35394],[-161.55113,70.32599],[-161.83783,70.34341]]],[[[-177.93049,71.04144],[-179.34211,70.90802],[-180.0,70.99201],[-180.0,71.53668],[-178.39484,71.54071],[-177.44591,71.22264],[-177.93049,71.04144]]],[[[-175.79816,71.41205],[-175.58568,71.37986],[-175.57477,71.36416],[-175.62865,71.35175],[-175.79816,71.41205]]],[[[-144.28376,-27.57919],[-144.32363,-27.64120],[-144.34797,-27.58554],[-144.28376,-27.57919]]],[[[-149.52143,-23.36272],[-149.45649,-23.36533],[-149.46324,-23.39576],[-149.52143,-23.36272]]],[[[-151.39704,-22.44215],[-151.35590,-22.45663],[-151.37177,-22.51441],[-151.39704,-22.44215]]],[[[-157.88707,-21.92636],[-157.95287,-21.93230],[-157.92133,-21.88225],[-157.88707,-21.92636]]],[[[-159.73603,-21.23699],[-159.74323,-21.25432],[-159.77843,-21.18694],[-159.73603,-21.23699]]],[[[-157.32856,-20.17913],[-157.34935,-20.16074],[-157.31281,-20.15520],[-157.32856,-20.17913]]],[[[-158.12995,-20.00074],[-158.07831,-19.99423],[-158.08177,-20.01279],[-158.12995,-20.00074]]],[[[-149.58751,-17.73121],[-149.63276,-17.55339],[-149.38764,-17.51799],[-149.15644,-17.84628],[-149.58751,-17.73121]]],[[[-142.55817,-17.59921],[-142.57746,-17.62135],[-142.56517,-17.60165],[-142.63951,-17.53264],[-142.55817,-17.59921]]],[[[-149.84276,-17.56756],[-149.87763,-17.49195],[-149.78612,-17.46892],[-149.84276,-17.56756]]],[[[-151.35248,-16.85857],[-151.48810,-16.85637],[-151.47874,-16.73821],[-151.35248,-16.85857]]],[[[-150.98387,-16.80925],[-151.03461,-16.77703],[-150.98534,-16.76922],[-150.98387,-16.80925]]],[[[-151.52375,-16.58294],[-151.46324,-16.67408],[-151.54039,-16.63648],[-151.52375,-16.58294]]],[[[-151.74693,-16.52597],[-151.78042,-16.47812],[-151.76378,-16.47234],[-151.74693,-16.52597]]],[[[-143.87979,-16.46941],[-143.93423,-16.45029],[-143.86196,-16.46721],[-143.81761,-16.53964],[-143.87979,-16.46941]]],[[[-144.37311,-16.34042],[-144.42601,-16.33277],[-144.39614,-16.32447],[-144.37311,-16.34042]]],[[[-145.48228,-16.34783],[-145.57713,-16.16082],[-145.61388,-16.08025],[-145.48228,-16.34783]]],[[[-146.33885,-16.16277],[-146.38727,-16.10816],[-146.33771,-16.11337],[-146.33885,-16.16277]]],[[[-142.52965,-16.10816],[-142.50975,-16.05901],[-142.48127,-16.01881],[-142.52965,-16.10816]]],[[[-145.65758,-16.04257],[-145.61388,-16.05291],[-145.70885,-16.06047],[-145.65758,-16.04257]]],[[[-148.27171,-15.85320],[-148.22992,-15.84807],[-148.23871,-15.86394],[-148.27171,-15.85320]]],[[[-145.16075,-15.75807],[-145.06700,-15.85637],[-145.05772,-15.90211],[-145.16075,-15.75807]]],[[[-145.54963,-15.45208],[-145.43268,-15.48853],[-145.52391,-15.47047],[-145.54963,-15.45208]]],[[[-148.08906,-14.93678],[-148.05500,-14.95989],[-148.04576,-14.99773],[-148.17609,-14.92205],[-148.08906,-14.93678]]],[[[-145.22964,-14.62037],[-145.26040,-14.70232],[-145.26390,-14.69011],[-145.22964,-14.62037]]],[[[-144.88508,-14.40797],[-144.88329,-14.42742],[-144.95466,-14.46982],[-145.00308,-14.51116],[-144.95466,-14.46347],[-144.88805,-14.41814],[-145.00308,-14.44296],[-144.88508,-14.40797]]],[[[-145.86017,-14.34417],[-145.84658,-14.36712],[-145.91429,-14.34661],[-145.86017,-14.34417]]],[[[-151.80089,-11.46111],[-151.80772,-11.38591],[-151.78095,-11.45468],[-151.80089,-11.46111]]],[[[-155.87962,-5.60947],[-155.90644,-5.63534],[-155.93346,-5.60914],[-155.87962,-5.60947]]],[[[-155.01081,-4.06064],[-154.94029,-4.03199],[-154.95335,-4.09482],[-155.01081,-4.06064]]],[[[-157.35411,1.93183],[-157.50938,2.02460],[-157.31012,1.97309],[-157.34772,1.86078],[-157.17463,1.73379],[-157.58116,1.88031],[-157.35411,1.93183]]],[[[-159.41002,3.86204],[-159.37682,3.93329],[-159.24998,3.81977],[-159.30870,3.78465],[-159.35285,3.79914],[-159.41002,3.86204]]],[[[-156.06016,19.73122],[-155.83545,19.97570],[-155.86724,20.26313],[-155.16804,19.94682],[-154.82531,19.52748],[-155.50279,19.13768],[-155.67475,18.90611],[-155.87813,19.02907],[-156.06016,19.73122]]],[[[-156.66715,20.55771],[-156.54455,20.51321],[-156.70056,20.52542],[-156.66715,20.55771]]],[[[-156.68490,20.88188],[-156.64484,21.02118],[-156.00169,20.80044],[-156.04842,20.65088],[-156.32671,20.58717],[-156.68490,20.88188]]],[[[-156.80353,20.81256],[-156.96228,20.73238],[-157.05521,20.91137],[-156.80353,20.81256]]],[[[-157.30427,21.12824],[-157.25975,21.22188],[-156.70572,21.15654],[-157.30427,21.12824]]],[[[-158.09886,21.29539],[-158.27893,21.57526],[-157.96243,21.70501],[-157.64716,21.30643],[-157.99133,21.39107],[-158.09886,21.29539]]],[[[-160.05996,22.00056],[-160.07221,21.91083],[-160.23546,21.79282],[-160.05996,22.00056]]],[[[-159.60497,21.89170],[-159.78651,22.06603],[-159.39972,22.23549],[-159.29279,22.14643],[-159.35161,21.94545],[-159.60497,21.89170]]],[[[-159.58930,54.75967],[-159.52147,54.79222],[-159.51533,54.76874],[-159.58930,54.75967]]],[[[-159.29234,54.95172],[-159.20881,54.91852],[-159.33918,54.93455],[-159.29234,54.95172]]],[[[-159.46271,55.06427],[-159.34540,55.05068],[-159.33918,54.97553],[-159.46271,54.94818],[-159.46271,55.06427]]],[[[-159.88727,55.29706],[-159.94945,55.12889],[-160.23705,54.88857],[-160.09272,55.05068],[-160.19481,55.12152],[-160.01756,55.10529],[-160.06537,55.20148],[-159.88727,55.29706]]],[[[-159.53364,55.25104],[-159.48998,55.05805],[-159.65038,55.12637],[-159.53364,55.25104]]],[[[-160.33629,55.24868],[-160.53148,55.32501],[-160.34520,55.37108],[-160.33629,55.24868]]],[[[-160.06659,55.34471],[-160.03998,55.30707],[-160.10908,55.32575],[-160.06659,55.34471]]],[[[-160.34654,55.41746],[-160.17113,55.45376],[-160.14793,55.38642],[-160.25947,55.42230],[-160.34654,55.41746]]],[[[-159.31273,55.81122],[-159.30211,55.75922],[-159.35985,55.79816],[-159.31273,55.81122]]],[[[-155.57038,55.78302],[-155.74164,55.83148],[-155.55610,55.91461],[-155.57038,55.78302]]],[[[-158.70856,55.83148],[-158.88377,55.80524],[-158.82811,55.89671],[-158.70856,55.83148]]],[[[-156.68004,56.01666],[-156.69493,56.00934],[-156.70128,56.06614],[-156.68004,56.01666]]],[[[-156.79206,56.15302],[-156.80931,56.19013],[-156.76655,56.16767],[-156.79206,56.15302]]],[[[-157.83332,56.31366],[-157.89838,56.33905],[-157.85655,56.36212],[-157.83332,56.31366]]],[[[-154.79124,56.43085],[-154.53632,56.59760],[-154.39850,56.55829],[-154.51671,56.59015],[-154.79124,56.43085]]],[[[-154.13780,56.51048],[-154.02045,56.55548],[-153.87714,56.56513],[-153.96568,56.50462],[-154.13780,56.51048]]],[[[-156.97826,56.53652],[-157.33124,56.52415],[-157.09858,56.59398],[-156.97826,56.53652]]],[[[-154.33381,56.51959],[-154.10301,56.61318],[-154.04906,56.55829],[-154.33381,56.51959]]],[[[-152.88451,57.14997],[-153.27216,56.99852],[-153.41161,57.07904],[-153.24437,57.21100],[-152.88451,57.14997]]],[[[-154.60151,57.25893],[-154.81000,57.34658],[-154.22032,57.67552],[-154.01862,57.64720],[-153.97333,57.57249],[-154.11046,57.54458],[-153.93549,57.53498],[-153.89073,57.40802],[-153.74730,57.30341],[-153.63068,57.27090],[-153.85081,57.57729],[-153.67845,57.54458],[-153.88459,57.64826],[-153.58458,57.61709],[-153.92463,57.81049],[-153.66547,57.89468],[-153.50719,57.62714],[-153.49913,57.76089],[-153.32127,57.73090],[-153.44916,57.84686],[-153.17882,57.70966],[-153.19867,57.85712],[-153.24030,57.90208],[-153.04845,57.83319],[-153.28425,58.01044],[-152.80829,57.90827],[-152.89081,57.87417],[-152.88556,57.72870],[-152.62458,57.93284],[-152.32909,57.82575],[-152.55113,57.70331],[-152.14708,57.62262],[-152.42573,57.43744],[-152.97337,57.51789],[-153.04169,57.42853],[-152.59601,57.37392],[-152.83747,57.27073],[-153.17475,57.35138],[-152.95909,57.25714],[-153.54186,57.17584],[-153.49815,57.07428],[-153.76105,57.05174],[-153.55976,56.98651],[-153.98725,56.74384],[-154.14952,56.75092],[-153.73993,57.13369],[-154.09955,56.96483],[-153.95966,57.12006],[-154.24083,57.15477],[-154.49494,57.11359],[-154.10370,57.11383],[-154.30492,56.85578],[-154.52855,56.99164],[-154.60151,57.25893]]],[[[-153.84357,57.43622],[-153.88780,57.50897],[-153.82929,57.45107],[-153.84357,57.43622]]],[[[-153.52826,57.95319],[-153.32665,57.92658],[-153.21235,57.81269],[-153.39692,57.86383],[-153.52826,57.95319]]],[[[-152.36937,57.88642],[-152.43232,57.96918],[-152.32538,57.91600],[-152.36937,57.88642]]],[[[-152.74437,57.98383],[-152.72919,57.97386],[-152.78595,57.92552],[-152.74437,57.98383]]],[[[-153.41836,58.06598],[-153.04759,58.03705],[-152.89081,57.99770],[-153.41836,58.06598]]],[[[-151.88866,58.17886],[-151.86607,58.25775],[-151.81505,58.19611],[-151.88866,58.17886]]],[[[-152.27387,58.13483],[-152.54820,58.08641],[-152.57665,58.20669],[-152.80492,57.99152],[-153.22960,58.16889],[-152.9051,58.16840],[-153.10993,58.27138],[-152.76732,58.25775],[-152.76048,58.36017],[-152.88337,58.40859],[-152.63292,58.48460],[-152.41966,58.32294],[-152.11681,58.40110],[-152.14354,58.23383],[-151.98705,58.34837],[-152.05748,58.17352],[-152.27656,58.26422],[-152.37006,58.20311],[-152.27387,58.13483]]],[[[-152.90623,58.34219],[-152.78241,58.28864],[-152.93061,58.32855],[-152.90623,58.34219]]],[[[-152.41108,58.63153],[-152.36327,58.55194],[-152.50202,58.47345],[-152.66429,58.54637],[-152.41108,58.63153]]],[[[-160.31626,58.68348],[-160.24815,58.67178],[-160.26804,58.63814],[-160.31626,58.68348]]],[[[-160.43309,58.68463],[-160.40599,58.75128],[-160.38422,58.71076],[-160.43309,58.68463]]],[[[-152.06248,58.94277],[-152.01313,58.93984],[-152.07465,58.91429],[-152.06248,58.94277]]],[[[-152.24970,58.92251],[-152.36327,58.91571],[-152.32909,58.97089],[-152.16401,58.94302],[-152.24970,58.92251]]],[[[-151.64372,59.11574],[-151.69983,59.09793],[-151.72158,59.12189],[-151.64372,59.11574]]],[[[-151.43356,59.13529],[-151.45955,59.10901],[-151.50850,59.12856],[-151.43356,59.13529]]],[[[-151.78878,59.15305],[-151.89319,59.14436],[-151.81682,59.17066],[-151.78878,59.15305]]],[[[-150.77985,59.33405],[-150.60859,59.38117],[-150.76183,59.31679],[-150.77985,59.33405]]],[[[-153.49889,59.32542],[-153.55561,59.35761],[-153.46345,59.40851],[-153.35741,59.37811],[-153.49889,59.32542]]],[[[-150.41051,59.44627],[-150.29462,59.46458],[-150.44347,59.40228],[-150.41051,59.44627]]],[[[-144.44200,59.93732],[-144.20860,60.01178],[-144.40371,59.92719],[-144.57884,59.81777],[-144.44200,59.93732]]],[[[-148.22325,59.99136],[-148.14484,59.97239],[-147.99046,60.03949],[-148.14216,59.94672],[-148.24498,59.94354],[-148.22325,59.99136]]],[[[-147.89175,60.06903],[-147.89517,59.99042],[-148.04637,59.95709],[-147.89175,60.06903]]],[[[-148.08055,60.07819],[-147.88125,60.10736],[-148.14130,60.01178],[-148.08055,60.07819]]],[[[-147.49234,59.86180],[-147.91539,59.79267],[-147.20116,60.24217],[-147.18960,60.36220],[-146.92227,60.31346],[-147.49234,59.86180]]],[[[-148.28595,60.09438],[-148.04096,60.18659],[-148.16881,60.03774],[-148.31383,60.03229],[-148.18976,60.08755],[-148.28595,60.09438]]],[[[-152.63813,60.16730],[-152.58617,60.17206],[-152.58014,60.10724],[-152.63813,60.16730]]],[[[-147.34341,60.29873],[-147.49181,60.22882],[-147.36042,60.30072],[-147.34341,60.29873]]],[[[-147.97744,60.37555],[-148.04222,60.28656],[-148.13512,60.29979],[-148.07563,60.36937],[-147.97744,60.37555]]],[[[-147.62535,60.38959],[-147.79869,60.17011],[-147.90855,60.29295],[-147.70816,60.50678],[-147.61436,60.43695],[-147.73721,60.39598],[-147.62535,60.38959]]],[[[-145.28429,60.34137],[-145.09508,60.41632],[-145.12328,60.31175],[-145.28429,60.34137]]],[[[-146.49030,60.36127],[-146.72264,60.38621],[-146.58812,60.48403],[-146.07876,60.40216],[-146.60016,60.24518],[-146.68203,60.2862],[-146.49030,60.36127]]],[[[-152.07282,60.34975],[-151.95319,60.50849],[-151.85615,60.48541],[-151.96601,60.37555],[-152.07282,60.34975]]],[[[-145.74982,60.62132],[-145.77310,60.58295],[-146.33263,60.46491],[-145.74982,60.62132]]],[[[-147.49767,60.65668],[-147.31273,60.68402],[-147.33971,60.64557],[-147.49767,60.65668]]],[[[-147.92223,60.68402],[-148.01219,60.72500],[-147.84707,60.69399],[-147.92223,60.68402]]],[[[-148.23009,60.72972],[-148.15868,60.76471],[-148.14049,60.64866],[-148.23009,60.72972]]],[[[-146.70406,60.83948],[-146.79680,60.80593],[-146.76162,60.87925],[-146.70406,60.83948]]],[[[-147.9405,60.88581],[-147.91539,60.81313],[-148.12714,60.80060],[-147.9405,60.88581]]],[[[-147.31891,60.87726],[-147.07665,60.88690],[-147.13963,60.85561],[-147.31891,60.87726]]],[[[-150.18451,61.17426],[-150.22752,61.12718],[-150.27643,61.12738],[-150.18451,61.17426]]],[[[-146.09308,60.84101],[-146.62828,60.82729],[-146.75328,60.95502],[-146.27798,61.12274],[-146.60944,61.13076],[-146.97671,60.94578],[-147.28791,61.00702],[-147.36461,60.89126],[-147.42259,61.01235],[-147.54206,60.91331],[-147.56114,61.15591],[-147.66527,61.01459],[-147.59902,60.86908],[-147.70311,60.95087],[-147.87018,60.83771],[-147.9381,60.90875],[-148.05040,60.95014],[-147.73045,61.27985],[-148.04942,61.02659],[-148.14594,61.11790],[-148.40949,61.06012],[-148.14875,61.06012],[-148.33311,60.97138],[-148.33287,60.81940],[-148.52342,60.84039],[-148.70368,60.79267],[-148.44981,60.80011],[-148.61119,60.76288],[-148.66747,60.67450],[-148.37470,60.77960],[-148.42992,60.62873],[-148.23070,60.77277],[-148.25495,60.71857],[-148.19660,60.62873],[-148.48847,60.58222],[-148.68989,60.45722],[-148.47020,60.54621],[-148.23753,60.45746],[-148.08360,60.60488],[-147.93590,60.46116],[-148.39085,60.27741],[-148.44298,60.18374],[-148.10033,60.22093],[-148.33311,60.17011],[-148.43537,59.95929],[-149.10688,59.96898],[-149.10309,60.05809],[-149.28587,59.87466],[-149.40868,60.12372],[-149.38890,59.99750],[-149.62787,59.82831],[-149.52672,59.71759],[-149.63593,59.74494],[-149.72472,59.96405],[-149.86811,59.84796],[-149.74608,59.66718],[-150.03168,59.79926],[-149.91649,59.71759],[-150.01268,59.62824],[-150.11925,59.70034],[-150.08783,59.59467],[-150.34797,59.46995],[-150.22435,59.71539],[-150.47948,59.46735],[-150.49250,59.60089],[-150.65697,59.55247],[-150.60932,59.43866],[-150.91767,59.32656],[-150.95860,59.20368],[-151.24347,59.31842],[-151.09723,59.23261],[-151.89313,59.22064],[-151.98668,59.29279],[-151.81517,59.35390],[-151.89403,59.41282],[-151.38219,59.44477],[-151.44147,59.53221],[-150.99278,59.77903],[-151.41051,59.60773],[-151.87177,59.74945],[-151.30597,60.38694],[-151.39692,60.73802],[-150.38703,61.04726],[-150.22529,60.93724],[-149.02582,60.85468],[-150.06733,61.15574],[-149.24555,61.49896],[-149.75739,61.45335],[-149.98375,61.24632],[-150.49962,61.26166],[-150.5631,61.36542],[-151.74693,60.91681],[-151.71137,60.72573],[-152.05138,60.67316],[-152.41596,60.29775],[-152.61616,60.22427],[-152.90558,60.30853],[-153.08263,60.29979],[-152.57860,60.07013],[-152.73790,59.90839],[-153.28807,59.82001],[-153.01386,59.83234],[-153.05528,59.71015],[-153.42524,59.64935],[-153.32221,59.71759],[-153.45258,59.79267],[-153.49071,59.65009],[-153.70641,59.63198],[-153.58641,59.56745],[-153.87714,59.54629],[-153.75145,59.44025],[-154.14525,59.38117],[-153.95344,59.36131],[-154.24767,59.16889],[-154.18732,59.03498],[-153.71153,59.07074],[-153.25947,58.86888],[-154.11046,58.47748],[-154.00023,58.38556],[-154.36436,58.28510],[-154.12132,58.27973],[-154.30231,58.19627],[-154.24677,58.12641],[-154.49408,58.20311],[-154.56627,58.03351],[-155.02314,58.02558],[-155.06867,57.89736],[-155.33698,57.83319],[-155.31029,57.74042],[-155.60509,57.79222],[-155.74164,57.55206],[-156.02045,57.57680],[-156.06065,57.43024],[-156.54462,57.32269],[-156.33995,57.28530],[-156.44737,57.22992],[-156.37592,57.14325],[-156.64537,57.05858],[-156.54979,56.98285],[-156.78477,57.04914],[-156.80943,56.90668],[-156.96129,56.97663],[-157.18940,56.77627],[-157.41966,56.86737],[-157.40632,56.76373],[-157.60558,56.72215],[-157.48265,56.62034],[-157.77289,56.68439],[-158.13316,56.53034],[-157.86896,56.56903],[-157.87714,56.47821],[-158.41572,56.44647],[-158.64643,56.27065],[-158.47297,56.34276],[-158.20824,56.28392],[-158.41437,56.20205],[-158.11949,56.23615],[-158.40965,56.18081],[-158.50324,56.10163],[-158.42756,56.00653],[-158.60468,56.05231],[-158.47923,56.19147],[-158.63963,56.20205],[-158.68293,55.95840],[-158.85944,56.01292],[-159.42170,55.79047],[-159.54499,55.88963],[-159.62653,55.57827],[-159.75690,55.5987],[-159.61701,55.63519],[-159.70970,55.66762],[-159.62523,55.81269],[-159.84577,55.85122],[-160.16405,55.65713],[-160.44212,55.64655],[-160.36640,55.60553],[-160.49518,55.48615],[-160.61347,55.60553],[-160.76813,55.54539],[-160.68342,55.46466],[-160.92455,55.51911],[-161.27916,55.35488],[-161.51842,55.38336],[-161.38874,55.57217],[-161.14488,55.53498],[-161.62079,55.61298],[-161.90241,55.21784],[-162.04601,55.23558],[-162.00129,55.09320],[-162.10126,55.16791],[-162.20209,55.03986],[-162.44933,55.04026],[-162.51740,55.11469],[-162.36070,55.10529],[-162.64533,55.30003],[-162.71833,55.21792],[-162.55992,54.96124],[-162.64948,55.05296],[-162.87763,54.93895],[-163.18305,55.13914],[-163.20551,55.01898],[-163.04987,54.94184],[-163.34137,54.81110],[-163.24596,54.96995],[-163.33454,55.11953],[-162.49714,55.37396],[-162.62140,55.40692],[-161.79999,55.88971],[-161.15534,56.01703],[-161.36754,55.95563],[-160.87413,55.99315],[-161.02338,55.89077],[-160.68956,55.69790],[-160.79157,55.88670],[-160.24352,55.77684],[-160.57990,55.98973],[-160.18871,56.38690],[-158.88923,56.88959],[-159.02489,56.79657],[-158.63963,56.76373],[-158.68211,57.02204],[-158.31244,57.31488],[-157.75776,57.56427],[-157.65672,57.48358],[-157.41380,57.48993],[-157.59540,57.49323],[-157.70991,57.65253],[-157.60554,58.10521],[-157.13947,58.16840],[-157.48265,58.23041],[-157.56208,58.36367],[-156.94086,58.73753],[-157.07799,58.75739],[-156.78319,59.15521],[-157.08446,58.88666],[-158.20335,58.61298],[-158.55772,58.80646],[-158.49750,58.99396],[-158.1728,59.01300],[-158.03014,58.87905],[-157.99535,58.90827],[-158.14024,59.0362],[-158.54405,59.17576],[-158.46214,59.05280],[-158.72948,58.87360],[-158.74640,58.99481],[-158.82526,58.97711],[-158.78795,58.76976],[-158.91462,58.77537],[-158.70868,58.49225],[-158.88173,58.39962],[-159.66091,58.83944],[-159.61748,58.93132],[-159.90613,58.76540],[-160.32893,58.94142],[-160.25511,58.99030],[-160.35216,59.07065],[-160.83372,58.81254],[-161.30614,58.81264],[-161.30128,58.68181],[-161.70750,58.56118],[-162.17605,58.64492],[-161.67739,58.77352],[-161.77473,58.77050],[-161.85582,59.03375],[-161.56916,59.11505],[-161.97411,59.13141],[-162.04291,59.24835],[-162.05150,59.27016],[-162.03868,59.28937],[-161.71393,59.50137],[-162.20982,60.02545],[-162.20356,60.15330],[-162.25141,60.20141],[-162.16156,60.21636],[-162.14903,60.24518],[-162.29023,60.24249],[-162.22872,60.14558],[-162.31724,60.11306],[-162.45858,60.29508],[-162.22411,60.58783],[-161.88154,60.70392],[-162.18317,60.73114],[-162.12336,60.65892],[-162.27631,60.61294],[-162.41596,60.38239],[-162.70331,60.26569],[-162.45026,60.19106],[-162.52582,59.99750],[-163.31647,59.83026],[-164.09833,59.83368],[-164.21227,59.95498],[-164.11473,60.00495],[-164.41266,60.09178],[-164.64915,60.33393],[-165.14325,60.45062],[-164.98558,60.54682],[-165.43122,60.55304],[-164.99921,60.71137],[-164.87494,60.84878],[-164.93744,60.93646],[-164.83478,60.86835],[-164.63951,60.91331],[-164.66913,60.82575],[-164.27082,60.78790],[-164.21837,60.69017],[-164.42035,60.55426],[-163.95563,60.77985],[-163.68647,60.58974],[-163.40900,60.75234],[-163.93040,60.85468],[-163.56358,60.91331],[-163.70409,60.99966],[-164.00706,60.86220],[-164.56444,60.85468],[-164.62804,60.93231],[-165.17076,60.94159],[-164.76646,61.10858],[-165.05870,61.06289],[-165.19102,61.13646],[-165.12950,61.15664],[-165.06065,61.21845],[-165.14325,61.25942],[-165.15685,61.15574],[-165.36274,61.21279],[-165.21271,61.26520],[-165.15876,61.41864],[-165.07624,61.41937],[-164.96772,61.48956],[-164.84154,61.49896],[-164.72407,61.62555],[-165.08576,61.47626],[-165.29405,61.33445],[-165.22577,61.27309],[-165.39024,61.22459],[-165.37372,61.07160],[-165.60509,61.12449],[-165.60997,61.28729],[-165.87678,61.33657],[-165.77696,61.51581],[-166.19994,61.59455],[-166.14439,61.72553],[-166.11644,61.63613],[-165.76642,61.69082],[-166.10277,61.82111],[-165.58824,61.86212],[-165.75035,61.98444],[-165.70555,62.11660],[-165.13304,62.51569],[-164.58189,62.42617],[-164.85798,62.56362],[-164.47907,62.74591],[-164.81322,62.62018],[-164.89000,62.78693],[-164.76646,62.80121],[-164.88316,62.84153],[-164.69074,63.02708],[-164.31395,63.01410],[-164.59516,63.13011],[-164.42353,63.20897],[-163.99457,63.25625],[-163.54181,63.12881],[-163.79194,63.02191],[-163.80687,62.98615],[-163.52855,63.11668],[-163.09398,63.05735],[-162.30943,63.54657],[-162.01805,63.48582],[-162.16889,63.43122],[-161.05650,63.57440],[-160.76695,63.82412],[-160.97345,64.25047],[-161.18883,64.41811],[-161.53888,64.39765],[-161.41393,64.53754],[-161.03502,64.50775],[-160.79157,64.72589],[-161.15534,64.92519],[-161.08576,64.91299],[-160.99083,64.93943],[-161.02013,64.94721],[-161.21056,64.93260],[-161.54576,64.75088],[-161.73359,64.82074],[-161.80638,64.82274],[-161.71642,64.79486],[-162.51122,64.55866],[-162.78132,64.34369],[-162.82746,64.50063],[-163.14899,64.65827],[-163.38976,64.59686],[-163.03974,64.52114],[-163.16588,64.41059],[-163.67853,64.58633],[-165.03551,64.44831],[-166.18968,64.58519],[-166.48346,64.72964],[-166.39020,64.89850],[-166.68452,64.98218],[-166.95738,65.17812],[-166.88023,65.28205],[-166.93207,65.16885],[-166.71263,65.11294],[-166.37128,65.27252],[-166.03118,65.24310],[-167.39855,65.40108],[-168.13744,65.66502],[-167.53123,65.72614],[-167.56102,65.80890],[-167.34593,65.89858],[-167.05988,65.87763],[-166.31090,66.17536],[-165.50011,66.15228],[-165.88996,66.24103],[-164.27436,66.60228],[-163.73631,66.60346],[-163.62873,66.57001],[-163.93012,66.58576],[-163.7624,66.52582],[-163.85468,66.28945],[-164.19111,66.19330],[-163.68049,66.07859],[-162.75853,66.11131],[-162.67686,66.00653],[-162.17943,66.07591],[-161.85822,65.97728],[-161.50593,66.27887],[-161.08641,66.24103],[-161.16254,66.11859],[-161.01752,66.19330],[-161.13573,66.34316],[-161.51069,66.40766],[-161.87470,66.37763],[-161.89631,66.27045],[-161.88837,66.5244],[-162.62531,66.86147],[-162.48481,66.96039],[-162.30663,66.95294],[-162.01683,66.78095],[-162.06598,66.65306],[-161.63377,66.45799],[-161.20421,66.53864],[-160.76537,66.37042],[-160.22850,66.41205],[-160.27497,66.65460],[-161.13605,66.65192],[-161.49543,66.53668],[-161.90196,66.73509],[-161.73066,66.95355],[-161.52521,66.99144],[-162.45689,66.99457],[-162.33783,67.14508],[-162.36009,67.16742],[-162.58043,67.01504],[-163.72496,67.11127],[-163.82396,67.35456],[-164.15147,67.61961],[-166.29662,68.29962],[-166.82905,68.35138],[-166.31513,68.40599],[-166.22260,68.88581],[-164.34642,68.92938],[-163.62254,69.11920],[-163.12580,69.38996],[-163.14899,69.60578],[-162.93842,69.71124],[-163.01874,69.74583],[-161.90571,70.32062],[-161.70335,70.26373],[-162.12169,70.15387],[-160.9499,70.29043],[-159.94709,70.59723],[-160.20189,70.47663],[-159.92198,70.48965],[-160.13365,70.32514],[-159.94847,70.37042],[-159.77118,70.19546],[-159.88727,70.38719],[-159.82579,70.49705],[-159.70970,70.46979],[-159.29137,70.53807],[-159.71593,70.49705],[-159.94786,70.63642],[-160.12743,70.62620],[-159.66816,70.80499],[-159.161,70.88690],[-159.44904,70.77704],[-159.22248,70.68891],[-159.27904,70.76471],[-158.98973,70.77704],[-159.06041,70.81655],[-157.86493,70.86644],[-156.47150,71.41250],[-156.37165,71.38031],[-156.60444,71.35366],[-155.57343,71.15037],[-156.18732,70.92169],[-155.98127,70.89435],[-155.97809,70.75967],[-155.19172,70.99506],[-155.28917,71.08612],[-155.08967,71.15493],[-155.09740,71.01727],[-154.97166,71.12006],[-154.60016,71.01288],[-154.81000,70.88068],[-154.23033,70.77838],[-153.25568,70.93276],[-152.32750,70.85687],[-152.21922,70.81244],[-152.50914,70.66388],[-152.07526,70.57904],[-152.63011,70.55853],[-151.76036,70.56671],[-151.97968,70.44871],[-151.22227,70.37571],[-150.79352,70.50332],[-150.37938,70.49701],[-150.41673,70.41453],[-149.48851,70.52301],[-147.67959,70.21222],[-145.88019,70.17495],[-145.27489,69.99306],[-142.87954,70.07404],[-141.51009,69.71231],[-141.50121,69.70880],[-141.48412,69.69757],[-141.44033,69.66107],[-141.41291,69.65037],[-141.29108,69.63401],[-141.26724,69.64451],[-141.24624,69.66095],[-141.22061,69.67405],[-141.24803,69.68089],[-141.26793,69.68211],[-141.29149,69.68585],[-141.31623,69.68773],[-141.31623,69.69452],[-141.01520,69.65420],[-141.01099,69.65279],[-141.01284,69.63015],[-141.01807,69.50287],[-141.01593,69.28748],[-141.01596,69.17221],[-141.01426,69.03686],[-141.01341,68.85530],[-141.01317,68.01710],[-141.01414,67.86276],[-141.00893,67.26573],[-141.00486,67.05968],[-141.00294,66.85796],[-141.00527,66.51476],[-141.00427,66.34195],[-141.00820,65.75212],[-141.00718,65.56886],[-141.00690,65.29373],[-141.00787,65.09119],[-141.00161,64.85535],[-140.99870,64.68224],[-141.00444,64.48119],[-141.00322,64.20342],[-141.00357,63.32149],[-140.99978,63.00000],[-141.00054,62.87404],[-141.00135,62.87347],[-141.00055,62.87324],[-141.00110,62.78098],[-140.99893,62.57041],[-141.00107,62.08197],[-140.99795,61.21901],[-140.99720,60.77401],[-140.99797,60.30804],[-140.51708,60.22016],[-140.44797,60.30796],[-139.97167,60.18388],[-139.68006,60.33572],[-139.05206,60.35372],[-139.04851,60.32589],[-139.17701,60.08285],[-139.05679,60.00004],[-139.05220,60.00004],[-139.04213,59.99156],[-138.79082,59.92299],[-138.70578,59.90623],[-138.65629,59.79922],[-138.62625,59.77045],[-138.60542,59.75769],[-138.41915,59.66413],[-138.31585,59.61101],[-138.10278,59.50006],[-137.87804,59.38144],[-137.60206,59.24072],[-137.49931,58.98313],[-137.52672,58.90659],[-137.44656,58.90866],[-137.28840,58.99948],[-137.23664,59.01143],[-137.09774,59.05652],[-136.99963,59.09136],[-136.82467,59.15980],[-136.58199,59.16554],[-136.48876,59.25801],[-136.49512,59.27512],[-136.46749,59.28456],[-136.47624,59.46419],[-136.39773,59.44717],[-136.36047,59.45091],[-136.33148,59.45599],[-136.30143,59.46583],[-136.23628,59.52671],[-136.24140,59.55910],[-136.35571,59.60067],[-136.19525,59.63881],[-135.94568,59.66362],[-135.64524,59.75121],[-135.47900,59.79861],[-135.37702,59.74292],[-135.23470,59.69594],[-135.22181,59.66414],[-135.15445,59.62647],[-135.11754,59.62338],[-135.02770,59.56391],[-135.02798,59.47630],[-135.06834,59.45499],[-135.09752,59.42700],[-134.98924,59.38787],[-135.03020,59.34835],[-134.95893,59.28108],[-134.69929,59.24838],[-134.67794,59.19280],[-134.56979,59.13350],[-134.48478,59.13338],[-134.44491,59.08647],[-134.38537,59.04139],[-134.40760,58.97844],[-134.31227,58.96139],[-134.33738,58.92033],[-134.25643,58.85907],[-134.00258,58.77409],[-133.84133,58.73014],[-133.69947,58.60911],[-133.50418,58.49637],[-133.38179,58.43255],[-133.46127,58.38987],[-133.35407,58.28339],[-133.17239,58.15164],[-133.06954,58.00005],[-132.98899,57.94297],[-132.96181,57.92069],[-132.91796,57.87948],[-132.86806,57.84458],[-132.82291,57.78756],[-132.80247,57.75830],[-132.75944,57.70752],[-132.71945,57.66909],[-132.68674,57.64296],[-132.62503,57.57490],[-132.57602,57.52567],[-132.56357,57.50682],[-132.51444,57.46452],[-132.47832,57.43785],[-132.42428,57.39224],[-132.36958,57.35142],[-132.33067,57.30631],[-132.24462,57.21201],[-132.36930,57.09142],[-132.04592,57.04404],[-132.12114,56.86690],[-131.87075,56.80624],[-131.90183,56.75436],[-131.85745,56.70177],[-131.83363,56.59877],[-131.58175,56.61237],[-131.54267,56.58958],[-131.46738,56.55107],[-131.33147,56.50582],[-131.20209,56.45832],[-131.16415,56.44728],[-131.08720,56.40635],[-130.78120,56.36810],[-130.75687,56.34911],[-130.72657,56.33219],[-130.67553,56.29796],[-130.65623,56.28339],[-130.63345,56.27156],[-130.58551,56.25544],[-130.56384,56.25178],[-130.56356,56.25005],[-130.55355,56.25004],[-130.53405,56.24674],[-130.49808,56.24249],[-130.46511,56.24147],[-130.41972,56.13887],[-130.39240,56.13453],[-130.33154,56.12259],[-130.31507,56.11608],[-130.24124,56.09580],[-130.10370,56.12202],[-130.00213,56.00661],[-130.02040,55.91007],[-130.01851,55.91023],[-130.02281,55.90135],[-130.04938,55.87140],[-130.10472,55.82526],[-130.13662,55.80646],[-130.14883,55.79535],[-130.17080,55.75983],[-130.17365,55.74949],[-130.17357,55.74704],[-130.17080,55.74095],[-130.16380,55.73456],[-130.16006,55.72711],[-130.16738,55.71539],[-130.16372,55.71027],[-130.17167,55.70478],[-130.15733,55.69941],[-130.14802,55.69370],[-130.14289,55.68952],[-130.13182,55.67658],[-130.12645,55.65399],[-130.12857,55.63642],[-130.13431,55.62126],[-130.13694,55.61927],[-130.13653,55.61645],[-130.15314,55.58511],[-130.14867,55.57819],[-130.14688,55.56932],[-130.14696,55.54718],[-130.11217,55.50934],[-130.11174,55.50006],[-130.10871,55.50006],[-130.10167,55.48114],[-130.09508,55.47211],[-130.06541,55.44611],[-130.05752,55.43488],[-130.05256,55.41400],[-130.05431,55.36664],[-130.05012,55.34544],[-130.03929,55.33075],[-129.98924,55.28400],[-130.03123,55.26435],[-130.05003,55.25287],[-130.06749,55.239],[-130.07823,55.23379],[-130.10049,55.23029],[-130.10472,55.22565],[-130.10570,55.21112],[-130.10912,55.20075],[-130.11579,55.19159],[-130.12645,55.18097],[-130.15196,55.16327],[-130.15998,55.15371],[-130.16759,55.12958],[-130.17369,55.11774],[-130.20026,55.10415],[-130.21178,55.08413],[-130.22887,55.04385],[-130.23867,55.03441],[-130.26134,55.02289],[-130.26984,55.01654],[-130.27570,55.00698],[-130.28636,54.98322],[-130.29434,54.97186],[-130.32656,54.95209],[-130.33556,54.93870],[-130.36503,54.90766],[-130.38524,54.89655],[-130.43081,54.88125],[-130.48875,54.84418],[-130.58031,54.80638],[-130.60460,54.80215],[-130.60252,54.81452],[-130.56843,54.84149],[-130.56094,54.85138],[-130.56720,54.85439],[-130.57827,54.85358],[-130.58511,54.85199],[-130.60651,54.83860],[-130.67145,54.77204],[-130.68077,54.76544],[-130.69127,54.76264],[-130.70372,54.76544],[-130.71841,54.77301],[-130.72887,54.78412],[-130.72850,54.79743],[-130.71328,54.80377],[-130.69078,54.80678],[-130.67784,54.81452],[-130.69127,54.83494],[-130.70514,54.85049],[-130.71581,54.86823],[-130.72354,54.88739],[-130.72850,54.90729],[-130.72883,54.91718],[-130.72687,54.93878],[-130.72850,54.94818],[-130.73412,54.95673],[-130.74356,54.96629],[-130.75251,54.96938],[-130.75645,54.95783],[-130.75438,54.89276],[-130.75023,54.87250],[-130.73875,54.85394],[-130.73403,54.84308],[-130.73595,54.83152],[-130.74518,54.82172],[-130.75609,54.81952],[-130.76720,54.82339],[-130.77692,54.83152],[-130.78888,54.80394],[-130.80663,54.77875],[-130.83189,54.76536],[-130.86632,54.77317],[-130.91832,54.80292],[-130.93423,54.82444],[-130.92780,54.85199],[-130.93199,54.85342],[-130.94200,54.85887],[-130.93342,54.88019],[-130.94176,54.89533],[-130.95519,54.90936],[-130.96190,54.92772],[-130.94123,54.92536],[-130.93268,54.94017],[-130.93968,54.95893],[-130.96532,54.96808],[-130.97402,54.98175],[-130.98224,54.99111],[-130.99290,54.99542],[-131.00938,54.99827],[-131.00967,55.00535],[-130.99665,55.02338],[-130.98696,55.04352],[-130.97101,55.06122],[-130.94969,55.07379],[-130.90123,55.08344],[-130.85415,55.10309],[-130.83214,55.10529],[-130.82115,55.10024],[-130.81737,55.09235],[-130.81566,55.08421],[-130.81110,55.07859],[-130.79955,55.07685],[-130.76333,55.07868],[-130.75332,55.08197],[-130.74421,55.08315],[-130.73151,55.07982],[-130.72032,55.081],[-130.71247,55.10663],[-130.70506,55.11884],[-130.68757,55.14008],[-130.64883,55.17251],[-130.56602,55.22333],[-130.47345,55.31012],[-130.46157,55.33185],[-130.48013,55.33075],[-130.49250,55.32347],[-130.50230,55.31525],[-130.52354,55.30735],[-130.55256,55.28774],[-130.56126,55.28026],[-130.59414,55.22565],[-130.61546,55.19953],[-130.66844,55.18040],[-130.69420,55.1612],[-130.75991,55.09699],[-130.77428,55.09251],[-130.79116,55.09906],[-130.79751,55.10846],[-130.80540,55.13629],[-130.81110,55.14687],[-130.84276,55.13727],[-130.85204,55.13320],[-130.88316,55.10895],[-130.89020,55.10529],[-130.97081,55.08543],[-130.99665,55.08539],[-131.01573,55.09357],[-131.03823,55.10838],[-131.05703,55.12628],[-131.06493,55.14345],[-131.06529,55.18622],[-131.05760,55.19867],[-131.05357,55.20168],[-130.89603,55.20436],[-130.87380,55.21694],[-130.82275,55.24213],[-130.76916,55.26135],[-130.73237,55.26998],[-130.72002,55.27650],[-130.69849,55.29080],[-130.63215,55.29100],[-130.62218,55.29311],[-130.61245,55.29706],[-130.65702,55.31595],[-130.62711,55.33351],[-130.61739,55.34086],[-130.60060,55.35754],[-130.61815,55.40577],[-130.63019,55.45366],[-130.63374,55.46857],[-130.64208,55.51224],[-130.64536,55.54501],[-130.65938,55.59459],[-130.66789,55.64337],[-130.67130,55.68961],[-130.66942,55.32851],[-130.86188,55.31216],[-130.9204,55.81045],[-131.10612,55.90488],[-131.13386,55.92084],[-131.12637,55.93451],[-131.14631,55.93480],[-131.16519,55.94057],[-131.17682,55.95197],[-131.17479,55.96930],[-131.19640,55.97142],[-131.18492,55.98672],[-131.14004,56.01703],[-131.04442,56.05805],[-131.05284,56.05731],[-131.07860,56.05805],[-131.06802,56.07192],[-131.00967,56.11261],[-131.06330,56.09593],[-131.08568,56.08616],[-131.10651,56.07168],[-131.12498,56.05044],[-131.13609,56.04132],[-131.16551,56.03327],[-131.19225,56.01455],[-131.29027,55.98834],[-131.30333,55.98167],[-131.31476,55.97264],[-131.32677,55.96745],[-131.35579,55.98288],[-131.37736,55.99005],[-131.40773,56.00141],[-131.41437,56.01019],[-131.42036,56.00614],[-131.49449,56.03307],[-131.62977,56.07817],[-131.69491,56.10587],[-131.80519,56.09958],[-131.85541,56.09924],[-131.90542,56.10395],[-131.93011,56.10881],[-131.43309,55.99754],[-131.91466,55.85944],[-131.76382,55.79734],[-131.88052,55.5987],[-132.00401,55.66762],[-131.96141,55.50104],[-132.26154,55.73965],[-132.04621,55.81728],[-131.96304,56.11618],[-131.96304,56.15737],[-131.95030,56.16669],[-131.88874,56.18382],[-131.81379,56.19599],[-131.69839,56.19623],[-131.59902,56.17865],[-131.57949,56.17910],[-131.55842,56.18838],[-131.52928,56.21401],[-131.51341,56.22207],[-131.48949,56.22248],[-131.51333,56.22931],[-131.53783,56.22540],[-131.58633,56.20888],[-131.61384,56.20514],[-131.63792,56.20636],[-131.68871,56.21629],[-131.87682,56.22309],[-131.90782,56.23273],[-131.95934,56.29450],[-131.96524,56.31077],[-131.97130,56.35643],[-131.98013,56.36591],[-132.00609,56.36725],[-132.06065,56.38100],[-132.07701,56.38190],[-132.08901,56.37677],[-132.10509,56.37372],[-132.14378,56.38873],[-132.15489,56.38019],[-132.16104,56.38019],[-132.18529,56.42869],[-132.18838,56.45185],[-132.20327,56.47125],[-132.23615,56.4831],[-132.28400,56.49347],[-132.28941,56.49848],[-132.33714,56.52374],[-132.34487,56.52899],[-132.34972,56.53693],[-132.35289,56.55206],[-132.35020,56.57941],[-132.33779,56.60179],[-132.30504,56.64020],[-132.32982,56.63914],[-132.37169,56.62421],[-132.44741,56.60716],[-132.47687,56.60447],[-132.52000,56.62767],[-132.54019,56.63149],[-132.55003,56.63898],[-132.53844,56.66132],[-132.52196,56.67495],[-132.50332,56.67837],[-132.45653,56.67499],[-132.46873,56.69188],[-132.48729,56.69867],[-132.50902,56.70209],[-132.53099,56.70856],[-132.47948,56.74282],[-132.46271,56.75690],[-132.46263,56.76483],[-132.41490,56.78485],[-132.41222,56.79230],[-132.41380,56.80125],[-132.41246,56.80890],[-132.40095,56.81220],[-132.37930,56.81232],[-132.36949,56.81411],[-132.35969,56.81842],[-132.37840,56.82648],[-132.39867,56.82489],[-132.41820,56.81684],[-132.43480,56.80536],[-132.43272,56.79352],[-132.45295,56.78803],[-132.47785,56.78510],[-132.49006,56.78115],[-132.49718,56.76129],[-132.51480,56.75543],[-132.53709,56.75812],[-132.67320,56.80280],[-132.76138,56.84577],[-132.77464,56.85651],[-132.77822,56.86204],[-132.78482,56.87982],[-132.79092,56.88544],[-132.83396,56.90761],[-132.83697,56.91453],[-132.85188,56.96057],[-132.85562,56.97761],[-132.85212,56.97402],[-132.84105,56.96771],[-132.82957,56.97296],[-132.81175,56.97418],[-132.78620,56.96759],[-132.76769,56.96967],[-132.77123,56.99713],[-132.80980,57.05565],[-132.80874,57.06537],[-132.79955,57.06972],[-132.79283,57.07904],[-132.79084,57.08844],[-132.7954,57.09271],[-132.80553,57.09048],[-132.83116,57.07843],[-132.83946,57.07282],[-132.86107,57.03636],[-132.86524,57.03258],[-132.86804,57.05589],[-132.86872,57.10984],[-132.88851,57.12680],[-132.92249,57.15871],[-132.95335,57.19365],[-132.95979,57.20248],[-132.99561,57.23924],[-133.03007,57.27728],[-133.06600,57.30867],[-133.08190,57.32396],[-133.05842,57.33185],[-133.03766,57.34682],[-133.03807,57.36709],[-133.05109,57.36627],[-133.09838,57.33979],[-133.14108,57.38449],[-133.18367,57.43475],[-133.21908,57.48158],[-133.26038,57.51514],[-133.29252,57.54526],[-133.34103,57.57964],[-133.3131,57.59296],[-133.33385,57.59601],[-133.36330,57.59575],[-133.39393,57.61956],[-133.42694,57.65039],[-133.44282,57.66816],[-133.21043,57.58893],[-133.16844,57.57929],[-133.15859,57.57314],[-133.13792,57.55560],[-133.13093,57.55206],[-133.11139,57.54498],[-133.06948,57.51268],[-133.04552,57.50360],[-133.03429,57.50413],[-133.02033,57.50706],[-133.00853,57.51186],[-133.00397,57.51789],[-133.01211,57.52122],[-133.08185,57.53734],[-133.09959,57.55097],[-133.12751,57.57929],[-133.15542,57.59975],[-133.16478,57.61253],[-133.16222,57.62714],[-133.18272,57.62376],[-133.21227,57.62714],[-133.23888,57.63662],[-133.25035,57.65167],[-133.36026,57.68235],[-133.39769,57.70941],[-133.41759,57.71938],[-133.46898,57.72744],[-133.49440,57.73578],[-133.53680,57.79840],[-133.54580,57.76430],[-133.55340,57.81044],[-133.55817,57.88963],[-133.55199,57.91510],[-133.53929,57.91742],[-133.49059,57.90827],[-133.42910,57.90827],[-133.39854,57.90395],[-133.34312,57.88475],[-133.3131,57.88031],[-133.30451,57.88178],[-133.28844,57.88739],[-133.27831,57.88784],[-133.26756,57.88507],[-133.24429,57.87612],[-133.14248,57.85472],[-133.12409,57.85712],[-133.13223,57.86522],[-133.18569,57.88955],[-133.20628,57.89468],[-133.55431,57.92942],[-133.57286,57.92405],[-133.58458,57.91083],[-133.59300,57.88784],[-133.59129,57.88153],[-133.58983,57.86758],[-133.59264,57.85789],[-133.60387,57.86420],[-133.61074,57.87010],[-133.62608,57.87986],[-133.63459,57.88784],[-133.63889,57.87234],[-133.67784,57.90238],[-133.70699,57.92921],[-133.73118,57.95330],[-133.71812,57.94635],[-133.70181,57.94000],[-133.69139,57.94204],[-133.68919,57.95673],[-133.69758,57.98997],[-133.69204,58.00193],[-133.66934,58.01137],[-133.66934,58.01752],[-133.73184,58.01951],[-133.75548,58.03009],[-133.76496,58.06224],[-133.74864,58.07819],[-133.7176,58.09784],[-133.69823,58.11595],[-133.71715,58.12738],[-133.71715,58.13483],[-133.69518,58.13910],[-133.68504,58.14280],[-133.67491,58.14789],[-133.68236,58.15534],[-133.70026,58.14850],[-133.75812,58.13483],[-133.75812,58.12738],[-133.74168,58.11969],[-133.74864,58.10610],[-133.81012,58.04474],[-133.81235,58.03385],[-133.83304,58.05642],[-133.81334,58.02899],[-134.05972,58.07217],[-134.05981,58.25938],[-134.05972,58.26459],[-134.06769,58.27887],[-134.06655,58.28510],[-134.05939,58.28864],[-134.03185,58.28510],[-134.01036,58.29433],[-133.99083,58.30556],[-133.98241,58.31561],[-133.98253,58.32086],[-133.98672,58.32534],[-133.99083,58.33283],[-134.00584,58.37238],[-134.00999,58.39223],[-134.00450,58.40859],[-133.99693,58.41242],[-133.97252,58.41803],[-133.96296,58.42218],[-133.95177,58.43276],[-133.94977,58.43964],[-133.95103,58.44635],[-133.94985,58.45636],[-133.92007,58.49754],[-133.87637,58.51044],[-133.77179,58.51845],[-133.77179,58.52464],[-133.88780,58.52464],[-133.93390,58.51894],[-133.95962,58.51264],[-133.97663,58.50482],[-133.98241,58.48761],[-133.97468,58.44989],[-133.98741,58.44269],[-134.01016,58.43976],[-134.05036,58.42609],[-134.07282,58.42218],[-134.07282,58.41478],[-134.05182,58.40839],[-134.04710,58.38959],[-134.05288,58.36725],[-134.06314,58.35024],[-134.08096,58.33771],[-134.12507,58.31867],[-134.14167,58.30556],[-134.14450,58.29487],[-134.18613,58.30872],[-134.14712,58.28498],[-134.19009,58.20311],[-134.49795,58.35394],[-134.75617,58.38153],[-134.99144,58.68292],[-134.92774,58.76018],[-134.93399,58.77741],[-134.94611,58.79975],[-134.95042,58.82005],[-134.96202,58.81492],[-134.97443,58.81244],[-134.98668,58.81370],[-134.99819,58.82005],[-135.00548,58.80776],[-135.02603,58.79315],[-135.03120,58.78678],[-135.02554,58.73753],[-135.09706,58.80126],[-135.10464,58.80951],[-135.14362,58.83388],[-135.14903,58.84369],[-135.14598,58.85712],[-135.12857,58.89520],[-135.14566,58.90644],[-135.15611,58.92279],[-135.16128,58.94330],[-135.16270,58.96723],[-135.1669,58.99079],[-135.17739,59.00462],[-135.19078,59.01605],[-135.20368,59.03237],[-135.20661,59.04059],[-135.21117,59.06655],[-135.22272,59.09389],[-135.22419,59.10468],[-135.22960,59.12588],[-135.27257,59.18317],[-135.30028,59.21157],[-135.33470,59.23891],[-135.36180,59.27081],[-135.36754,59.31293],[-135.33971,59.40082],[-135.33169,59.45156],[-135.34829,59.47060],[-135.35948,59.45697],[-135.38927,59.37494],[-135.40111,59.31989],[-135.41437,59.30060],[-135.43643,59.31293],[-135.46703,59.30573],[-135.52790,59.31972],[-135.55378,59.31977],[-135.53384,59.31000],[-135.48200,59.29511],[-135.46092,59.28217],[-135.43024,59.25210],[-135.42764,59.24799],[-135.42625,59.24160],[-135.42276,59.23786],[-135.41511,59.23407],[-135.39875,59.23086],[-135.38390,59.22296],[-135.35952,59.21377],[-135.35456,59.20677],[-135.35195,59.19668],[-135.33405,59.16144],[-135.33653,59.16278],[-135.33934,59.15916],[-135.34117,59.15351],[-135.34089,59.14842],[-135.33678,59.14398],[-135.31725,59.13141],[-135.31029,59.12197],[-135.30699,59.11107],[-135.30638,59.09927],[-135.30736,59.08698],[-135.31956,59.10154],[-135.36074,59.11375],[-135.37840,59.12421],[-135.38662,59.13882],[-135.39118,59.17011],[-135.39549,59.18317],[-135.42332,59.20506],[-135.47044,59.22549],[-135.51964,59.23651],[-135.55345,59.23047],[-135.55296,59.22959],[-135.53864,59.21527],[-135.48485,59.18317],[-135.47337,59.17072],[-135.45213,59.14154],[-135.43643,59.12799],[-135.40196,59.11164],[-135.38459,59.10089],[-135.37498,59.08698],[-135.37755,59.07001],[-135.38561,59.05316],[-135.38833,59.03782],[-135.37498,59.02558],[-135.38483,59.01605],[-135.38752,59.00629],[-135.38390,58.99754],[-135.37498,58.9914],[-135.37699,58.98852],[-135.40803,59.02086],[-135.43916,59.06068],[-135.44211,59.06536],[-135.46649,59.08956],[-135.48971,59.11756],[-135.05728,58.35154],[-135.13516,58.21942],[-135.35045,58.27680],[-135.48493,58.48395],[-135.47801,58.37376],[-135.62751,58.42625],[-135.90941,58.38129],[-135.82066,58.60032],[-136.07388,58.81264],[-135.75861,58.88837],[-136.02993,58.85529],[-136.08767,58.96030],[-136.09235,58.96629],[-136.10118,58.98395],[-136.10407,58.99803],[-136.10391,59.00727],[-136.10586,59.01520],[-136.11485,59.02558],[-136.12637,59.03253],[-136.14171,59.03709],[-136.15737,59.03758],[-136.17007,59.03237],[-136.15485,59.02309],[-136.14244,59.00702],[-136.13878,58.98981],[-136.14964,58.97711],[-136.14098,58.95482],[-136.16657,58.94261],[-136.20238,58.93406],[-136.22472,58.92251],[-136.15265,58.93268],[-136.11778,58.93329],[-136.11327,58.92851],[-136.14012,58.78217],[-136.27956,58.76804],[-136.38239,58.80646],[-136.38239,58.81264],[-136.31358,58.80951],[-136.27757,58.81297],[-136.25951,58.82632],[-136.28775,58.82562],[-136.37584,58.83315],[-136.42589,58.82444],[-136.45201,58.82436],[-136.47520,58.83657],[-136.49299,58.86408],[-136.50792,58.90444],[-136.51081,58.94257],[-136.49225,58.96344],[-136.49225,58.97089],[-136.52619,58.96759],[-136.54409,58.95742],[-136.57412,58.91571],[-136.63931,58.96723],[-136.67398,59.00275],[-136.69310,59.01797],[-136.71198,59.02558],[-136.60826,58.90827],[-136.63345,58.89179],[-136.65770,58.89874],[-136.68146,58.91400],[-136.70514,58.92251],[-136.71784,58.92381],[-136.73477,58.92743],[-136.75129,58.93284],[-136.77672,58.94839],[-136.82738,58.95669],[-136.84142,58.96181],[-136.87584,58.98395],[-136.91755,59.00193],[-136.94636,59.02261],[-137.01301,59.05280],[-137.03221,59.06749],[-137.04609,59.06903],[-137.05947,59.06370],[-137.06391,59.05540],[-137.06297,59.04389],[-137.05020,59.03856],[-137.02904,59.03367],[-137.00804,59.02171],[-136.97142,58.9914],[-136.92931,58.96832],[-136.91124,58.95433],[-136.90371,58.93244],[-136.91795,58.92007],[-137.01301,58.92251],[-137.03050,58.91290],[-137.06419,58.87409],[-137.08531,58.86953],[-137.10244,58.85854],[-137.12970,58.83315],[-137.12970,58.82632],[-137.10895,58.82876],[-137.08690,58.83783],[-137.06631,58.85065],[-137.03331,58.87824],[-137.01496,58.88788],[-136.9947,58.89337],[-136.89586,58.89240],[-136.84170,58.88251],[-136.82819,58.87750],[-136.81777,58.87067],[-136.81248,58.86212],[-136.81143,58.85464],[-136.80919,58.84739],[-136.80012,58.83999],[-136.79149,58.85431],[-136.77700,58.86566],[-136.75886,58.87278],[-136.73924,58.87409],[-136.72752,58.87042],[-136.69831,58.85358],[-136.67455,58.85285],[-136.66372,58.85102],[-136.65331,58.84369],[-136.64305,58.83978],[-136.62612,58.83844],[-136.60903,58.83974],[-136.58755,58.84833],[-136.57730,58.84398],[-136.56729,58.83685],[-136.55736,58.83315],[-136.54059,58.82933],[-136.48477,58.79962],[-136.49543,58.78449],[-136.51187,58.78046],[-136.53050,58.78091],[-136.54747,58.77912],[-136.54002,58.77167],[-136.56590,58.78595],[-136.58885,58.80890],[-136.61485,58.82542],[-136.64989,58.82005],[-136.64305,58.80646],[-136.62804,58.80556],[-136.57412,58.77912],[-136.58316,58.77374],[-136.59337,58.77118],[-136.60431,58.77069],[-136.61579,58.77167],[-136.56330,58.76068],[-136.54393,58.75116],[-136.52904,58.75116],[-136.52261,58.74774],[-136.51968,58.74095],[-136.52586,58.73037],[-136.52574,58.72382],[-136.52049,58.71084],[-136.51585,58.70237],[-136.50682,58.69790],[-136.48851,58.69660],[-136.47667,58.69232],[-136.46182,58.68069],[-136.47641,58.67681],[-136.52324,58.66900],[-136.57061,58.66567],[-136.72359,58.66210],[-136.83249,58.62012],[-136.93017,58.58543],[-137.08191,58.53598],[-137.10051,58.53081],[-137.19750,58.47510],[-137.24208,58.45240],[-137.26008,58.45636],[-137.30003,58.47475],[-137.32188,58.48065],[-137.34044,58.49477],[-137.34821,58.49799],[-137.36253,58.50019],[-137.47142,58.55438],[-137.51854,58.56476],[-137.56281,58.59088],[-137.58836,58.60032],[-137.62075,58.60260],[-137.63145,58.60618],[-137.62246,58.614],[-137.60684,58.61774],[-137.57046,58.61798],[-137.55427,58.62083],[-137.51382,58.64252],[-137.49962,58.64813],[-137.48412,58.64988],[-137.45197,58.65009],[-137.43814,58.65558],[-137.45767,58.67226],[-137.46947,58.67959],[-137.47911,58.68292],[-137.49543,58.68036],[-137.52163,58.66535],[-137.53746,58.66181],[-137.56664,58.65884],[-137.64297,58.63450],[-137.67064,58.63324],[-137.67784,58.64643],[-137.68317,58.66649],[-137.70474,58.68634],[-137.86961,58.76577],[-137.89313,58.78221],[-137.90217,58.78644],[-137.91478,58.79051],[-137.92609,58.79572],[-137.93097,58.80304],[-137.92955,58.81574],[-137.92406,58.83462],[-137.92418,58.84739],[-137.94424,58.88812],[-137.98436,58.91998],[-138.18488,59.02558],[-138.25080,59.04783],[-138.28115,59.06240],[-138.28791,59.08075],[-138.36266,59.07977],[-138.38156,59.08162],[-138.40325,59.09297],[-138.39867,59.09284],[-138.38320,59.09479],[-138.36978,59.10126],[-138.42845,59.11123],[-138.43747,59.11088],[-138.49286,59.13970],[-138.49376,59.14931],[-138.49478,59.15273],[-138.48306,59.16522],[-138.47289,59.1706],[-138.44652,59.17609],[-138.4381,59.18317],[-138.44908,59.19163],[-138.55825,59.18089],[-138.56645,59.17767],[-138.64579,59.21844],[-138.82911,59.31052],[-138.86678,59.33143],[-138.88748,59.34412],[-138.93157,59.37450],[-138.97215,59.40941],[-139.00191,59.43791],[-139.03339,59.47098],[-139.17317,59.50904],[-139.22468,59.52608],[-139.23773,59.53203],[-138.63048,59.14223],[-139.85700,59.54629],[-139.49405,59.69657],[-139.48005,59.70441],[-139.47337,59.71759],[-139.53795,59.75702],[-139.54507,59.76479],[-139.56208,59.77236],[-139.57201,59.79018],[-139.58263,59.82746],[-139.60871,59.86359],[-139.62108,59.89028],[-139.61335,59.90253],[-139.60228,59.90680],[-139.58238,59.92560],[-139.57237,59.92987],[-139.55907,59.93170],[-139.54576,59.93667],[-139.52184,59.95099],[-139.49250,59.98456],[-139.47321,59.99359],[-139.44888,59.98110],[-139.43000,59.96503],[-139.37100,59.92987],[-139.30516,59.86469],[-139.30235,59.84829],[-139.33360,59.81342],[-139.34308,59.78652],[-139.34288,59.77326],[-139.33560,59.73810],[-139.34190,59.72675],[-139.34203,59.72040],[-139.32673,59.71572],[-139.31859,59.71108],[-139.31139,59.70539],[-139.30833,59.70026],[-139.30313,59.68073],[-139.27765,59.64618],[-139.26732,59.62140],[-139.28661,59.62055],[-139.31090,59.61627],[-139.33234,59.60956],[-139.34308,59.60089],[-139.28990,59.57615],[-139.27074,59.57298],[-139.25975,59.57904],[-139.22638,59.62140],[-139.23485,59.63336],[-139.26162,59.65916],[-139.26732,59.66608],[-139.26699,59.69806],[-139.26887,59.71507],[-139.27415,59.73126],[-139.27969,59.73627],[-139.28648,59.73818],[-139.29222,59.74258],[-139.29466,59.75519],[-139.29133,59.76019],[-139.27574,59.77578],[-139.27074,59.77903],[-139.26333,59.78579],[-139.27961,59.81972],[-139.28038,59.83368],[-139.26463,59.84162],[-139.17369,59.85081],[-139.03636,59.84686],[-139.01097,59.84247],[-138.96959,59.81671],[-138.94530,59.80711],[-138.92007,59.80499],[-138.89736,59.81317],[-138.91051,59.81269],[-138.92259,59.81391],[-138.94518,59.82001],[-139.01378,59.85761],[-139.02831,59.86151],[-139.21873,59.87103],[-139.23900,59.87832],[-139.32119,59.93870],[-139.35529,59.94940],[-139.36831,59.96332],[-139.37954,59.97919],[-139.39024,59.99136],[-139.41242,60.00189],[-139.46206,60.01178],[-139.48330,60.02240],[-139.50723,60.04653],[-139.52090,60.0515],[-139.54165,60.04657],[-139.54295,60.03729],[-139.57994,60.00731],[-139.58946,59.98794],[-139.58438,59.96515],[-139.58482,59.95506],[-139.59317,59.95099],[-139.62612,59.94944],[-139.65835,59.94354],[-139.70596,59.92178],[-139.79442,59.85419],[-139.84902,59.81940],[-139.95824,59.79462],[-140.04271,59.76972],[-140.13707,59.73993],[-140.19455,59.72532],[-140.44063,59.72662],[-140.45967,59.72346],[-140.50884,59.72023],[-140.55810,59.72184],[-140.60069,59.72747],[-140.76268,59.72833],[-141.46817,59.90306],[-141.24031,59.87126],[-141.27130,59.88936],[-141.31150,59.91855],[-141.32456,59.93018],[-141.31432,59.93146],[-141.28408,59.93976],[-141.27525,59.94354],[-141.26732,59.95555],[-141.26211,59.97394],[-141.26012,59.99420],[-141.26158,60.01178],[-141.26789,60.02903],[-141.27806,60.04409],[-141.29222,60.05658],[-141.31004,60.06647],[-141.30313,60.06586],[-141.28209,60.06647],[-141.30504,60.08633],[-141.34642,60.09878],[-141.37954,60.11391],[-141.37767,60.14215],[-141.40588,60.13938],[-141.40498,60.05685],[-141.39940,60.05280],[-141.38589,60.03481],[-141.39293,60.02204],[-141.40456,60.01783],[-141.67349,59.96112],[-142.79849,60.11237],[-143.91860,59.99701],[-144.24962,60.03229],[-144.00255,60.03974],[-144.19644,60.20563],[-144.94164,60.30662],[-144.76061,60.67275],[-144.62279,60.71702],[-144.75609,60.68402],[-145.26952,60.35708],[-145.93875,60.45606],[-145.62901,60.67914],[-146.26317,60.65371],[-146.02611,60.74481],[-146.04344,60.80101],[-146.48228,60.68695],[-146.69570,60.74481],[-146.09308,60.84101]],[[-130.67139,55.70743],[-130.68417,55.71453],[-130.72517,55.74302],[-130.76313,55.77546],[-130.78036,55.79345],[-130.82888,55.81134],[-130.86392,55.82784],[-130.88661,55.83963],[-130.92300,55.86050],[-130.96061,55.88669],[-131.10612,55.90488],[-130.67139,55.70743]],[[-135.88938,59.16709],[-135.95984,59.10071],[-136.00154,59.06575],[-136.02742,59.04847],[-136.04080,59.02391],[-136.06867,58.98298],[-136.08767,58.96030],[-135.88938,59.16709]],[[-140.32439,59.75912],[-140.35468,59.74766],[-140.19455,59.72532],[-140.32439,59.75912]],[[-134.91710,58.75371],[-134.81797,58.69335],[-134.82401,58.70268],[-134.91710,58.75371]]],[[[-141.89842,69.82489],[-141.80923,69.82192],[-141.51008,69.73611],[-141.89842,69.82489]]],[[[-149.01569,70.48493],[-149.31318,70.54486],[-148.81969,70.46979],[-149.01569,70.48493]]],[[[-128.30012,-24.41367],[-128.32066,-24.40064],[-128.3037,-24.33464],[-128.30012,-24.41367]]],[[[-134.94298,-23.08359],[-134.95055,-23.09693],[-135.01935,-23.11760],[-134.94298,-23.08359]]],[[[-138.91185,-21.86394],[-138.84959,-21.87127],[-138.9322,-21.87127],[-138.91185,-21.86394]]],[[[-140.65827,-21.71266],[-140.65318,-21.64706],[-140.60366,-21.70680],[-140.65827,-21.71266]]],[[[-135.48493,-21.49684],[-135.45750,-21.52800],[-135.52578,-21.48707],[-135.48493,-21.49684]]],[[[-140.41397,-19.61419],[-140.37905,-19.64861],[-140.41242,-19.66383],[-140.41397,-19.61419]]],[[[-140.70396,-19.12932],[-140.68586,-19.16155],[-140.72183,-19.13372],[-140.70396,-19.12932]]],[[[-136.42613,-18.47535],[-136.33043,-18.52760],[-136.30475,-18.54566],[-136.31407,-18.56731],[-136.47858,-18.47185],[-136.45873,-18.46428],[-136.42613,-18.47535]]],[[[-140.67194,-18.41716],[-140.75206,-18.36394],[-140.78180,-18.33521],[-140.68708,-18.39055],[-140.67194,-18.41716]]],[[[-137.06761,-18.26629],[-136.98277,-18.33587],[-136.97142,-18.36191],[-137.06761,-18.26629]]],[[[-140.91804,-18.10816],[-140.97362,-18.06023],[-140.92516,-18.08473],[-140.82994,-18.19036],[-140.82274,-18.21795],[-140.91804,-18.10816]]],[[[-140.67878,-17.78036],[-140.83702,-17.85475],[-140.78246,-17.75164],[-140.67194,-17.69784],[-140.67878,-17.78036]]],[[[-141.45384,-17.35230],[-141.43496,-17.38933],[-141.48184,-17.34856],[-141.45384,-17.35230]]],[[[-138.44172,-17.36638],[-138.44692,-17.33269],[-138.42613,-17.32488],[-138.44172,-17.36638]]],[[[-140.15168,-15.95769],[-140.11021,-15.97722],[-140.17227,-15.97722],[-140.15168,-15.95769]]],[[[-140.87970,-15.83831],[-140.88898,-15.81975],[-140.85236,-15.81552],[-140.87970,-15.83831]]],[[[-138.67149,-10.55047],[-138.69880,-10.42644],[-138.62022,-10.51083],[-138.67149,-10.55047]]],[[[-139.04776,-9.92254],[-139.14443,-9.94036],[-139.10383,-9.88827],[-139.04776,-9.92254]]],[[[-139.04971,-9.80348],[-139.16942,-9.761],[-138.81403,-9.73951],[-139.04971,-9.80348]]],[[[-140.09284,-9.44752],[-140.15859,-9.37184],[-140.04894,-9.40813],[-140.09284,-9.44752]]],[[[-139.50316,-8.89902],[-139.61677,-8.95419],[-139.63044,-8.89544],[-139.50316,-8.89902]]],[[[-140.02769,-8.78899],[-140.01915,-8.89641],[-140.17853,-8.93678],[-140.24779,-8.78687],[-140.02769,-8.78899]]],[[[-140.63841,-7.95973],[-140.68390,-7.98528],[-140.70637,-7.96306],[-140.63841,-7.95973]]],[[[-115.16459,27.85129],[-115.22036,27.88864],[-115.16236,27.86834],[-115.16459,27.85129]]],[[[-115.21486,28.37827],[-115.18169,28.02758],[-115.35805,28.08257],[-115.21486,28.37827]]],[[[-118.36880,29.11440],[-118.27375,29.18956],[-118.22136,28.95934],[-118.29274,28.91571],[-118.36880,29.11440]]],[[[-118.60721,33.03085],[-118.35094,32.81867],[-118.60824,33.01437],[-118.60721,33.03085]]],[[[-119.57789,33.27930],[-119.43446,33.23131],[-119.56690,33.24747],[-119.57789,33.27930]]],[[[-118.59588,33.46670],[-118.36920,33.40839],[-118.30434,33.30904],[-118.46358,33.32351],[-118.59588,33.46670]]],[[[-118.26750,33.74702],[-118.22657,33.76545],[-118.24557,33.71487],[-118.26750,33.74702]]],[[[-120.24851,34.00112],[-120.04413,34.03727],[-119.96883,33.94111],[-120.12420,33.89508],[-120.24851,34.00112]]],[[[-119.93301,34.06022],[-119.52149,34.03429],[-119.85076,33.96738],[-119.93301,34.06022]]],[[[-120.36043,34.01475],[-120.36906,34.07622],[-120.30655,34.02639],[-120.36043,34.01475]]],[[[-123.41104,46.17508],[-123.40504,46.20093],[-123.31566,46.14853],[-123.41104,46.17508]]],[[[-123.48074,46.25594],[-123.44433,46.23589],[-123.46843,46.22500],[-123.48074,46.25594]]],[[[-123.99776,46.45339],[-123.94553,46.41764],[-123.96412,46.40679],[-123.99776,46.45339]]],[[[-122.70108,47.12396],[-122.71808,47.18060],[-122.67137,47.16498],[-122.70108,47.12396]]],[[[-122.84691,47.29804],[-122.84829,47.19330],[-122.91201,47.26972],[-122.84691,47.29804]]],[[[-122.36681,47.38353],[-122.52725,47.34625],[-122.45563,47.50088],[-122.36681,47.38353]]],[[[-122.57054,47.59609],[-122.52651,47.70929],[-122.48037,47.58685],[-122.57054,47.59609]]],[[[-122.73078,48.04242],[-122.70116,48.09760],[-122.68150,48.00727],[-122.73078,48.04242]]],[[[-122.43541,47.91046],[-122.58019,48.00486],[-122.65539,48.22468],[-122.53551,48.00592],[-122.51402,48.09076],[-122.36554,47.99966],[-122.43541,47.91046]]],[[[-122.75121,48.24994],[-122.66844,48.36286],[-122.65656,48.38507],[-122.63084,48.38467],[-122.61668,48.38959],[-122.61531,48.39067],[-122.61584,48.37801],[-122.62251,48.33020],[-122.62370,48.32525],[-122.60545,48.39842],[-122.51598,48.32196],[-122.53087,48.28384],[-122.63524,48.27897],[-122.64126,48.28799],[-122.64679,48.28082],[-122.64854,48.26264],[-122.65135,48.24994],[-122.66592,48.24217],[-122.72370,48.23379],[-122.71007,48.22142],[-122.69611,48.22016],[-122.66502,48.22638],[-122.65539,48.22468],[-122.66952,48.19373],[-122.68384,48.16901],[-122.69322,48.18024],[-122.69977,48.18476],[-122.71011,48.18707],[-122.72354,48.19269],[-122.73615,48.19965],[-122.74413,48.20587],[-122.75572,48.22964],[-122.75121,48.24994]]],[[[-122.68293,48.47919],[-122.69701,48.48135],[-122.70490,48.48627],[-122.70238,48.49799],[-122.68907,48.49982],[-122.67247,48.49896],[-122.65990,48.50299],[-122.63304,48.51626],[-122.61327,48.50031],[-122.60002,48.47929],[-122.61559,48.45875],[-122.61381,48.42623],[-122.61446,48.41074],[-122.63036,48.40534],[-122.64659,48.40375],[-122.66177,48.40623],[-122.67357,48.41364],[-122.68346,48.43016],[-122.67857,48.43887],[-122.66877,48.44525],[-122.66331,48.45490],[-122.66934,48.47280],[-122.68293,48.47919]]],[[[-122.88345,48.44147],[-122.89867,48.44790],[-122.92137,48.45099],[-122.93761,48.45831],[-122.94253,48.47577],[-122.93700,48.49323],[-122.92487,48.50714],[-122.91030,48.51357],[-122.91624,48.52387],[-122.91698,48.53363],[-122.91030,48.54706],[-122.88707,48.56366],[-122.87702,48.56586],[-122.86074,48.53961],[-122.85903,48.52130],[-122.86192,48.48932],[-122.85846,48.47284],[-122.84935,48.46161],[-122.83629,48.45994],[-122.82095,48.47260],[-122.80833,48.45819],[-122.80614,48.44204],[-122.8131,48.42731],[-122.82774,48.41738],[-122.88988,48.42414],[-122.88345,48.44147]]],[[[-123.00430,48.53945],[-122.97765,48.53131],[-122.97997,48.52513],[-122.99225,48.51357],[-123.00234,48.50918],[-123.01056,48.51162],[-123.01659,48.51142],[-123.02017,48.49933],[-123.01683,48.49664],[-122.99913,48.47260],[-122.99132,48.46767],[-122.9829,48.46360],[-122.96495,48.45831],[-122.96495,48.45148],[-122.97931,48.45636],[-122.99038,48.45587],[-123.00161,48.45311],[-123.01646,48.45148],[-123.03001,48.45380],[-123.03844,48.45941],[-123.04527,48.46637],[-123.0537,48.47260],[-123.06541,48.47850],[-123.07038,48.48012],[-123.09162,48.47882],[-123.10265,48.48029],[-123.11636,48.48419],[-123.12970,48.48973],[-123.13931,48.49583],[-123.14915,48.50560],[-123.15444,48.51312],[-123.16657,48.54352],[-123.17394,48.57343],[-123.17414,48.57843],[-123.17756,48.59882],[-123.15843,48.61456],[-123.12914,48.62006],[-123.10212,48.60911],[-123.09382,48.59760],[-123.07665,48.58405],[-123.05776,48.57290],[-123.02464,48.56281],[-123.00430,48.53945]]],[[[-122.68805,48.54702],[-122.69408,48.54352],[-122.70303,48.54189],[-122.71434,48.54193],[-122.72289,48.54816],[-122.73705,48.57713],[-122.73542,48.59039],[-122.72679,48.60150],[-122.71548,48.60602],[-122.70287,48.60040],[-122.69640,48.59227],[-122.69371,48.58592],[-122.67455,48.56879],[-122.68590,48.55695],[-122.68805,48.54702]]],[[[-123.00963,48.60541],[-123.02220,48.61839],[-123.02651,48.62653],[-123.02635,48.63646],[-123.02090,48.64248],[-122.99714,48.66059],[-122.98884,48.66437],[-122.97777,48.66779],[-122.92931,48.70844],[-122.91795,48.71141],[-122.89663,48.71214],[-122.85781,48.70868],[-122.74583,48.66437],[-122.75088,48.65473],[-122.75723,48.65005],[-122.80044,48.62962],[-122.80451,48.62372],[-122.80540,48.61688],[-122.80894,48.61127],[-122.82095,48.60911],[-122.83112,48.61269],[-122.84137,48.62091],[-122.86587,48.64960],[-122.87987,48.67719],[-122.88239,48.68797],[-122.88679,48.69627],[-122.89635,48.69977],[-122.90591,48.69733],[-122.91030,48.68797],[-122.90876,48.67694],[-122.90611,48.67108],[-122.90562,48.66608],[-122.91030,48.65753],[-122.86192,48.60171],[-122.87437,48.59373],[-122.88752,48.58999],[-122.91714,48.58869],[-122.93333,48.59276],[-122.94139,48.60260],[-122.94587,48.61408],[-122.95128,48.62344],[-122.96841,48.63458],[-122.98009,48.63861],[-122.98546,48.63304],[-122.98623,48.61933],[-122.98961,48.60464],[-122.99706,48.59715],[-123.00963,48.60541]]],[[[-122.62840,48.67706],[-122.62140,48.66852],[-122.61534,48.65863],[-122.61314,48.64842],[-122.62047,48.64594],[-122.63361,48.65167],[-122.65514,48.66474],[-122.66222,48.67031],[-122.67943,48.68817],[-122.70311,48.70791],[-122.71654,48.71523],[-122.72028,48.72492],[-122.71515,48.73908],[-122.69847,48.73468],[-122.67137,48.70482],[-122.66234,48.69769],[-122.64736,48.69074],[-122.63516,48.68329],[-122.62840,48.67706]]],[[[-123.08934,48.98798],[-123.09293,49.00196],[-123.03579,49.00206],[-123.03205,48.99518],[-123.04527,48.98436],[-123.08849,48.97223],[-123.08934,48.98798]]],[[[-133.52013,54.80821],[-133.51577,54.79686],[-133.51516,54.78245],[-133.52175,54.76675],[-133.52924,54.76833],[-133.54397,54.77944],[-133.54609,54.78502],[-133.54377,54.79405],[-133.54356,54.79958],[-133.54572,54.80182],[-133.54503,54.80544],[-133.54515,54.81602],[-133.54352,54.82229],[-133.54474,54.83169],[-133.53783,54.83498],[-133.52981,54.83104],[-133.52057,54.82025],[-133.52013,54.80821]]],[[[-132.7235,54.93724],[-132.70978,54.94082],[-132.71373,54.93305],[-132.71979,54.92694],[-132.72744,54.92267],[-132.73644,54.92031],[-132.72590,54.91486],[-132.71524,54.91522],[-132.70498,54.91986],[-132.69546,54.92772],[-132.68553,54.92112],[-132.67430,54.91681],[-132.66511,54.91193],[-132.66136,54.90355],[-132.65583,54.90216],[-132.64317,54.90473],[-132.62930,54.90399],[-132.62035,54.89301],[-132.61534,54.88247],[-132.61693,54.87616],[-132.62376,54.87482],[-132.63463,54.87934],[-132.63556,54.86749],[-132.63068,54.85626],[-132.62857,54.84784],[-132.63776,54.84455],[-132.65176,54.84638],[-132.66323,54.84931],[-132.67491,54.84984],[-132.68928,54.84455],[-132.67560,54.83738],[-132.66930,54.82855],[-132.66266,54.82103],[-132.64769,54.81785],[-132.63711,54.81403],[-132.62637,54.80475],[-132.61758,54.79344],[-132.61290,54.78375],[-132.6162,54.76019],[-132.63605,54.75747],[-132.66161,54.76789],[-132.68179,54.78375],[-132.68468,54.78876],[-132.68928,54.80182],[-132.69237,54.80731],[-132.69835,54.81167],[-132.71349,54.81708],[-132.71971,54.82127],[-132.72256,54.82656],[-132.72740,54.84039],[-132.73021,54.84455],[-132.73639,54.84731],[-132.74990,54.84918],[-132.75755,54.85199],[-132.77196,54.86225],[-132.77692,54.87006],[-132.77977,54.87824],[-132.78823,54.88959],[-132.79405,54.90192],[-132.78880,54.91103],[-132.78237,54.91889],[-132.78482,54.92772],[-132.77806,54.93455],[-132.77302,54.93024],[-132.75755,54.92031],[-132.75055,54.93109],[-132.73814,54.93537],[-132.7235,54.93724]]],[[[-133.01935,55.09723],[-133.05484,55.10895],[-133.08653,55.09223],[-132.99714,55.06427],[-132.99714,55.05805],[-133.03258,55.05027],[-133.04552,55.05068],[-133.04552,55.04385],[-133.01406,55.03457],[-132.98306,55.03205],[-132.95759,55.02334],[-132.94249,54.99542],[-132.94176,54.95441],[-132.94249,54.94818],[-132.93276,54.94550],[-132.90664,54.95136],[-132.89411,54.94818],[-132.90151,54.94082],[-132.89395,54.93915],[-132.88727,54.93455],[-132.89244,54.92951],[-132.90151,54.91352],[-132.86046,54.90033],[-132.84382,54.88910],[-132.83946,54.87250],[-132.82457,54.87519],[-132.81501,54.86758],[-132.81436,54.85545],[-132.82648,54.84455],[-132.81281,54.83999],[-132.78453,54.83685],[-132.77123,54.83152],[-132.76260,54.82444],[-132.75869,54.81818],[-132.75593,54.81159],[-132.75072,54.80365],[-132.72248,54.77655],[-132.72520,54.76740],[-132.75072,54.75641],[-132.74388,54.74901],[-132.75108,54.74701],[-132.75755,54.74217],[-132.70543,54.72882],[-132.68830,54.71796],[-132.70295,54.70123],[-132.67121,54.67731],[-132.68687,54.67397],[-132.72427,54.67743],[-132.75755,54.67389],[-132.76821,54.69302],[-132.79377,54.69806],[-132.84288,54.69379],[-132.84357,54.69831],[-132.85293,54.71914],[-132.86359,54.73452],[-132.86384,54.74160],[-132.85619,54.74469],[-132.83946,54.74217],[-132.93805,54.78774],[-132.95616,54.80365],[-132.94351,54.80707],[-132.92560,54.81533],[-132.911,54.82640],[-132.90835,54.83832],[-132.92170,54.84520],[-132.94225,54.84202],[-132.98037,54.83152],[-132.99876,54.83795],[-133.00706,54.86611],[-133.02135,54.87250],[-133.03709,54.87738],[-133.04914,54.88890],[-133.05150,54.90249],[-133.03807,54.91352],[-133.05329,54.91779],[-133.06871,54.91974],[-133.10073,54.92031],[-133.10073,54.92772],[-133.07583,54.93219],[-133.06371,54.93573],[-133.05858,54.94082],[-133.06456,54.94708],[-133.07835,54.94928],[-133.10700,54.94818],[-133.13280,54.94334],[-133.13906,54.94525],[-133.14793,54.95441],[-133.14419,54.95551],[-133.14126,54.96308],[-133.14346,54.97309],[-133.15477,54.98175],[-133.13483,54.99750],[-133.15347,55.02118],[-133.20323,55.05805],[-133.19929,55.06525],[-133.20372,55.07514],[-133.21129,55.08681],[-133.21686,55.09906],[-133.16836,55.09638],[-133.12067,55.09906],[-133.13931,55.11566],[-133.18936,55.12173],[-133.20323,55.13320],[-133.18211,55.13320],[-133.20611,55.14736],[-133.06527,55.15182],[-133.06541,55.15029],[-133.05589,55.14411],[-133.01113,55.13231],[-132.99714,55.12571],[-132.99486,55.11928],[-132.99307,55.09979],[-132.99087,55.09223],[-132.95616,55.06427],[-132.98485,55.07599],[-133.01935,55.09723]]],[[[-131.19469,54.90729],[-131.20319,54.90070],[-131.23916,54.88300],[-131.25023,54.87934],[-131.28571,54.88178],[-131.29979,54.87921],[-131.31476,54.86945],[-131.33116,54.86123],[-131.35008,54.86090],[-131.36945,54.86566],[-131.38707,54.87250],[-131.38756,54.88422],[-131.42642,54.90582],[-131.44172,54.92031],[-131.46817,54.91242],[-131.48216,54.92560],[-131.47838,54.94472],[-131.45156,54.95441],[-131.43024,54.956],[-131.37149,54.96698],[-131.35228,54.97553],[-131.33019,54.96137],[-131.26382,54.99689],[-131.23623,54.99542],[-131.24372,54.98920],[-131.24156,54.97459],[-131.23790,54.96112],[-131.23717,54.94953],[-131.24372,54.94082],[-131.24372,54.93455],[-131.21165,54.92723],[-131.19749,54.92031],[-131.19469,54.90729]]],[[[-132.21890,54.81028],[-132.22598,54.81468],[-132.23582,54.81720],[-132.24673,54.81785],[-132.25914,54.81517],[-132.26622,54.80902],[-132.27135,54.80219],[-132.27774,54.79743],[-132.29979,54.79433],[-132.33649,54.80341],[-132.35969,54.80365],[-132.33653,54.81488],[-132.28303,54.831],[-132.26476,54.84455],[-132.27586,54.85370],[-132.31029,54.85993],[-132.32555,54.86627],[-132.31432,54.87067],[-132.30280,54.87238],[-132.27774,54.87250],[-132.27774,54.87934],[-132.31590,54.88300],[-132.33568,54.88788],[-132.34972,54.89643],[-132.35212,54.90460],[-132.34972,54.91229],[-132.34992,54.91803],[-132.35997,54.92031],[-132.36974,54.92121],[-132.37857,54.92397],[-132.38658,54.92841],[-132.39387,54.93455],[-132.37804,54.94013],[-132.36961,54.94155],[-132.35969,54.94082],[-132.36799,54.95099],[-132.38727,54.96442],[-132.39387,54.97553],[-132.39460,54.98822],[-132.39098,55.00096],[-132.38019,55.02338],[-132.40269,55.01528],[-132.41201,54.99372],[-132.41490,54.97150],[-132.41804,54.96124],[-132.41539,54.956],[-132.41755,54.94391],[-132.42259,54.93016],[-132.42857,54.92031],[-132.43614,54.91657],[-132.47297,54.90729],[-132.48558,54.90737],[-132.49526,54.90888],[-132.50145,54.91376],[-132.50373,54.92401],[-132.49767,54.93305],[-132.48363,54.93577],[-132.46788,54.93691],[-132.45653,54.94082],[-132.44416,54.96303],[-132.45221,54.98053],[-132.47081,54.99363],[-132.49006,55.00287],[-132.49547,54.96527],[-132.51887,54.94415],[-132.55020,54.94025],[-132.57941,54.95441],[-132.59341,54.96824],[-132.59813,54.97602],[-132.59992,54.9855],[-132.59601,54.98908],[-132.57534,54.97711],[-132.56578,54.97553],[-132.55553,54.98639],[-132.55186,55.00067],[-132.54649,55.01264],[-132.53099,55.01654],[-132.54670,55.02020],[-132.56696,55.02143],[-132.57949,55.02704],[-132.57192,55.04385],[-132.55345,55.05243],[-132.52989,55.05011],[-132.50527,55.04466],[-132.48379,55.04385],[-132.46495,55.05072],[-132.53099,55.05805],[-132.54295,55.07021],[-132.53917,55.08364],[-132.51113,55.11273],[-132.52928,55.11546],[-132.54491,55.12152],[-132.55980,55.12409],[-132.57567,55.11615],[-132.60285,55.06952],[-132.61290,55.06427],[-132.62661,55.08563],[-132.60855,55.11920],[-132.57909,55.15131],[-132.56145,55.16541],[-131.97483,55.18173],[-131.97598,55.17694],[-131.99181,55.15827],[-132.00999,55.14154],[-132.02391,55.11953],[-131.98981,55.11953],[-132.00145,55.10447],[-132.01895,55.09137],[-132.03905,55.08209],[-132.05833,55.07859],[-132.06607,55.08275],[-132.08128,55.10106],[-132.09284,55.10529],[-132.10033,55.10126],[-132.09707,55.09251],[-132.08812,55.08344],[-132.07852,55.07859],[-132.08751,55.07294],[-132.09776,55.07038],[-132.10875,55.07001],[-132.12010,55.07111],[-132.12010,55.06427],[-132.09089,55.05609],[-132.07689,55.04877],[-132.07542,55.04010],[-132.08649,55.03465],[-132.11742,55.03278],[-132.15233,55.01605],[-132.20885,55.00263],[-132.22313,54.98920],[-132.17878,54.98920],[-132.16706,54.98725],[-132.15859,54.98281],[-132.15233,54.97817],[-132.13459,54.97016],[-132.12730,54.97093],[-132.10879,54.98574],[-132.10195,54.98822],[-132.09650,54.98525],[-132.09219,54.97553],[-132.06997,55.00112],[-132.03539,55.02277],[-131.99681,55.03449],[-131.96304,55.03021],[-131.97427,55.02464],[-131.98127,55.01675],[-131.98253,55.00682],[-131.97671,54.99542],[-131.99714,54.98436],[-132.00519,54.97768],[-132.01024,54.96808],[-131.97671,54.96971],[-131.96930,54.96808],[-131.96182,54.95770],[-131.96519,54.95189],[-131.97248,54.94725],[-131.97671,54.94082],[-131.97606,54.90814],[-131.98477,54.90591],[-132.01024,54.90729],[-132.03355,54.90558],[-132.04702,54.89858],[-132.0454,54.88719],[-132.02391,54.87250],[-131.98550,54.86107],[-131.96861,54.85350],[-131.95563,54.83832],[-131.96011,54.83405],[-131.96495,54.83197],[-131.97671,54.83152],[-131.95767,54.82811],[-131.95685,54.81720],[-131.95897,54.80304],[-131.94880,54.78998],[-131.96312,54.78546],[-131.97838,54.78375],[-132.01024,54.78375],[-131.99657,54.77692],[-132.00243,54.76544],[-132.00137,54.75576],[-131.99791,54.74624],[-131.99657,54.73529],[-132.00031,54.72272],[-132.00560,54.71295],[-132.00820,54.70400],[-132.00401,54.69379],[-132.06753,54.69904],[-132.08226,54.70465],[-132.09609,54.71271],[-132.11107,54.71670],[-132.11774,54.71369],[-132.10643,54.70123],[-132.14997,54.69863],[-132.20079,54.72524],[-132.24722,54.74331],[-132.27774,54.71483],[-132.29238,54.72748],[-132.29759,54.74445],[-132.29442,54.76215],[-132.28400,54.77692],[-132.26561,54.78465],[-132.22451,54.79165],[-132.21629,54.80365],[-132.21890,54.81028]]],[[[-131.18915,55.10343],[-131.18807,55.07507],[-131.18999,55.04833],[-131.2162,55.04802],[-131.25489,55.06923],[-131.24414,55.09274],[-131.20397,55.10993],[-131.18915,55.10343]]],[[[-132.86538,55.11782],[-132.86742,55.13165],[-132.86685,55.14643],[-132.86921,55.15399],[-132.86830,55.15732],[-132.82266,55.19049],[-132.76365,55.15969],[-132.74160,55.14911],[-132.72276,55.13320],[-132.66820,55.05068],[-132.68268,55.03436],[-132.75072,54.99542],[-132.75869,55.00836],[-132.76817,55.01874],[-132.79165,55.03636],[-132.79157,55.01361],[-132.8155,55.01569],[-132.87364,55.03636],[-132.86164,55.04547],[-132.83226,55.04881],[-132.82648,55.05438],[-132.82339,55.06586],[-132.81607,55.07485],[-132.80703,55.08128],[-132.79914,55.08539],[-132.81065,55.09027],[-132.82721,55.09463],[-132.85655,55.09906],[-132.86180,55.10480],[-132.86538,55.11782]]],[[[-131.55842,55.18842],[-131.56356,55.19157],[-131.37412,55.19547],[-131.37694,55.18284],[-131.36913,55.16372],[-131.35798,55.14370],[-131.35228,55.12262],[-131.35558,55.11481],[-131.36192,55.10618],[-131.36611,55.09739],[-131.36318,55.08881],[-131.34878,55.07794],[-131.34508,55.07099],[-131.34553,55.05805],[-131.35704,55.03253],[-131.378,55.01789],[-131.40428,55.01129],[-131.47183,55.00482],[-131.47956,55.00629],[-131.48534,55.01703],[-131.48444,55.02610],[-131.48176,55.03465],[-131.48265,55.04385],[-131.49376,55.05727],[-131.51374,55.07416],[-131.53449,55.08710],[-131.54784,55.08881],[-131.54979,55.07636],[-131.53669,55.06443],[-131.52497,55.04999],[-131.53111,55.03021],[-131.53929,55.02261],[-131.55020,55.01471],[-131.57201,55.00287],[-131.57811,54.99750],[-131.58299,54.99534],[-131.59251,54.99542],[-131.59898,54.99819],[-131.60655,55.00771],[-131.62450,55.01740],[-131.61839,55.03522],[-131.58104,55.09007],[-131.58373,55.09577],[-131.59935,55.09906],[-131.58287,55.12555],[-131.56428,55.12628],[-131.54426,55.11855],[-131.52359,55.11953],[-131.51724,55.13418],[-131.53148,55.15176],[-131.55394,55.16689],[-131.57201,55.17414],[-131.56818,55.17739],[-131.55842,55.18842]]],[[[-132.69611,55.14687],[-132.70685,55.14923],[-132.72480,55.16056],[-132.61673,55.16370],[-132.62047,55.15338],[-132.63093,55.14687],[-132.69611,55.14687]]],[[[-131.73330,55.15570],[-131.72289,55.14008],[-131.74331,55.14272],[-131.77196,55.16791],[-131.80492,55.18113],[-131.80841,55.18571],[-131.70630,55.18815],[-131.71275,55.17747],[-131.72655,55.16632],[-131.73330,55.15570]]],[[[-131.15236,55.19977],[-131.19200,55.18573],[-131.22585,55.19834],[-131.15236,55.19977]]],[[[-133.14346,55.24884],[-133.06224,55.18382],[-133.06527,55.15182],[-133.21686,55.15371],[-133.14346,55.24884]]],[[[-131.55158,55.27655],[-131.37279,55.20148],[-131.37412,55.19547],[-131.57217,55.19684],[-131.55158,55.27655]]],[[[-131.05357,55.20168],[-130.92471,55.29401],[-130.69849,55.29080],[-131.05357,55.20168]]],[[[-133.20938,55.27041],[-133.24014,55.22036],[-133.43224,55.31443],[-133.20938,55.27041]]],[[[-131.81777,55.19798],[-131.83836,55.42593],[-131.63609,55.29930],[-131.76382,55.24868],[-131.70630,55.18815],[-131.81777,55.19798]]],[[[-133.44961,55.40692],[-133.60728,55.23558],[-133.68919,55.31134],[-133.44961,55.40692]]],[[[-133.27449,55.40428],[-133.26925,55.44395],[-133.23605,55.44022],[-133.27449,55.40428]]],[[[-133.42227,55.48944],[-133.42809,55.44651],[-133.60045,55.44790],[-133.42227,55.48944]]],[[[-133.42853,55.54413],[-133.30479,55.55320],[-133.34658,55.44790],[-133.42853,55.54413]]],[[[-133.57868,55.50926],[-133.79906,55.44790],[-133.70287,55.55776],[-133.57868,55.50926]]],[[[-130.96873,55.70111],[-130.96873,55.43488],[-131.22585,55.19834],[-131.31139,55.23558],[-131.21572,55.31757],[-131.20995,55.40631],[-131.29832,55.27655],[-131.46320,55.29340],[-131.27074,55.44733],[-131.35081,55.64557],[-131.32542,55.44676],[-131.46214,55.33185],[-131.42125,55.53046],[-131.5065,55.49941],[-131.52647,55.29938],[-131.82022,55.46381],[-131.51744,55.72907],[-131.70921,55.73965],[-131.48265,55.78302],[-131.68773,55.83197],[-131.30787,55.95820],[-130.96873,55.70111]]],[[[-132.26797,55.44135],[-132.46955,55.42129],[-132.47826,55.39057],[-132.25011,55.41376],[-132.09072,55.27680],[-132.24303,55.25609],[-132.24022,55.19721],[-131.97020,55.21841],[-132.55833,55.16791],[-133.21296,55.27920],[-133.20661,55.38446],[-132.84630,55.35228],[-133.12584,55.48358],[-132.90835,55.63288],[-133.37905,55.62978],[-133.13980,55.87661],[-133.25975,55.94529],[-133.26463,56.14740],[-133.57311,56.18496],[-133.61473,56.35285],[-133.16722,56.32518],[-133.02489,56.17202],[-133.09264,56.06915],[-132.62071,55.92438],[-132.43480,55.62665],[-132.14061,55.46527],[-132.52350,55.62523],[-132.65453,55.42121],[-132.40127,55.51679],[-132.26797,55.44135]]],[[[-133.30565,55.79734],[-133.54210,55.69489],[-133.61489,55.83319],[-133.30565,55.79734]]],[[[-133.34117,55.83734],[-133.28514,55.90717],[-133.21686,55.86627],[-133.34117,55.83734]]],[[[-134.29869,55.9265],[-134.10155,55.92080],[-134.25841,55.81842],[-134.29869,55.9265]]],[[[-133.85602,55.94228],[-133.91266,55.86277],[-133.93423,55.91258],[-133.85602,55.94228]]],[[[-131.28026,55.96515],[-131.23623,55.95563],[-131.20889,55.94489],[-131.17955,55.92352],[-131.16958,55.91371],[-131.19358,55.91780],[-131.23777,55.92956],[-131.28069,55.94531],[-131.30787,55.95820],[-131.28026,55.96515]]],[[[-131.32677,55.96745],[-131.37120,55.96857],[-131.40773,56.00141],[-131.32677,55.96745]]],[[[-133.79491,55.94359],[-133.28530,56.14720],[-133.31114,55.99787],[-133.79491,55.94359]]],[[[-132.53099,56.33917],[-132.37694,56.27163],[-132.48379,56.19456],[-132.09219,56.10643],[-132.20201,56.09219],[-132.13345,55.92902],[-132.70498,56.11741],[-132.53099,56.33917]]],[[[-132.22761,56.42926],[-132.20913,56.39545],[-132.19587,56.38019],[-132.17813,56.36713],[-132.15151,56.35199],[-132.12389,56.34320],[-132.10301,56.34910],[-132.08088,56.36131],[-132.05280,56.36204],[-132.02513,56.35390],[-132.00401,56.33917],[-131.99274,56.32233],[-131.97769,56.28546],[-131.94009,56.23305],[-131.92804,56.21051],[-131.92833,56.19456],[-131.95221,56.18585],[-131.97687,56.19090],[-131.99620,56.18854],[-132.00401,56.15737],[-132.01325,56.14134],[-132.02166,56.13613],[-132.33824,56.25779],[-132.33646,56.41600],[-132.33893,56.42243],[-132.34919,56.43716],[-132.36339,56.45185],[-132.37661,56.47186],[-132.37535,56.48847],[-132.36205,56.49457],[-132.33922,56.48322],[-132.26089,56.45893],[-132.23989,56.44529],[-132.22761,56.42926]],[[-132.27141,56.35817],[-132.29091,56.39691],[-132.32906,56.41218],[-132.33646,56.41600],[-132.27141,56.35817]]],[[[-132.92422,56.45197],[-132.61290,56.40062],[-132.81965,56.23615],[-133.05524,56.34479],[-132.92422,56.45197]]],[[[-133.73591,56.56712],[-133.92259,56.61664],[-133.94912,56.09235],[-134.05231,56.31875],[-134.19009,56.17812],[-134.08641,56.09219],[-134.14859,56.01166],[-134.26455,56.26040],[-134.16006,56.31240],[-134.28197,56.36277],[-134.03929,56.37335],[-134.03441,56.48590],[-134.30614,56.55829],[-134.08641,56.64704],[-134.35757,56.67658],[-134.40567,56.85268],[-134.01268,56.88515],[-133.90489,56.76064],[-133.99376,56.63922],[-133.86237,56.80988],[-133.71715,56.77118],[-133.73591,56.56712]]],[[[-132.95152,56.81045],[-132.53343,56.58030],[-132.93748,56.51756],[-132.88109,56.64020],[-132.95152,56.81045]]],[[[-134.01817,57.02383],[-132.96996,56.92597],[-132.94139,56.62653],[-133.34642,56.83759],[-133.07909,56.53034],[-133.62124,56.44220],[-133.67927,56.85370],[-134.01817,57.02383]]],[[[-135.18028,57.48069],[-134.90949,57.33978],[-134.99819,57.34658],[-134.72386,57.01019],[-134.66747,56.17039],[-135.05284,56.53782],[-134.84740,56.68866],[-135.10977,56.60175],[-134.99885,56.76166],[-135.18789,56.67674],[-135.12173,56.83201],[-135.36754,56.82892],[-135.35000,56.97040],[-135.16535,57.04173],[-135.37498,57.09271],[-135.26642,57.16103],[-135.41291,57.15790],[-135.33405,57.25039],[-135.67495,57.35862],[-135.47533,57.35431],[-135.60899,57.3876],[-135.38117,57.55361],[-135.27940,57.51105],[-135.39606,57.44269],[-135.18028,57.48069]]],[[[-132.92202,56.98285],[-132.86742,56.98969],[-132.86367,56.94188],[-132.92202,56.98285]]],[[[-135.71080,57.16844],[-135.84373,57.32469],[-135.55378,57.22992],[-135.62824,57.01019],[-135.83153,57.05048],[-135.71080,57.16844]]],[[[-133.16755,57.16962],[-133.55199,57.1883],[-133.08190,57.32396],[-132.87767,57.02130],[-133.16755,57.16962]]],[[[-133.34103,57.57964],[-133.09927,57.33930],[-133.41950,57.34394],[-133.33592,57.43817],[-133.49742,57.53156],[-133.34103,57.57964]]],[[[-133.64826,57.70282],[-133.44282,57.66816],[-133.60509,57.57929],[-133.64826,57.70282]]],[[[-134.48493,57.03123],[-134.61461,57.01019],[-134.45702,57.31183],[-134.55630,57.39777],[-134.31297,57.33234],[-134.30614,57.39435],[-134.56916,57.49201],[-134.35399,57.54458],[-134.65355,57.59821],[-134.80646,58.05540],[-134.73131,58.1789],[-134.90762,58.20123],[-134.94929,58.40949],[-134.69318,58.16840],[-134.17699,58.16352],[-133.78929,57.58885],[-134.30675,58.09809],[-134.28917,57.83665],[-133.83999,57.46263],[-134.10069,57.47626],[-133.86498,57.35512],[-134.17585,57.3876],[-134.08478,57.25641],[-134.48493,57.03123]]],[[[-135.01378,57.78587],[-135.88955,57.99022],[-135.36388,57.72622],[-134.91388,57.75584],[-134.81956,57.48607],[-135.05687,57.46662],[-135.81322,57.76430],[-135.54629,57.46605],[-135.70742,57.36652],[-136.01244,57.51789],[-135.81021,57.43988],[-136.41649,57.82575],[-136.31192,57.99551],[-136.03294,57.84686],[-136.40965,58.07990],[-136.27253,58.10687],[-136.35570,58.21987],[-136.26317,58.21694],[-136.19371,58.08364],[-136.10118,58.05853],[-136.13658,58.22304],[-135.96532,58.16400],[-135.78506,58.27606],[-135.48485,58.16209],[-135.78307,58.04206],[-135.65615,57.94928],[-135.38927,58.14105],[-134.92479,58.02749],[-134.91567,57.84686],[-135.20368,57.94306],[-134.93000,57.81269],[-135.01378,57.78587]]],[[[-133.86115,57.95673],[-133.77489,57.98883],[-133.68635,57.79071],[-133.86115,57.95673]]],[[[-136.33836,58.01463],[-136.41991,57.86554],[-136.51471,58.08673],[-136.33836,58.01463]]],[[[-134.59727,58.23725],[-134.67984,58.30927],[-134.48184,58.33348],[-134.25841,58.19627],[-134.59727,58.23725]]],[[[-136.05999,58.26778],[-136.10698,58.30340],[-136.02793,58.29496],[-136.05999,58.26778]]],[[[-135.54334,58.33483],[-135.67062,58.3309],[-135.65490,58.37979],[-135.54334,58.33483]]],[[[-136.56114,58.25775],[-136.66478,58.22036],[-137.24208,58.45240],[-136.3426,58.69155],[-136.52574,58.614],[-136.18317,58.614],[-136.02672,58.38812],[-136.27281,58.31297],[-136.50593,58.44269],[-136.56114,58.37376],[-136.37059,58.29954],[-136.62051,58.35390],[-136.56114,58.25775]]],[[[-136.44829,58.68430],[-136.45177,58.68919],[-136.47240,58.70343],[-136.49103,58.72016],[-136.49909,58.74774],[-136.49185,58.74921],[-136.38386,58.72508],[-136.37555,58.72016],[-136.37008,58.71325],[-136.38600,58.70555],[-136.43052,58.68903],[-136.44829,58.68430]]],[[[-138.61001,59.12799],[-138.43747,59.11088],[-138.55939,59.10618],[-138.61001,59.12799]]],[[[-141.42308,69.72186],[-141.40880,69.71499],[-141.39663,69.70587],[-141.38512,69.69452],[-141.41291,69.70506],[-141.47256,69.72077],[-141.51008,69.73611],[-141.51008,69.75356],[-141.42308,69.72186]]],[[[-109.37962,-27.05950],[-109.22004,-27.10523],[-109.24356,-27.12916],[-109.38874,-27.17547],[-109.37962,-27.05950]]],[[[-89.75690,-1.36061],[-89.63467,-1.34881],[-89.67609,-1.39755],[-89.75690,-1.36061]]],[[[-90.48346,-1.22226],[-90.36900,-1.26490],[-90.52403,-1.30592],[-90.48346,-1.22226]]],[[[-89.63141,-0.91668],[-89.25719,-0.68157],[-89.27318,-0.75994],[-89.42003,-0.91936],[-89.63141,-0.91668]]],[[[-90.53380,-0.69182],[-90.51309,-0.54876],[-90.24697,-0.49277],[-90.25951,-0.74334],[-90.53380,-0.69182]]],[[[-91.32363,0.13930],[-90.95604,-0.42213],[-90.99014,-0.57919],[-90.79259,-0.73894],[-90.91755,-0.95419],[-91.39972,-1.01848],[-91.50230,-0.89625],[-91.08678,-0.58245],[-91.37498,-0.28191],[-91.42332,-0.02857],[-91.60338,-0.01421],[-91.49730,0.10610],[-91.32363,0.13930]]],[[[-91.39952,-0.30787],[-91.40111,-0.45289],[-91.61082,-0.44622],[-91.66856,-0.28492],[-91.39952,-0.30787]]],[[[-90.55199,-0.27809],[-90.60488,-0.36980],[-90.83861,-0.29705],[-90.79157,-0.14771],[-90.55199,-0.27809]]],[[[-90.54230,0.33356],[-90.43643,0.34662],[-90.48766,0.26707],[-90.54230,0.33356]]],[[[-90.80524,0.57160],[-90.75698,0.63060],[-90.76056,0.55369],[-90.80524,0.57160]]],[[[-87.10460,5.53742],[-87.07852,5.52065],[-87.11766,5.51508],[-87.10460,5.53742]]],[[[-81.84186,7.43081],[-81.73884,7.64427],[-81.58800,7.33519],[-81.74624,7.34886],[-81.84186,7.43081]]],[[[-82.31566,8.21491],[-82.21178,8.19920],[-82.24596,8.17129],[-82.31566,8.21491]]],[[[-82.43089,8.25999],[-82.35000,8.29364],[-82.38646,8.21287],[-82.43089,8.25999]]],[[[-82.05184,9.18219],[-82.00876,9.14769],[-82.05525,9.15386],[-82.05184,9.18219]]],[[[-82.07461,9.28852],[-82.13882,9.24530],[-82.21178,9.34935],[-82.07461,9.28852]]],[[[-82.24596,9.33006],[-82.28075,9.37470],[-82.26642,9.43935],[-82.24596,9.33006]]],[[[-85.17613,10.08323],[-85.11046,10.11029],[-85.09732,10.08364],[-85.17613,10.08323]]],[[[-83.72622,11.92023],[-83.73607,11.94179],[-83.70840,11.98729],[-83.72622,11.92023]]],[[[-83.05394,12.14386],[-83.05597,12.16620],[-83.02114,12.18178],[-83.05394,12.14386]]],[[[-81.71694,12.56321],[-81.70474,12.50446],[-81.71739,12.50242],[-81.71694,12.56321]]],[[[-87.72311,13.16407],[-87.69756,13.19331],[-87.70167,13.16341],[-87.72311,13.16407]]],[[[-87.66706,13.25600],[-87.61514,13.29010],[-87.62433,13.25291],[-87.66706,13.25600]]],[[[-87.57079,13.37201],[-87.59129,13.30438],[-87.65900,13.33169],[-87.57079,13.37201]]],[[[-82.73253,14.36957],[-82.76732,14.41413],[-82.72899,14.41376],[-82.73253,14.36957]]],[[[-86.99740,16.08395],[-86.94425,16.11650],[-86.87873,16.09316],[-86.99740,16.08395]]],[[[-86.18175,16.42822],[-86.36220,16.39425],[-86.60050,16.26944],[-86.44039,16.39654],[-86.18175,16.42822]]],[[[-85.94706,16.40319],[-85.88414,16.50283],[-85.81695,16.49830],[-85.94706,16.40319]]],[[[-87.82461,17.29230],[-87.82579,17.39915],[-87.80357,17.29230],[-87.82461,17.29230]]],[[[-87.91747,17.41046],[-87.80150,17.54181],[-87.92650,17.27863],[-87.91747,17.41046]]],[[[-88.07111,17.73428],[-88.10366,17.68183],[-88.16730,17.66909],[-88.07111,17.73428]]],[[[-87.90485,18.15322],[-87.85728,18.16966],[-87.93456,17.94293],[-87.96581,17.91376],[-88.00902,17.90249],[-87.90485,18.15322]]],[[[-114.77554,18.35492],[-114.73403,18.32925],[-114.79857,18.33087],[-114.77554,18.35492]]],[[[-87.31012,18.56720],[-87.33450,18.45437],[-87.37942,18.40249],[-87.33120,18.53241],[-87.31012,18.56720]]],[[[-87.25548,18.72427],[-87.26292,18.62864],[-87.26915,18.73851],[-87.25548,18.72427]]],[[[-91.53888,18.79311],[-91.62083,18.74469],[-91.68887,18.66942],[-91.84268,18.65119],[-91.53888,18.79311]]],[[[-110.91120,18.74469],[-110.97948,18.71678],[-111.00055,18.86823],[-110.91120,18.74469]]],[[[-110.83023,19.27334],[-110.83604,19.29340],[-110.78766,19.31391],[-110.83023,19.27334]]],[[[-86.74217,20.59589],[-86.99526,20.26081],[-86.96812,20.50625],[-86.74217,20.59589]]],[[[-106.23191,21.33523],[-106.24731,21.28969],[-106.27936,21.31465],[-106.23191,21.33523]]],[[[-106.38709,21.42063],[-106.43706,21.49594],[-106.36264,21.45507],[-106.38709,21.42063]]],[[[-81.98119,21.64777],[-81.97362,21.63987],[-81.98981,21.60883],[-82.11424,21.57029],[-81.98119,21.64777]]],[[[-81.83901,21.66620],[-81.90135,21.61562],[-81.93236,21.62848],[-81.85920,21.66156],[-81.83901,21.66620]]],[[[-106.66084,21.69306],[-106.53445,21.65757],[-106.63115,21.60086],[-106.66084,21.69306]]],[[[-82.70372,21.89280],[-82.54076,21.59552],[-83.07852,21.46922],[-83.19180,21.63031],[-82.95909,21.56199],[-83.08560,21.80027],[-82.98949,21.94843],[-82.70372,21.89280]]],[[[-106.67813,21.77484],[-106.65776,21.73987],[-106.67896,21.72703],[-106.67813,21.77484]]],[[[-97.60171,21.75193],[-97.66348,21.77846],[-97.68492,21.86245],[-97.60171,21.75193]]],[[[-82.59117,21.92666],[-82.65786,21.93207],[-82.60773,21.93870],[-82.59117,21.92666]]],[[[-89.65057,22.36757],[-89.72972,22.58286],[-89.62492,22.49794],[-89.65057,22.36757]]],[[[-82.52285,22.55931],[-82.52831,22.64004],[-82.50772,22.59007],[-82.52285,22.55931]]],[[[-97.78856,22.77484],[-97.79613,22.72378],[-97.84317,22.68488],[-97.78856,22.77484]]],[[[-109.87392,24.15170],[-109.93322,24.37441],[-109.80286,24.13706],[-109.87392,24.15170]]],[[[-111.67325,24.35840],[-111.53945,24.37266],[-111.46295,24.32977],[-111.67325,24.35840]]],[[[-111.83734,24.51275],[-111.70811,24.29985],[-112.00684,24.5144],[-111.83734,24.51275]]],[[[-110.34804,24.40245],[-110.41574,24.56960],[-110.39750,24.59080],[-110.28786,24.46974],[-110.34804,24.40245]]],[[[-81.78441,24.54612],[-81.81456,24.54254],[-81.75251,24.57611],[-81.73200,24.55622],[-81.78441,24.54612]]],[[[-81.72573,24.55622],[-81.65685,24.59780],[-81.65005,24.57611],[-81.72573,24.55622]]],[[[-110.56141,24.81501],[-110.58679,24.82885],[-110.56519,24.84091],[-110.56141,24.81501]]],[[[-112.12532,25.26583],[-112.21371,24.84752],[-112.05990,24.54060],[-112.30459,24.79218],[-112.12532,25.26583]]],[[[-110.7069,25.10513],[-110.52492,24.88000],[-110.57915,24.86366],[-110.7069,25.10513]]],[[[-110.73274,25.28795],[-110.68952,25.30838],[-110.72887,25.25998],[-110.73274,25.28795]]],[[[-112.10583,25.32588],[-112.13805,25.29734],[-112.10292,25.48887],[-112.10583,25.32588]]],[[[-109.01309,25.44692],[-108.88272,25.44318],[-108.78652,25.38544],[-108.80394,25.37457],[-109.01309,25.44692]]],[[[-110.75318,25.59809],[-110.80356,25.67493],[-110.77341,25.71279],[-110.75318,25.59809]]],[[[-111.01288,25.67870],[-111.05955,25.70822],[-111.03715,25.71381],[-111.01288,25.67870]]],[[[-111.05636,26.07181],[-111.18080,25.90252],[-111.20499,25.80375],[-111.17602,26.04334],[-111.05636,26.07181]]],[[[-111.26372,26.13504],[-111.26424,26.10500],[-111.28662,26.12584],[-111.26372,26.13504]]],[[[-82.14879,26.46857],[-82.02684,26.44745],[-82.16393,26.45429],[-82.20494,26.55048],[-82.14879,26.46857]]],[[[-82.10851,26.51630],[-82.17764,26.70132],[-82.11363,26.65436],[-82.10851,26.51630]]],[[[-97.39753,26.831],[-97.40501,27.12523],[-97.39159,27.19310],[-97.37706,27.20783],[-97.16637,26.10284],[-97.39753,26.831]]],[[[-113.18024,26.72296],[-113.19180,26.68744],[-113.26455,26.70893],[-113.18024,26.72296]]],[[[-82.27843,26.81004],[-82.25796,26.75853],[-82.28750,26.80312],[-82.27843,26.81004]]],[[[-110.04444,27.087],[-109.95751,27.05196],[-109.93803,27.02116],[-110.04444,27.087]]],[[[-112.09009,27.25997],[-112.04525,27.21664],[-112.08744,27.18294],[-112.09009,27.25997]]],[[[-110.60417,27.31802],[-110.59404,27.33183],[-110.53434,27.28435],[-110.60417,27.31802]]],[[[-82.58918,27.32444],[-82.64903,27.38133],[-82.65428,27.41966],[-82.58918,27.32444]]],[[[-111.89226,27.42901],[-111.90108,27.44922],[-111.86297,27.44651],[-111.89226,27.42901]]],[[[-97.25414,27.65965],[-97.05260,27.84418],[-97.38809,27.22394],[-97.25414,27.65965]]],[[[-97.03441,27.85203],[-96.91405,28.09910],[-96.85484,28.13068],[-97.03441,27.85203]]],[[[-96.80776,28.18764],[-96.40758,28.39638],[-96.83580,28.07119],[-96.80776,28.18764]]],[[[-96.23253,28.48273],[-96.3697,28.40692],[-96.23253,28.48948],[-96.23253,28.48273]]],[[[-112.89376,28.67769],[-112.75240,28.59108],[-112.79792,28.60992],[-112.89376,28.67769]]],[[[-112.54795,28.72854],[-112.55393,28.67228],[-112.61315,28.72576],[-112.54795,28.72854]]],[[[-112.58303,28.87536],[-112.47386,29.16852],[-112.26433,29.24689],[-112.25318,28.76905],[-112.58303,28.87536]]],[[[-90.76716,29.04706],[-90.64220,29.07294],[-90.74942,29.04096],[-90.76716,29.04706]]],[[[-90.46458,29.05780],[-90.45230,29.06956],[-90.41340,29.04857],[-90.46458,29.05780]]],[[[-113.50470,29.09217],[-113.50682,29.03965],[-113.52714,29.09229],[-113.50470,29.09217]]],[[[-95.08128,29.13608],[-94.72440,29.33315],[-95.11654,29.08899],[-95.08128,29.13608]]],[[[-113.58910,29.40959],[-113.57114,29.53995],[-113.37028,29.31000],[-113.16852,29.27611],[-113.11479,28.98447],[-113.58910,29.40959]]],[[[-90.11986,29.50552],[-89.99168,29.44863],[-90.10179,29.47833],[-90.11986,29.50552]]],[[[-91.86139,29.63719],[-91.71397,29.57371],[-91.84048,29.48383],[-92.03652,29.58209],[-91.86139,29.63719]]],[[[-85.21279,29.68870],[-85.13829,29.69550],[-85.12035,29.63397],[-85.21279,29.68870]]],[[[-84.69269,29.76439],[-84.96947,29.61176],[-85.09732,29.62726],[-84.69269,29.76439]]],[[[-89.48998,29.73647],[-89.44131,29.78461],[-89.42731,29.74396],[-89.48998,29.73647]]],[[[-88.81094,29.91522],[-88.82103,29.83266],[-88.85456,29.76919],[-88.81777,29.93512],[-88.87242,30.05866],[-88.81777,29.98354],[-88.81094,29.91522]]],[[[-89.23436,29.94843],[-89.24059,29.92934],[-89.29548,29.92462],[-89.23436,29.94843]]],[[[-114.42201,29.96623],[-114.40184,29.98603],[-114.39478,29.96018],[-114.42201,29.96623]]],[[[-89.19176,30.04914],[-89.34532,30.06606],[-89.18081,30.16852],[-89.19176,30.04914]]],[[[-88.69782,30.25788],[-88.55626,30.21674],[-88.75633,30.25043],[-88.69782,30.25788]]],[[[-89.05797,30.25779],[-89.15355,30.22992],[-89.15355,30.23676],[-89.05797,30.25779]]],[[[-88.10903,30.27610],[-88.09097,30.24469],[-88.31126,30.23676],[-88.10903,30.27610]]],[[[-87.29649,30.33234],[-86.70059,30.41494],[-86.52184,30.40127],[-87.29649,30.33234]]],[[[-114.79820,31.75665],[-114.66954,31.72093],[-114.65269,31.68976],[-114.79820,31.75665]]],[[[-80.71092,-33.70533],[-80.70470,-33.76677],[-80.75934,-33.76677],[-80.71092,-33.70533]]],[[[-78.75763,-33.64324],[-78.86363,-33.63046],[-78.95689,-33.65691],[-78.88487,-33.57561],[-78.75763,-33.64324]]],[[[-76.22031,-14.26327],[-76.19523,-14.26329],[-76.19134,-14.29292],[-76.22031,-14.26327]]],[[[-76.43668,-13.83352],[-76.47025,-13.85385],[-76.45683,-13.82291],[-76.43668,-13.83352]]],[[[-80.83958,-6.47524],[-80.86384,-6.47583],[-80.85313,-6.37498],[-80.83958,-6.47524]]],[[[-80.13103,-3.02092],[-80.26594,-3.01848],[-80.21068,-2.72486],[-79.90282,-2.71746],[-80.13103,-3.02092]]],[[[-79.87723,-2.64967],[-79.81964,-2.48591],[-79.83323,-2.63601],[-79.87723,-2.64967]]],[[[-124.68910,48.33761],[-124.71825,48.35736],[-124.73025,48.37157],[-124.72752,48.38772],[-124.69651,48.39108],[-124.63816,48.38300],[-124.61955,48.36891],[-124.60797,48.36632],[-124.59336,48.37485],[-124.57489,48.37040],[-124.53207,48.34991],[-124.45799,48.31684],[-124.39921,48.29358],[-124.34683,48.28107],[-124.29634,48.26154],[-124.27400,48.25705],[-124.25084,48.26289],[-124.22765,48.25853],[-124.15980,48.23266],[-124.11141,48.21593],[-124.09984,48.20047],[-124.05018,48.17726],[-123.99707,48.17269],[-123.97099,48.16559],[-123.94394,48.16554],[-123.91883,48.16227],[-123.87342,48.16155],[-123.86188,48.15639],[-123.81833,48.16077],[-123.78888,48.15314],[-123.74202,48.15991],[-123.70034,48.16491],[-123.64169,48.15119],[-123.63387,48.14144],[-123.5846,48.13541],[-123.56703,48.14693],[-123.55239,48.15136],[-123.53502,48.14546],[-123.52361,48.1351],[-123.50548,48.13263],[-123.47560,48.13360],[-123.43589,48.14240],[-123.41850,48.14230],[-123.40502,48.13899],[-123.42630,48.13719],[-123.45342,48.13154],[-123.44966,48.12510],[-123.42173,48.11782],[-123.35799,48.11742],[-123.32232,48.11461],[-123.28746,48.11821],[-123.24692,48.11533],[-123.22362,48.12201],[-123.17060,48.16437],[-123.15003,48.17710],[-123.10825,48.18383],[-123.13072,48.17371],[-123.16128,48.15192],[-123.11180,48.14902],[-123.08918,48.12848],[-123.06302,48.11760],[-123.04045,48.08511],[-123.04527,48.05971],[-123.02969,48.04523],[-123.00788,48.03856],[-122.99681,48.03864],[-123.00572,48.07868],[-122.99913,48.09174],[-122.95693,48.09748],[-122.94107,48.09788],[-122.92748,48.09512],[-122.92174,48.08612],[-122.91877,48.07021],[-122.91079,48.06610],[-122.89972,48.06623],[-122.88695,48.06256],[-122.87254,48.04975],[-122.85728,48.02952],[-122.85338,48.01044],[-122.87328,48.00112],[-122.87328,47.99372],[-122.87123,47.99388],[-122.83483,48.01731],[-122.82485,48.03522],[-122.83690,48.04987],[-122.87706,48.07965],[-122.88166,48.09174],[-122.87775,48.10663],[-122.86831,48.11928],[-122.85627,48.12457],[-122.82384,48.13109],[-122.79491,48.14118],[-122.77017,48.14109],[-122.75039,48.11717],[-122.75987,48.11220],[-122.78453,48.10293],[-122.79137,48.09674],[-122.79198,48.08291],[-122.78449,48.07306],[-122.77538,48.06557],[-122.77067,48.05861],[-122.62010,47.87763],[-122.80036,47.67987],[-122.85643,47.82607],[-123.16128,47.35683],[-123.07412,47.34463],[-122.83918,47.43195],[-123.11351,47.39101],[-122.57095,47.81977],[-122.61318,47.94595],[-122.46837,47.75653],[-122.66104,47.73045],[-122.59215,47.58275],[-122.69692,47.62311],[-122.50792,47.52033],[-122.56851,47.26406],[-122.68626,47.30121],[-122.62791,47.37995],[-122.63312,47.40460],[-122.77277,47.17308],[-122.80565,47.39777],[-123.07876,47.13027],[-122.93024,47.17446],[-123.01048,47.08250],[-122.8933,47.04726],[-122.85285,47.16502],[-122.72248,47.08930],[-122.32359,47.37254],[-122.40436,47.79759],[-122.19172,48.02631],[-122.3756,48.21320],[-122.46947,48.17706],[-122.34801,48.05426],[-122.52611,48.17096],[-122.37531,48.28074],[-122.55894,48.43402],[-122.61446,48.41074],[-122.48710,48.50228],[-122.48839,48.51292],[-122.49425,48.52936],[-122.50352,48.54364],[-122.51585,48.55760],[-122.55602,48.57660],[-122.56700,48.58535],[-122.54662,48.58869],[-122.52513,48.58319],[-122.48534,48.55980],[-122.46808,48.55451],[-122.44762,48.56216],[-122.44029,48.58071],[-122.44432,48.60325],[-122.45787,48.62344],[-122.46646,48.62873],[-122.48412,48.63475],[-122.49258,48.64325],[-122.49714,48.65355],[-122.50304,48.67963],[-122.50255,48.68488],[-122.52513,48.69228],[-122.52110,48.70905],[-122.49885,48.73948],[-122.50861,48.75568],[-122.52993,48.76862],[-122.55467,48.77733],[-122.57453,48.78046],[-122.59361,48.77411],[-122.60977,48.75861],[-122.63971,48.72239],[-122.65038,48.71816],[-122.66014,48.72256],[-122.66734,48.73187],[-122.67015,48.74290],[-122.6669,48.74811],[-122.65290,48.75828],[-122.64964,48.76365],[-122.65819,48.77733],[-122.67699,48.79344],[-122.69595,48.80076],[-122.70490,48.78790],[-122.70059,48.81216],[-122.70384,48.82737],[-122.71422,48.83820],[-122.75755,48.86424],[-122.76821,48.87401],[-122.77253,48.88654],[-122.76838,48.89740],[-122.75914,48.90595],[-122.74990,48.91254],[-122.74583,48.91767],[-122.75886,48.93594],[-122.80809,48.93451],[-122.81354,48.95180],[-122.80101,48.96230],[-122.77749,48.96478],[-122.73155,48.95921],[-122.74111,48.97679],[-122.75951,49.00116],[-122.76099,49.00223],[-122.75516,49.00228],[-122.15917,49.00239],[-121.99586,49.00000],[-118.50000,48.99999],[-117.62619,49.00081],[-117.26835,49.00002],[-116.02706,49.00002],[-116.02705,49.00091],[-115.81625,49.00115],[-115.50282,49.00078],[-115.50115,49.00012],[-115.48437,49.00001],[-114.76351,49.00000],[-114.41062,49.00121],[-114.06833,48.99884],[-113.71696,48.99762],[-113.09839,48.99860],[-112.05988,48.99866],[-111.54608,48.99674],[-109.61376,49.00030],[-108.49999,49.00014],[-108.38937,48.99951],[-106.50000,49.00007],[-106.21749,48.99933],[-105.72913,49.00004],[-105.36732,48.99948],[-105.36722,49.00008],[-105.34453,48.99942],[-104.81555,48.99913],[-104.18746,49.00006],[-103.67494,48.99924],[-102.19608,48.99892],[-100.99999,49.00011],[-98.52752,49.00003],[-97.41483,49.00074],[-95.64290,48.99979],[-95.15320,48.99886],[-95.15337,49.38262],[-95.15397,49.38551],[-95.15342,49.38448],[-95.15065,49.38364],[-95.14989,49.38076],[-95.14674,49.38014],[-95.14530,49.37842],[-95.14223,49.37835],[-95.13987,49.37619],[-95.13290,49.37471],[-95.12893,49.37049],[-95.11612,49.36673],[-95.10716,49.36597],[-95.10329,49.36344],[-95.09121,49.36130],[-95.05814,49.35306],[-95.04885,49.35315],[-95.01411,49.35645],[-94.98915,49.36890],[-94.97467,49.36771],[-94.95756,49.37028],[-94.95225,49.36865],[-94.90872,49.35006],[-94.87812,49.33339],[-94.85407,49.32434],[-94.83643,49.32428],[-94.81574,49.32137],[-94.82433,49.30864],[-94.82524,49.29420],[-94.79725,49.21375],[-94.79793,49.19805],[-94.77287,49.12059],[-94.74973,49.09868],[-94.68345,48.88411],[-94.68431,48.87236],[-94.69239,48.86900],[-94.69031,48.86363],[-94.69306,48.85342],[-94.68558,48.84006],[-94.69750,48.83550],[-94.70200,48.83183],[-94.70428,48.82422],[-94.69511,48.80914],[-94.69597,48.79964],[-94.69439,48.78945],[-94.69089,48.77800],[-94.68708,48.77514],[-94.67686,48.77164],[-94.66719,48.76617],[-94.66030,48.76042],[-94.65203,48.75614],[-94.64539,48.74906],[-94.64536,48.74403],[-94.64128,48.74122],[-94.61916,48.73725],[-94.61064,48.73181],[-94.60119,48.72822],[-94.59630,48.72475],[-94.59139,48.71961],[-94.58764,48.71758],[-94.56855,48.71553],[-94.55583,48.71622],[-94.54903,48.71475],[-94.54575,48.71239],[-94.53852,48.70269],[-94.53294,48.70122],[-94.52477,48.70156],[-94.50930,48.70050],[-94.49961,48.69797],[-94.48639,48.69792],[-94.47066,48.69658],[-94.45239,48.69239],[-94.43883,48.69483],[-94.42416,48.70528],[-94.42139,48.70858],[-94.41891,48.71025],[-94.41583,48.71097],[-94.40602,48.71047],[-94.38408,48.71183],[-94.38019,48.71100],[-94.36880,48.70647],[-94.35333,48.70411],[-94.34313,48.70342],[-94.32875,48.70444],[-94.30880,48.71028],[-94.29119,48.70781],[-94.28291,48.70561],[-94.27455,48.69986],[-94.26450,48.69900],[-94.26108,48.69658],[-94.25144,48.68361],[-94.25075,48.67811],[-94.25483,48.66397],[-94.25466,48.66144],[-94.25094,48.65689],[-94.24680,48.65417],[-94.23355,48.65230],[-94.22419,48.64944],[-94.21450,48.64933],[-94.19966,48.65094],[-94.18863,48.65039],[-94.16783,48.64814],[-94.15749,48.64572],[-94.13916,48.64600],[-94.12608,48.64433],[-94.11002,48.64428],[-94.09994,48.64586],[-94.09127,48.64367],[-94.07674,48.64417],[-94.07144,48.64589],[-94.06585,48.64621],[-94.06427,48.64372],[-94.06030,48.64311],[-94.05252,48.64400],[-94.04324,48.64347],[-94.03561,48.64105],[-94.02955,48.64089],[-94.00694,48.64330],[-93.98408,48.64011],[-93.97777,48.63850],[-93.96799,48.63844],[-93.95969,48.63719],[-93.95302,48.63414],[-93.93405,48.63264],[-93.91694,48.63289],[-93.91347,48.63525],[-93.90572,48.63458],[-93.89488,48.63239],[-93.84435,48.63022],[-93.83649,48.62755],[-93.83344,48.62561],[-93.82930,48.61761],[-93.82141,48.60917],[-93.81752,48.59697],[-93.81308,48.58797],[-93.80635,48.57950],[-93.80416,48.57022],[-93.80516,48.56436],[-93.80805,48.55686],[-93.81199,48.55030],[-93.81024,48.54441],[-93.81096,48.54091],[-93.81799,48.53491],[-93.81849,48.53141],[-93.81616,48.52850],[-93.81110,48.52464],[-93.80302,48.52197],[-93.79335,48.51630],[-93.78799,48.51586],[-93.76174,48.51655],[-93.75349,48.51572],[-93.73905,48.51847],[-93.72060,48.51758],[-93.71085,48.51855],[-93.69302,48.51519],[-93.67783,48.51680],[-93.65930,48.51641],[-93.64730,48.51766],[-93.64335,48.51894],[-93.63952,48.52178],[-93.63574,48.52841],[-93.63116,48.53125],[-93.62844,48.53186],[-93.62566,48.53144],[-93.62119,48.52636],[-93.61666,48.52369],[-93.61224,48.52239],[-93.60516,48.52308],[-93.59627,48.52861],[-93.59013,48.53039],[-93.58102,48.52708],[-93.57619,48.52700],[-93.56024,48.52964],[-93.54769,48.52933],[-93.54249,48.52997],[-93.52691,48.53400],[-93.51716,48.53478],[-93.50107,48.54133],[-93.46738,48.54644],[-93.46257,48.54972],[-93.45969,48.55366],[-93.45766,48.55972],[-93.45752,48.56714],[-93.46184,48.57295],[-93.46716,48.58839],[-93.46563,48.58997],[-93.46546,48.59164],[-93.46269,48.59269],[-93.43982,48.59369],[-93.43477,48.59536],[-93.42982,48.59966],[-93.42266,48.60316],[-93.41930,48.60355],[-93.40566,48.60983],[-93.40349,48.60997],[-93.40294,48.60766],[-93.40128,48.60771],[-93.39863,48.60441],[-93.39538,48.60380],[-93.38371,48.60594],[-93.37144,48.60586],[-93.36727,48.60811],[-93.36199,48.61403],[-93.35507,48.61139],[-93.35269,48.61347],[-93.35335,48.61493],[-93.34866,48.62644],[-93.25466,48.64280],[-93.20752,48.64250],[-93.18399,48.62819],[-93.17838,48.62325],[-93.09032,48.62778],[-92.98457,48.62383],[-92.95477,48.63155],[-92.94977,48.63033],[-92.94999,48.60836],[-92.92954,48.60694],[-92.91004,48.59639],[-92.89449,48.59500],[-92.72840,48.53938],[-92.65785,48.54622],[-92.63487,48.54255],[-92.62821,48.52219],[-92.62551,48.51788],[-92.62690,48.51416],[-92.62507,48.51291],[-92.63087,48.50913],[-92.63190,48.50672],[-92.62701,48.50327],[-92.63062,48.50077],[-92.63709,48.49933],[-92.64701,48.49986],[-92.65410,48.50169],[-92.66146,48.49630],[-92.68574,48.49738],[-92.69868,48.49483],[-92.70118,48.48466],[-92.70924,48.47286],[-92.70851,48.47030],[-92.71268,48.46297],[-92.68810,48.44369],[-92.66351,48.44002],[-92.65621,48.43647],[-92.57654,48.44058],[-92.53693,48.44774],[-92.50746,48.44796],[-92.49426,48.43588],[-92.48934,48.43024],[-92.48198,48.42830],[-92.48073,48.42630],[-92.48098,48.42521],[-92.47543,48.41860],[-92.45643,48.41408],[-92.45637,48.40110],[-92.47648,48.37191],[-92.46976,48.35207],[-92.45237,48.32802],[-92.44057,48.31532],[-92.43671,48.30888],[-92.43182,48.30516],[-92.42898,48.30591],[-92.42562,48.30460],[-92.42046,48.29894],[-92.41562,48.29507],[-92.40176,48.27135],[-92.39309,48.26002],[-92.39271,48.25891],[-92.39343,48.25757],[-92.38918,48.25369],[-92.39012,48.25271],[-92.39221,48.25302],[-92.39234,48.25116],[-92.39071,48.25066],[-92.38671,48.25174],[-92.38587,48.25132],[-92.38468,48.24916],[-92.38684,48.24919],[-92.38634,48.24749],[-92.38815,48.24644],[-92.38723,48.24432],[-92.38379,48.24455],[-92.38440,48.24246],[-92.38401,48.24030],[-92.38065,48.23641],[-92.37851,48.23521],[-92.37918,48.23427],[-92.37812,48.23296],[-92.37837,48.23032],[-92.37582,48.22827],[-92.37515,48.22594],[-92.37262,48.22352],[-92.37079,48.22380],[-92.36990,48.22027],[-92.36912,48.22016],[-92.36685,48.22227],[-92.36871,48.22366],[-92.36804,48.22407],[-92.36218,48.22266],[-92.36029,48.22549],[-92.35448,48.22852],[-92.35354,48.23007],[-92.34396,48.23207],[-92.34190,48.23169],[-92.34046,48.23399],[-92.33654,48.23566],[-92.33384,48.23388],[-92.33209,48.23391],[-92.31487,48.24049],[-92.28037,48.24435],[-92.26957,48.24819],[-92.27362,48.25652],[-92.29015,48.26505],[-92.29454,48.27121],[-92.29315,48.27596],[-92.29562,48.27793],[-92.30143,48.28830],[-92.29454,48.30621],[-92.30615,48.31624],[-92.30445,48.32282],[-92.29543,48.32385],[-92.28881,48.34280],[-92.26254,48.35491],[-92.22159,48.34885],[-92.21970,48.34807],[-92.21695,48.34494],[-92.20670,48.34563],[-92.20651,48.34721],[-92.20770,48.34788],[-92.20387,48.35182],[-92.19506,48.35044],[-92.19454,48.34874],[-92.19279,48.34871],[-92.17851,48.35180],[-92.17909,48.35488],[-92.17740,48.35713],[-92.16198,48.36330],[-92.14487,48.36569],[-92.14368,48.35602],[-92.08354,48.35371],[-92.07815,48.35802],[-92.06698,48.35944],[-92.05520,48.35935],[-92.04884,48.34857],[-92.04587,48.34782],[-92.04509,48.34571],[-92.04781,48.34357],[-92.04693,48.33477],[-92.03765,48.33305],[-92.03076,48.32569],[-92.00009,48.32107],[-92.01295,48.29744],[-92.01201,48.28699],[-92.00723,48.28055],[-92.00651,48.26541],[-91.98912,48.26027],[-91.98057,48.24791],[-91.97737,48.24716],[-91.97746,48.24549],[-91.97562,48.24432],[-91.97348,48.24660],[-91.97040,48.24780],[-91.97001,48.24869],[-91.97246,48.25057],[-91.97182,48.25282],[-91.96996,48.25377],[-91.95901,48.25366],[-91.95701,48.25230],[-91.95409,48.25224],[-91.95404,48.24946],[-91.94801,48.24594],[-91.94959,48.24449],[-91.95826,48.24382],[-91.95704,48.23885],[-91.95976,48.23680],[-91.95835,48.23313],[-91.95123,48.23338],[-91.94510,48.23038],[-91.94207,48.23035],[-91.93757,48.23419],[-91.92112,48.23680],[-91.91487,48.23891],[-91.90762,48.23832],[-91.90582,48.23721],[-91.89310,48.23796],[-91.88432,48.22741],[-91.86754,48.21919],[-91.86435,48.20694],[-91.83588,48.21030],[-91.83251,48.20935],[-91.81543,48.21180],[-91.81410,48.20838],[-91.80943,48.20627],[-91.79727,48.20269],[-91.79107,48.20249],[-91.78863,48.19633],[-91.78613,48.19616],[-91.78065,48.20074],[-91.76421,48.20060],[-91.76074,48.20480],[-91.75590,48.20599],[-91.75352,48.20085],[-91.74838,48.19869],[-91.74152,48.19932],[-91.74207,48.20460],[-91.73716,48.20419],[-91.71535,48.19949],[-91.71313,48.19802],[-91.71032,48.19388],[-91.71038,48.19255],[-91.71224,48.18752],[-91.72132,48.18027],[-91.72435,48.17052],[-91.72302,48.16896],[-91.71702,48.17185],[-91.70938,48.17291],[-91.70482,48.17071],[-91.70466,48.16005],[-91.70691,48.15374],[-91.70810,48.15299],[-91.70321,48.14519],[-91.69916,48.14505],[-91.69810,48.14408],[-91.69777,48.14160],[-91.69946,48.13747],[-91.69952,48.13197],[-91.70380,48.12483],[-91.70782,48.12338],[-91.70935,48.11938],[-91.71174,48.11749],[-91.71257,48.11552],[-91.71174,48.11463],[-91.70335,48.11372],[-91.69216,48.11688],[-91.69118,48.11810],[-91.69210,48.11974],[-91.68210,48.12249],[-91.68355,48.11769],[-91.68757,48.11188],[-91.68180,48.10980],[-91.68088,48.10830],[-91.67677,48.10749],[-91.66735,48.10869],[-91.66507,48.10713],[-91.66263,48.10913],[-91.66185,48.11191],[-91.65324,48.11438],[-91.65180,48.11394],[-91.65113,48.11299],[-91.65307,48.10980],[-91.64799,48.10633],[-91.64696,48.10383],[-91.63991,48.09711],[-91.61485,48.10227],[-91.58880,48.10247],[-91.57558,48.10691],[-91.55910,48.10858],[-91.55283,48.10324],[-91.56944,48.09369],[-91.57538,48.06672],[-91.57271,48.05738],[-91.57544,48.04894],[-91.56749,48.04377],[-91.54166,48.05386],[-91.48819,48.06838],[-91.46472,48.06686],[-91.44999,48.06908],[-91.44622,48.06774],[-91.44663,48.06302],[-91.43777,48.05247],[-91.43773,48.04989],[-91.42958,48.04866],[-91.42713,48.05000],[-91.41358,48.05369],[-91.39088,48.05716],[-91.37838,48.06591],[-91.37083,48.06972],[-91.36497,48.06711],[-91.35258,48.07118],[-91.33997,48.07355],[-91.33638,48.07108],[-91.33636,48.06969],[-91.33127,48.06961],[-91.32936,48.06997],[-91.32447,48.07294],[-91.31475,48.07355],[-91.30686,48.07283],[-91.28972,48.07416],[-91.27591,48.07877],[-91.26677,48.07883],[-91.24969,48.08408],[-91.23489,48.09613],[-91.22805,48.09922],[-91.21491,48.10286],[-91.19005,48.12511],[-91.18289,48.12219],[-91.17661,48.12552],[-91.15630,48.14050],[-91.13733,48.14925],[-91.13805,48.15194],[-91.14014,48.15169],[-91.14261,48.15461],[-91.11986,48.16069],[-91.11472,48.16650],[-91.09197,48.17366],[-91.08800,48.17830],[-91.08247,48.18113],[-91.07886,48.17952],[-91.07589,48.17936],[-91.06547,48.18141],[-91.06281,48.18552],[-91.05922,48.18533],[-91.05542,48.18830],[-91.03639,48.19011],[-91.03108,48.18883],[-91.02369,48.19044],[-91.02208,48.19283],[-91.02011,48.19302],[-91.01975,48.19411],[-91.01231,48.19844],[-91.00281,48.20072],[-91.00411,48.20302],[-90.97697,48.21955],[-90.92642,48.22980],[-90.91508,48.23075],[-90.90686,48.23750],[-90.88575,48.24594],[-90.88153,48.24050],[-90.87508,48.23783],[-90.86694,48.23822],[-90.84767,48.24452],[-90.84383,48.24369],[-90.84311,48.24119],[-90.83931,48.23955],[-90.83770,48.23472],[-90.83981,48.22827],[-90.83758,48.22652],[-90.83725,48.22505],[-90.83483,48.20180],[-90.83420,48.18652],[-90.83639,48.17702],[-90.83256,48.17350],[-90.82614,48.17708],[-90.82470,48.17683],[-90.82345,48.17805],[-90.82578,48.18358],[-90.82103,48.18466],[-90.81753,48.17939],[-90.80986,48.17969],[-90.80408,48.17780],[-90.80297,48.17255],[-90.80172,48.17072],[-90.80114,48.16408],[-90.80075,48.16316],[-90.79753,48.16152],[-90.79642,48.15919],[-90.79308,48.16139],[-90.79036,48.15994],[-90.78595,48.16100],[-90.78343,48.16386],[-90.78192,48.16450],[-90.77795,48.16383],[-90.77617,48.16189],[-90.77900,48.15052],[-90.77783,48.14827],[-90.78084,48.14586],[-90.78397,48.14638],[-90.78934,48.14386],[-90.79225,48.14127],[-90.79675,48.13938],[-90.79822,48.13688],[-90.79530,48.13553],[-90.78766,48.13597],[-90.78589,48.13525],[-90.78222,48.13586],[-90.78175,48.13522],[-90.78347,48.13263],[-90.78489,48.13322],[-90.78797,48.13269],[-90.78978,48.13013],[-90.78703,48.12769],[-90.78386,48.12811],[-90.78275,48.12769],[-90.78347,48.12680],[-90.78184,48.12575],[-90.77639,48.12400],[-90.77411,48.11863],[-90.76875,48.11658],[-90.76670,48.11441],[-90.76714,48.11058],[-90.76128,48.09997],[-90.76142,48.09838],[-90.75159,48.09097],[-90.74145,48.09455],[-90.70292,48.09602],[-90.68628,48.10041],[-90.64150,48.10352],[-90.62706,48.11177],[-90.61609,48.11216],[-90.60614,48.11583],[-90.59128,48.11744],[-90.59031,48.11955],[-90.58206,48.12361],[-90.57967,48.12380],[-90.57575,48.12061],[-90.56542,48.12247],[-90.55911,48.12172],[-90.55550,48.11691],[-90.56973,48.10683],[-90.56749,48.10168],[-90.56427,48.09872],[-90.55670,48.09591],[-90.51695,48.09930],[-90.51031,48.09727],[-90.50779,48.09906],[-90.50280,48.09938],[-90.49611,48.09858],[-90.49361,48.10136],[-90.48984,48.09899],[-90.48670,48.09905],[-90.48023,48.10200],[-90.47762,48.10525],[-90.47125,48.10591],[-90.46739,48.10875],[-90.46531,48.10855],[-90.46200,48.10650],[-90.45228,48.10505],[-90.44745,48.10344],[-90.44337,48.10061],[-90.43845,48.09866],[-90.41067,48.10505],[-90.40317,48.10508],[-90.39619,48.10130],[-90.39041,48.10003],[-90.38618,48.09804],[-90.38491,48.09485],[-90.38174,48.09298],[-90.37442,48.09095],[-90.37273,48.09132],[-90.37395,48.09287],[-90.37372,48.09395],[-90.37168,48.09360],[-90.36745,48.09469],[-90.35381,48.09497],[-90.34431,48.09430],[-90.34303,48.09550],[-90.33809,48.09614],[-90.33695,48.09958],[-90.33006,48.10227],[-90.32245,48.10291],[-90.31006,48.10555],[-90.30578,48.10516],[-90.30392,48.10399],[-90.29804,48.10250],[-90.29284,48.09900],[-90.28926,48.09908],[-90.27453,48.10319],[-90.26445,48.10341],[-90.25384,48.10225],[-90.23398,48.10725],[-90.22517,48.10825],[-90.21651,48.10655],[-90.21070,48.10639],[-90.19503,48.10839],[-90.18862,48.10808],[-90.17651,48.11244],[-90.16428,48.10978],[-90.15087,48.11044],[-90.14265,48.11275],[-90.11601,48.10422],[-90.09162,48.10466],[-90.07412,48.10130],[-90.06645,48.09853],[-90.05748,48.09644],[-90.05028,48.09258],[-90.04137,48.08941],[-90.03909,48.09003],[-90.02937,48.08758],[-90.02334,48.08483],[-90.01878,48.07203],[-90.01484,48.06722],[-90.01081,48.06800],[-90.00987,48.06905],[-90.00873,48.06864],[-90.00645,48.06558],[-90.00445,48.06533],[-90.00453,48.06453],[-89.99812,48.05800],[-89.99384,48.04939],[-89.99612,48.04239],[-89.99733,48.03518],[-89.99585,48.03357],[-89.99460,48.03094],[-89.99481,48.02906],[-89.99366,48.02803],[-89.99045,48.02861],[-89.99032,48.02785],[-89.98909,48.02760],[-89.99029,48.02666],[-89.98831,48.02543],[-89.98549,48.02621],[-89.98042,48.02403],[-89.97496,48.02316],[-89.97349,48.02022],[-89.97194,48.01960],[-89.97168,48.01792],[-89.96846,48.01470],[-89.96385,48.01495],[-89.95301,48.01074],[-89.95147,48.01094],[-89.94998,48.01297],[-89.95105,48.01519],[-89.95054,48.01619],[-89.94387,48.01440],[-89.94091,48.01463],[-89.94013,48.01569],[-89.93463,48.01568],[-89.93129,48.00854],[-89.92581,48.00615],[-89.92579,48.00373],[-89.92813,48.00210],[-89.92173,47.99991],[-89.92282,47.99849],[-89.92205,47.99699],[-89.91692,47.99702],[-89.91472,47.99444],[-89.90372,47.99188],[-89.90102,47.98931],[-89.89687,47.98748],[-89.89129,47.98799],[-89.88551,47.98639],[-89.87917,47.98678],[-89.87245,47.98536],[-89.87116,47.98595],[-89.86846,47.98999],[-89.84671,47.99276],[-89.84405,47.99705],[-89.84225,47.99741],[-89.84225,48.00151],[-89.84456,48.00321],[-89.83802,48.00201],[-89.83432,47.99953],[-89.83126,47.99962],[-89.82924,48.00225],[-89.82895,48.00498],[-89.82265,48.00934],[-89.82199,48.01077],[-89.82391,48.01127],[-89.82090,48.01281],[-89.82107,48.01416],[-89.81970,48.01548],[-89.80983,48.01656],[-89.80742,48.01747],[-89.80597,48.01421],[-89.80093,48.01400],[-89.79654,48.01558],[-89.79464,48.01762],[-89.79240,48.01830],[-89.78196,48.01777],[-89.77834,48.01922],[-89.77514,48.02289],[-89.77421,48.02254],[-89.77361,48.02043],[-89.76747,48.02264],[-89.75626,48.02323],[-89.75325,48.02215],[-89.74988,48.02351],[-89.74620,48.02199],[-89.74470,48.02234],[-89.74279,48.02103],[-89.74333,48.02017],[-89.74261,48.01976],[-89.73369,48.02187],[-89.73194,48.01997],[-89.73242,48.01889],[-89.72393,48.01916],[-89.72430,48.02076],[-89.72119,48.01994],[-89.71994,48.01914],[-89.71990,48.01781],[-89.72407,48.01693],[-89.72420,48.01368],[-89.72136,48.01423],[-89.71864,48.01722],[-89.71695,48.01716],[-89.71618,48.01642],[-89.71706,48.01389],[-89.71623,48.01288],[-89.71626,48.00943],[-89.70822,48.01039],[-89.70583,48.00794],[-89.70259,48.00632],[-89.68847,48.01076],[-89.68681,48.01078],[-89.68455,48.00946],[-89.67367,48.01154],[-89.66713,48.00736],[-89.66438,48.00818],[-89.66258,48.01063],[-89.65744,48.01020],[-89.65303,48.00433],[-89.65005,48.00359],[-89.64857,48.00393],[-89.64669,48.00596],[-89.64436,48.00631],[-89.64180,48.00579],[-89.63926,48.00356],[-89.63718,48.00381],[-89.63803,48.00905],[-89.62985,48.01028],[-89.62659,48.01156],[-89.61826,48.01091],[-89.61442,48.01524],[-89.61062,48.01785],[-89.60914,48.01680],[-89.60990,48.01511],[-89.60853,48.01189],[-89.61052,48.00966],[-89.60776,48.00657],[-89.59736,48.00427],[-89.59454,48.00444],[-89.58609,48.00178],[-89.58508,48.00112],[-89.58559,47.99961],[-89.58492,47.99802],[-89.58242,47.99641],[-89.58075,47.99634],[-89.57093,47.99820],[-89.56467,48.00261],[-89.48937,48.01456],[-89.33743,47.97409],[-88.99999,48.11322],[-88.67922,48.24394],[-88.36861,48.30561],[-87.99773,48.16590],[-87.30151,47.89771],[-86.49586,47.57634],[-86.00000,47.37305],[-85.76644,47.27578],[-85.28471,47.07200],[-85.11294,47.00229],[-84.85434,46.89222],[-84.82808,46.80641],[-84.76281,46.63427],[-84.55683,46.46081],[-84.47650,46.45288],[-84.44521,46.48908],[-84.42113,46.50058],[-84.39552,46.49861],[-84.37413,46.50917],[-84.34188,46.50750],[-84.32516,46.49983],[-84.29374,46.49289],[-84.27624,46.49294],[-84.26546,46.49442],[-84.26693,46.49472],[-84.26436,46.49508],[-84.25475,46.50085],[-84.22588,46.53405],[-84.19366,46.54022],[-84.17768,46.52708],[-84.16680,46.52630],[-84.15366,46.52828],[-84.14682,46.53103],[-84.13946,46.53244],[-84.12899,46.53050],[-84.12332,46.52108],[-84.11819,46.51794],[-84.11113,46.50422],[-84.14605,46.41878],[-84.13899,46.37244],[-84.12008,46.33836],[-84.10594,46.32197],[-84.11944,46.31489],[-84.11541,46.26803],[-84.09763,46.25636],[-84.10825,46.24144],[-84.08580,46.21014],[-84.07713,46.18733],[-84.00597,46.14944],[-84.00630,46.11830],[-83.97633,46.10241],[-83.95547,46.05675],[-83.90352,46.06044],[-83.82633,46.11886],[-83.75986,46.10272],[-83.65499,46.12169],[-83.57194,46.10578],[-83.43377,45.99816],[-83.49999,45.92666],[-83.59393,45.81986],[-83.10663,45.60453],[-82.87744,45.50163],[-82.74195,45.50328],[-82.50293,45.50452],[-82.21763,45.50262],[-82.11725,45.50264],[-82.11708,45.50008],[-81.99999,45.50000],[-81.99999,45.36082],[-81.81676,45.36155],[-81.81677,45.34300],[-81.80208,45.30938],[-81.77817,45.28322],[-81.74523,45.25021],[-81.74479,45.21721],[-81.72211,45.18206],[-81.69009,45.13835],[-81.65249,45.09734],[-81.60295,45.04687],[-81.57194,45.01831],[-81.55432,45.01020],[-81.49746,45.00238],[-81.45319,44.99945],[-81.44744,44.99375],[-81.44820,44.96495],[-81.44439,44.95043],[-81.43406,44.93377],[-81.42898,44.92395],[-81.42351,44.90459],[-81.41388,44.87698],[-81.37186,44.79748],[-81.34470,44.76212],[-81.33725,44.75785],[-81.35372,44.68736],[-81.35230,44.65167],[-81.35238,44.62921],[-81.35335,44.61469],[-81.37515,44.56532],[-81.39673,44.54030],[-81.39967,44.53526],[-81.41657,44.51563],[-81.43839,44.49645],[-81.44754,44.49129],[-81.47084,44.48193],[-81.48879,44.47217],[-81.49645,44.46669],[-81.49912,44.46603],[-81.55062,44.42359],[-81.62829,44.34576],[-81.63446,44.33507],[-81.64050,44.32200],[-81.66057,44.25008],[-81.67575,44.21640],[-81.68326,44.19765],[-81.68962,44.18794],[-81.71072,44.16539],[-81.73675,44.13440],[-81.75374,44.10695],[-81.76124,44.09145],[-81.76637,44.07231],[-81.76535,44.05309],[-81.76433,44.04600],[-81.76197,44.04111],[-81.75888,44.03057],[-81.75266,44.01430],[-81.74672,44.00194],[-81.74775,43.99337],[-81.74702,43.99056],[-81.74673,43.97962],[-81.74499,43.96489],[-81.74065,43.94073],[-81.74074,43.93410],[-81.73692,43.90882],[-81.73554,43.89378],[-81.73530,43.86640],[-81.73807,43.84353],[-81.74032,43.81549],[-81.73891,43.79993],[-81.73994,43.79445],[-81.73285,43.76143],[-81.73254,43.74985],[-81.73662,43.74542],[-81.73968,43.73614],[-81.74036,43.71472],[-81.74168,43.70458],[-81.73880,43.69549],[-81.73490,43.67324],[-81.72204,43.54858],[-81.71974,43.50083],[-81.71850,43.49718],[-81.72501,43.47750],[-81.72966,43.46894],[-81.73496,43.45270],[-81.73980,43.39601],[-81.74375,43.37367],[-81.74768,43.35964],[-81.75752,43.33149],[-81.76332,43.31963],[-81.76961,43.32217],[-81.89503,43.25181],[-81.90643,43.24844],[-81.98363,43.23547],[-81.99998,43.23681],[-81.99999,43.25000],[-82.29490,43.25004],[-82.41373,43.01153],[-82.42401,42.99811],[-82.42452,42.99224],[-82.42129,42.98546],[-82.41302,42.97745],[-82.41669,42.96686],[-82.42859,42.95223],[-82.44777,42.93764],[-82.45527,42.92671],[-82.46209,42.90605],[-82.47029,42.88747],[-82.46821,42.85543],[-82.47266,42.83672],[-82.47879,42.82553],[-82.48203,42.80816],[-82.48055,42.80205],[-82.47184,42.78607],[-82.46784,42.77034],[-82.46738,42.76247],[-82.48386,42.73348],[-82.48364,42.71844],[-82.49461,42.70031],[-82.51047,42.66481],[-82.50967,42.63803],[-82.51862,42.61413],[-82.52339,42.60740],[-82.54917,42.59114],[-82.55344,42.58504],[-82.56027,42.57917],[-82.56867,42.57402],[-82.58031,42.56408],[-82.58395,42.55388],[-82.59114,42.54990],[-82.60545,42.54848],[-82.61054,42.54980],[-82.61666,42.55431],[-82.62395,42.55690],[-82.63304,42.55701],[-82.64120,42.55479],[-82.65460,42.54682],[-82.66238,42.54120],[-82.66915,42.53189],[-82.82801,42.37348],[-82.94522,42.34695],[-82.95918,42.33939],[-82.98848,42.33248],[-83.01915,42.32947],[-83.06340,42.31789],[-83.07930,42.30896],[-83.09703,42.28964],[-83.11158,42.26055],[-83.12803,42.23868],[-83.13401,42.17478],[-83.12173,42.12518],[-83.14950,42.04078],[-83.06911,41.86357],[-82.83117,41.75007],[-82.68019,41.67694],[-82.49999,41.67705],[-82.49999,41.96878],[-82.49690,41.98088],[-82.49450,41.98528],[-82.46903,42.00003],[-82.46531,42.05985],[-82.35361,42.09067],[-82.16487,42.18753],[-82.04683,42.25004],[-81.85446,42.25008],[-81.82372,42.25312],[-81.79583,42.25864],[-81.78619,42.26125],[-81.78081,42.26515],[-81.77748,42.27008],[-81.77671,42.27608],[-81.77767,42.28138],[-81.81046,42.30764],[-81.62421,42.43590],[-81.57614,42.39602],[-81.50132,42.33562],[-81.50246,42.50125],[-81.47416,42.50560],[-81.45507,42.50751],[-81.33185,42.51781],[-81.22023,42.52419],[-81.22025,42.52344],[-81.15818,42.52661],[-81.13577,42.52682],[-81.03885,42.52131],[-81.00744,42.52072],[-80.72369,42.50780],[-80.43026,42.50664],[-80.24864,42.50737],[-80.15560,42.52147],[-80.05044,42.53574],[-80.03315,42.54024],[-80.02612,42.54505],[-80.01767,42.55937],[-80.05902,42.67058],[-80.05131,42.75115],[-80.03179,42.75897],[-80.00635,42.76040],[-79.90448,42.76027],[-79.66953,42.76324],[-79.61761,42.76424],[-79.50344,42.76865],[-79.43561,42.76896],[-79.40506,42.76522],[-79.33150,42.75222],[-79.28297,42.75069],[-79.27863,42.75271],[-79.26462,42.75385],[-79.23459,42.75428],[-79.18517,42.75206],[-79.17167,42.75348],[-79.14156,42.75128],[-78.93544,42.82836],[-78.91886,42.87360],[-78.90614,42.90015],[-78.90590,42.92377],[-78.90986,42.93363],[-78.91957,42.94720],[-78.93302,42.95616],[-78.96199,42.95785],[-78.97511,42.96877],[-79.01200,42.98533],[-79.02026,42.99483],[-79.02344,43.01627],[-79.01186,43.02916],[-79.00533,43.04724],[-78.99966,43.05599],[-79.00741,43.06591],[-79.06803,43.07685],[-79.07670,43.08038],[-79.06483,43.09389],[-79.05817,43.10682],[-79.05833,43.10927],[-79.06014,43.11374],[-79.07041,43.12091],[-79.06728,43.12170],[-79.06098,43.12577],[-79.05554,43.12815],[-79.05183,43.13238],[-79.04312,43.13919],[-79.04253,43.14347],[-79.04264,43.14870],[-79.04448,43.15223],[-79.04738,43.16315],[-79.05366,43.17130],[-79.05292,43.18537],[-79.04889,43.19829],[-79.04978,43.20227],[-79.05620,43.20982],[-79.05656,43.21136],[-79.05299,43.22187],[-79.05585,43.23340],[-79.05610,43.23740],[-79.05466,43.24660],[-79.05505,43.25270],[-79.05861,43.25811],[-79.06826,43.26200],[-79.07197,43.26535],[-79.08930,43.26485],[-79.11214,43.25899],[-79.12221,43.25921],[-79.12812,43.26047],[-79.13943,43.25784],[-79.15199,43.24987],[-79.19204,43.23284],[-79.20259,43.22995],[-79.20401,43.24645],[-79.31889,43.24821],[-79.32047,43.18945],[-79.31777,43.18504],[-79.32536,43.18346],[-79.34320,43.18217],[-79.36209,43.18393],[-79.38537,43.19246],[-79.40940,43.19958],[-79.51326,43.19847],[-79.51334,43.20027],[-79.52303,43.20031],[-79.55145,43.20983],[-79.57933,43.21024],[-79.61879,43.23337],[-79.62229,43.22575],[-79.62858,43.22857],[-79.65021,43.22314],[-79.65395,43.22289],[-79.66566,43.22582],[-79.67374,43.23085],[-79.67454,43.23061],[-79.68215,43.23398],[-79.68575,43.23380],[-79.69455,43.23601],[-79.70576,43.23542],[-79.71106,43.23680],[-79.71896,43.23993],[-79.72390,43.24290],[-79.73244,43.24571],[-79.73398,43.24556],[-79.77674,43.27531],[-79.79317,43.30113],[-79.79692,43.31786],[-79.76999,43.33381],[-79.73913,43.35612],[-79.72877,43.36192],[-79.68322,43.39878],[-79.67577,43.40580],[-79.66779,43.41588],[-79.64518,43.44876],[-79.63352,43.46392],[-79.61616,43.47491],[-79.51928,43.56331],[-79.50809,43.57525],[-79.49347,43.59278],[-79.47691,43.60840],[-79.46376,43.62367],[-79.46950,43.63165],[-79.46734,43.63316],[-79.45515,43.63545],[-79.44676,43.63424],[-79.42519,43.62556],[-79.42487,43.62478],[-79.40611,43.62763],[-79.40528,43.62528],[-79.40100,43.62597],[-79.39461,43.61927],[-79.39313,43.61224],[-79.38963,43.61036],[-79.38367,43.61038],[-79.37615,43.61331],[-79.37090,43.61440],[-79.35597,43.62536],[-79.34416,43.61242],[-79.34374,43.61080],[-79.33928,43.61291],[-79.32648,43.62624],[-79.31657,43.62609],[-79.31848,43.64683],[-79.31347,43.64855],[-79.30082,43.65737],[-79.29753,43.66385],[-79.29224,43.66670],[-79.28448,43.66922],[-79.27917,43.66964],[-79.26101,43.68796],[-79.23261,43.69983],[-79.22157,43.71019],[-79.21851,43.72100],[-79.21224,43.72719],[-79.18939,43.74462],[-79.17287,43.75357],[-79.15643,43.75846],[-79.15236,43.75861],[-79.14559,43.76560],[-79.13410,43.77451],[-79.11346,43.79377],[-79.10207,43.80328],[-79.09195,43.80948],[-79.08377,43.80970],[-79.07284,43.80591],[-79.06041,43.80572],[-79.04508,43.81388],[-79.03837,43.81524],[-79.03866,43.81599],[-79.03345,43.81662],[-79.02403,43.81580],[-79.01618,43.81934],[-79.01111,43.81961],[-79.00683,43.82238],[-78.99668,43.82680],[-78.98385,43.82708],[-78.98055,43.82790],[-78.97222,43.83209],[-78.96506,43.83898],[-78.96014,43.84252],[-78.95103,43.84565],[-78.94358,43.84587],[-78.93505,43.85112],[-78.92907,43.85153],[-78.92811,43.84900],[-78.92703,43.84998],[-78.92726,43.85100],[-78.92559,43.85102],[-78.91020,43.84679],[-78.90208,43.84545],[-78.90038,43.84624],[-78.90067,43.84770],[-78.89877,43.84946],[-78.89281,43.85274],[-78.88782,43.85342],[-78.88219,43.85262],[-78.87368,43.83372],[-78.86865,43.83507],[-78.78232,43.83576],[-78.79619,43.86702],[-78.79529,43.86748],[-78.78517,43.86964],[-78.77362,43.86823],[-78.75394,43.86794],[-78.73848,43.86998],[-78.73206,43.86949],[-78.73127,43.86812],[-78.73009,43.86791],[-78.72940,43.86881],[-78.72946,43.86772],[-78.72544,43.86689],[-78.71294,43.86742],[-78.70267,43.87170],[-78.69845,43.87455],[-78.69199,43.87670],[-78.68965,43.87636],[-78.68496,43.87282],[-78.68392,43.87292],[-78.68326,43.87348],[-78.68425,43.87847],[-78.68106,43.87998],[-78.67745,43.88419],[-78.67222,43.88690],[-78.66600,43.88788],[-78.66455,43.88773],[-78.66334,43.88654],[-78.66372,43.88855],[-78.65793,43.89103],[-78.65261,43.89225],[-78.63618,43.89292],[-78.63271,43.89520],[-78.61748,43.89855],[-78.61051,43.89888],[-78.59970,43.89603],[-78.59216,43.89620],[-78.58513,43.89523],[-78.57698,43.89564],[-78.57527,43.89709],[-78.57285,43.89739],[-78.56233,43.89508],[-78.55401,43.89635],[-78.54138,43.89594],[-78.53027,43.89814],[-78.50245,43.90059],[-78.48220,43.89653],[-78.46641,43.90035],[-78.45457,43.90499],[-78.44618,43.90964],[-78.43695,43.91194],[-78.42970,43.89528],[-78.27833,43.91899],[-78.12943,43.92241],[-78.00187,43.93836],[-77.90433,43.95870],[-77.88262,43.96245],[-77.86635,43.96219],[-77.84498,43.95899],[-77.79989,43.95985],[-77.78736,43.95922],[-77.77495,43.95698],[-77.76346,43.95373],[-77.74909,43.95288],[-77.75402,43.96363],[-77.62507,43.99716],[-77.56603,43.87860],[-77.51347,43.87488],[-77.49630,43.87092],[-77.32803,43.82110],[-77.23217,43.80664],[-77.20754,43.80353],[-77.14802,43.79816],[-77.00431,43.80358],[-76.99127,43.80526],[-76.79743,43.86560],[-76.58250,43.90936],[-76.43874,44.09412],[-76.35269,44.13438],[-76.31264,44.19912],[-76.28643,44.20387],[-76.24542,44.20391],[-76.20682,44.21504],[-76.19157,44.22155],[-76.16426,44.23988],[-76.16181,44.28075],[-76.13121,44.29649],[-76.12941,44.29514],[-76.11833,44.29493],[-76.11169,44.29816],[-76.09691,44.29980],[-76.04550,44.33188],[-76.00856,44.34403],[-76.00121,44.34793],[-75.98571,44.34690],[-75.98183,44.34746],[-75.98002,44.34603],[-75.97501,44.34597],[-75.97289,44.34304],[-75.97008,44.34249],[-75.94969,44.34894],[-75.94104,44.35455],[-75.92950,44.35926],[-75.92159,44.36870],[-75.91283,44.36778],[-75.86988,44.39614],[-75.82137,44.43202],[-75.80760,44.47169],[-75.76691,44.51525],[-75.72096,44.54741],[-75.69904,44.56592],[-75.66330,44.59112],[-75.61833,44.61964],[-75.50490,44.70536],[-75.47607,44.72061],[-75.42366,44.75608],[-75.41382,44.77216],[-75.39668,44.77334],[-75.38824,44.77935],[-75.36991,44.78287],[-75.36968,44.78770],[-75.34451,44.80890],[-75.33349,44.80617],[-75.30191,44.82638],[-75.30746,44.83671],[-75.28473,44.84836],[-75.26804,44.85493],[-75.25595,44.85729],[-75.24102,44.86714],[-75.22841,44.86823],[-75.21822,44.87779],[-75.20301,44.87776],[-75.19409,44.88259],[-75.18895,44.88305],[-75.16489,44.89352],[-75.13997,44.89686],[-75.13466,44.91499],[-75.11778,44.92098],[-75.10479,44.91958],[-75.09641,44.92701],[-75.06470,44.92944],[-75.05981,44.93448],[-75.02705,44.94646],[-75.00481,44.95861],[-75.00290,44.96248],[-74.99937,44.96613],[-74.99930,44.97173],[-74.99282,44.97745],[-74.97248,44.98346],[-74.94697,44.98484],[-74.90801,44.98350],[-74.90099,44.99255],[-74.88753,45.00006],[-74.87716,45.00143],[-74.86633,45.00045],[-74.86256,45.00454],[-74.85613,45.00446],[-74.84606,45.01030],[-74.84185,45.01128],[-74.83473,45.01462],[-74.82650,45.01584],[-74.81704,45.01155],[-74.81321,45.01354],[-74.80144,45.01454],[-74.79979,45.01080],[-74.79284,45.00440],[-74.76309,45.00571],[-74.76031,44.99499],[-74.74447,44.99065],[-74.73092,44.99046],[-74.72176,44.99843],[-74.71004,45.00136],[-74.71296,44.99925],[-74.69710,45.00225],[-74.68637,45.00006],[-74.67324,45.00083],[-74.67049,45.00627],[-74.66305,44.99891],[-74.66121,44.99944],[-74.62535,44.99942],[-74.49959,44.99799],[-74.33085,44.99183],[-74.25739,44.99231],[-74.15005,44.99114],[-73.85833,45.00176],[-73.74724,45.00307],[-73.65154,45.00264],[-73.41797,45.00964],[-73.06606,45.01597],[-72.96707,45.01421],[-72.84830,45.01669],[-72.64688,45.01492],[-72.60415,45.01313],[-72.55540,45.00805],[-72.45280,45.00858],[-72.38916,45.00627],[-72.36789,45.00621],[-72.31187,45.00379],[-72.17215,45.00585],[-72.07870,45.00582],[-71.95084,45.00837],[-71.90869,45.00773],[-71.76829,45.01115],[-71.50528,45.01339],[-71.49972,45.01478],[-71.50138,45.01586],[-71.49952,45.01661],[-71.50076,45.01752],[-71.49887,45.01805],[-71.50017,45.01853],[-71.49996,45.02341],[-71.49691,45.02325],[-71.49784,45.02452],[-71.49935,45.02461],[-71.49865,45.02532],[-71.50030,45.02653],[-71.49753,45.02841],[-71.49794,45.02930],[-71.49524,45.03363],[-71.49268,45.03512],[-71.49230,45.03777],[-71.49362,45.03903],[-71.49156,45.03982],[-71.49085,45.04270],[-71.49186,45.04497],[-71.49328,45.04582],[-71.49945,45.04473],[-71.50112,45.04521],[-71.50284,45.04796],[-71.50523,45.04861],[-71.50552,45.05042],[-71.50431,45.05247],[-71.50028,45.05171],[-71.49720,45.05564],[-71.49788,45.05633],[-71.49905,45.05608],[-71.49840,45.05696],[-71.49918,45.05768],[-71.50067,45.05726],[-71.50172,45.05807],[-71.50030,45.05978],[-71.49972,45.05954],[-71.50010,45.05857],[-71.49886,45.05836],[-71.49627,45.06273],[-71.49609,45.06442],[-71.49829,45.06850],[-71.49764,45.07059],[-71.49661,45.07005],[-71.49591,45.07123],[-71.49475,45.07081],[-71.49264,45.07198],[-71.48930,45.07068],[-71.48887,45.07168],[-71.48965,45.07282],[-71.48691,45.07605],[-71.48644,45.07889],[-71.48114,45.08028],[-71.47990,45.08132],[-71.47943,45.08339],[-71.47651,45.08283],[-71.47506,45.08370],[-71.46925,45.08385],[-71.46748,45.08551],[-71.46741,45.08732],[-71.46423,45.09332],[-71.46207,45.09305],[-71.46056,45.09481],[-71.45831,45.09513],[-71.45923,45.09627],[-71.45841,45.09875],[-71.45595,45.09985],[-71.45517,45.10146],[-71.45173,45.10243],[-71.44848,45.10593],[-71.44836,45.10907],[-71.44953,45.10880],[-71.45044,45.10992],[-71.44851,45.11120],[-71.44861,45.11229],[-71.44164,45.11314],[-71.43899,45.11710],[-71.43415,45.12001],[-71.43285,45.11988],[-71.42951,45.12245],[-71.42911,45.12472],[-71.42674,45.12775],[-71.42823,45.13515],[-71.43573,45.13964],[-71.43754,45.14181],[-71.43524,45.14185],[-71.43422,45.14544],[-71.43363,45.14518],[-71.43349,45.14758],[-71.43231,45.14913],[-71.42645,45.15245],[-71.42616,45.15519],[-71.42480,45.15720],[-71.42574,45.15723],[-71.42342,45.16066],[-71.42440,45.16107],[-71.42332,45.16209],[-71.42467,45.16266],[-71.42380,45.16377],[-71.42477,45.16579],[-71.42326,45.16697],[-71.42250,45.16647],[-71.41966,45.16959],[-71.41912,45.17128],[-71.41782,45.17173],[-71.41821,45.17318],[-71.41437,45.17881],[-71.41442,45.18024],[-71.41566,45.18066],[-71.41435,45.18465],[-71.41023,45.18641],[-71.40687,45.18990],[-71.40755,45.19119],[-71.40413,45.19492],[-71.40565,45.19742],[-71.40333,45.19849],[-71.40191,45.20024],[-71.40027,45.20005],[-71.40021,45.20156],[-71.39738,45.20316],[-71.39887,45.20862],[-71.40138,45.21132],[-71.40195,45.21413],[-71.40305,45.21515],[-71.40745,45.21687],[-71.41345,45.21745],[-71.41590,45.21841],[-71.41731,45.22164],[-71.41881,45.22197],[-71.42060,45.22371],[-71.42625,45.22515],[-71.42688,45.22653],[-71.43173,45.22861],[-71.43528,45.23172],[-71.43577,45.23134],[-71.43830,45.23258],[-71.44041,45.23493],[-71.44294,45.23497],[-71.44369,45.23558],[-71.44224,45.23849],[-71.43928,45.23922],[-71.43469,45.23846],[-71.43028,45.23597],[-71.42840,45.23393],[-71.42657,45.23406],[-71.42610,45.23339],[-71.42337,45.23400],[-71.42060,45.23238],[-71.41507,45.23620],[-71.41313,45.23595],[-71.41196,45.23699],[-71.41204,45.23888],[-71.40857,45.23938],[-71.40722,45.24163],[-71.40343,45.24260],[-71.39734,45.24200],[-71.39487,45.24100],[-71.38957,45.23477],[-71.38460,45.23304],[-71.38337,45.23400],[-71.37822,45.24386],[-71.37601,45.24522],[-71.36877,45.24642],[-71.36280,45.24848],[-71.35809,45.25180],[-71.35718,45.25373],[-71.35720,45.25720],[-71.35999,45.26229],[-71.36366,45.26616],[-71.36043,45.27030],[-71.35560,45.26826],[-71.35348,45.26838],[-71.35013,45.26946],[-71.34762,45.27206],[-71.34397,45.27106],[-71.33643,45.27288],[-71.33440,45.27406],[-71.33133,45.27992],[-71.32971,45.28086],[-71.32133,45.28150],[-71.31610,45.28608],[-71.30825,45.28712],[-71.30125,45.29636],[-71.29661,45.29912],[-71.29088,45.29894],[-71.28916,45.30029],[-71.28560,45.30054],[-71.28410,45.30220],[-71.28194,45.29825],[-71.28216,45.29629],[-71.28017,45.29448],[-71.27351,45.29625],[-71.26502,45.29386],[-71.26606,45.29092],[-71.26401,45.28625],[-71.26438,45.28248],[-71.26237,45.27622],[-71.26009,45.27450],[-71.25893,45.27171],[-71.25672,45.27312],[-71.24926,45.26808],[-71.24709,45.26865],[-71.24534,45.26807],[-71.23937,45.26267],[-71.23919,45.26154],[-71.23578,45.26073],[-71.23182,45.25409],[-71.23161,45.25303],[-71.23290,45.25107],[-71.22999,45.24946],[-71.22776,45.24964],[-71.22234,45.25330],[-71.21986,45.25103],[-71.21488,45.25027],[-71.20968,45.25071],[-71.20747,45.25312],[-71.20516,45.25249],[-71.20245,45.25394],[-71.20042,45.25320],[-71.19772,45.25415],[-71.19548,45.25287],[-71.19538,45.25133],[-71.19232,45.25052],[-71.19134,45.24861],[-71.18811,45.24742],[-71.18808,45.24549],[-71.18371,45.24344],[-71.18245,45.24062],[-71.18142,45.24004],[-71.18021,45.24034],[-71.17656,45.24450],[-71.17306,45.24660],[-71.16876,45.24692],[-71.16134,45.25002],[-71.14815,45.24284],[-71.14777,45.23965],[-71.14699,45.23955],[-71.14538,45.24143],[-71.13323,45.24448],[-71.13015,45.24819],[-71.12992,45.25166],[-71.12791,45.25412],[-71.12459,45.25484],[-71.12472,45.25730],[-71.11923,45.26182],[-71.12053,45.26481],[-71.11988,45.26617],[-71.11659,45.26857],[-71.11627,45.27395],[-71.10992,45.27629],[-71.10666,45.27887],[-71.10481,45.28275],[-71.10719,45.28223],[-71.10883,45.28279],[-71.11031,45.28465],[-71.10743,45.28967],[-71.10407,45.29172],[-71.10385,45.29242],[-71.10512,45.29373],[-71.09756,45.30183],[-71.09184,45.30382],[-71.08751,45.30442],[-71.08083,45.30718],[-71.07866,45.30650],[-71.07563,45.30686],[-71.06934,45.30956],[-71.06501,45.31263],[-71.06272,45.31318],[-71.05902,45.31372],[-71.05358,45.31141],[-71.04696,45.31280],[-71.04058,45.31295],[-71.03252,45.31018],[-71.03004,45.31261],[-71.02496,45.31525],[-71.02222,45.31476],[-71.01648,45.31532],[-71.00888,45.31924],[-71.00343,45.32709],[-71.00160,45.32841],[-71.00513,45.33220],[-71.01135,45.33411],[-71.01066,45.33579],[-71.01133,45.33662],[-71.01088,45.33904],[-71.01283,45.34387],[-71.01037,45.34748],[-71.00963,45.34755],[-71.00153,45.34360],[-70.99906,45.34082],[-70.99356,45.33815],[-70.99029,45.33754],[-70.98918,45.33416],[-70.98548,45.33294],[-70.98474,45.33201],[-70.97800,45.33215],[-70.97450,45.33349],[-70.96749,45.33220],[-70.95839,45.33732],[-70.95363,45.33891],[-70.95181,45.33855],[-70.95031,45.33730],[-70.94939,45.33159],[-70.94539,45.32922],[-70.94461,45.32800],[-70.94483,45.32494],[-70.94346,45.32364],[-70.94099,45.32290],[-70.93950,45.32076],[-70.93706,45.31950],[-70.93078,45.31858],[-70.92748,45.31542],[-70.91890,45.31253],[-70.91850,45.31095],[-70.91963,45.30841],[-70.91886,45.30415],[-70.91403,45.30002],[-70.91202,45.29679],[-70.91352,45.29478],[-70.91373,45.29283],[-70.91876,45.28678],[-70.92160,45.28027],[-70.92142,45.27889],[-70.91699,45.27679],[-70.91162,45.27030],[-70.90614,45.26623],[-70.90553,45.26424],[-70.90630,45.26049],[-70.89900,45.25843],[-70.89842,45.25466],[-70.89572,45.25156],[-70.89847,45.24370],[-70.89692,45.24259],[-70.89668,45.24134],[-70.89294,45.23866],[-70.88987,45.23851],[-70.88549,45.23478],[-70.88195,45.23363],[-70.87807,45.23299],[-70.87411,45.23336],[-70.86899,45.23116],[-70.86463,45.23084],[-70.85794,45.22863],[-70.84610,45.23421],[-70.84134,45.23343],[-70.83870,45.23390],[-70.83737,45.23514],[-70.83722,45.23695],[-70.84943,45.24466],[-70.84634,45.25318],[-70.84938,45.25599],[-70.84902,45.26213],[-70.84194,45.26635],[-70.83923,45.26955],[-70.83706,45.27421],[-70.83284,45.27771],[-70.83210,45.28161],[-70.82881,45.28794],[-70.82979,45.29025],[-70.83448,45.29183],[-70.83517,45.29259],[-70.83440,45.29352],[-70.82451,45.29742],[-70.81916,45.29850],[-70.81703,45.29769],[-70.81446,45.29973],[-70.81173,45.30382],[-70.81202,45.30560],[-70.81517,45.30799],[-70.80898,45.31183],[-70.80666,45.32113],[-70.80808,45.32534],[-70.80771,45.32718],[-70.81255,45.32761],[-70.81666,45.33105],[-70.81931,45.33511],[-70.81858,45.33790],[-70.81953,45.33961],[-70.81774,45.34437],[-70.81090,45.34761],[-70.80946,45.34949],[-70.81406,45.35646],[-70.81109,45.35715],[-70.80944,45.35861],[-70.80780,45.36325],[-70.80277,45.36537],[-70.80212,45.36670],[-70.80689,45.37765],[-70.81263,45.38401],[-70.81315,45.38748],[-70.81617,45.39014],[-70.82171,45.39000],[-70.82331,45.39083],[-70.82480,45.39252],[-70.82379,45.39577],[-70.82603,45.39843],[-70.82524,45.40005],[-70.81862,45.40498],[-70.81781,45.40664],[-70.81331,45.41089],[-70.81098,45.41567],[-70.80409,45.41727],[-70.79837,45.42575],[-70.79617,45.42767],[-70.79414,45.42837],[-70.78710,45.42681],[-70.78140,45.43070],[-70.76726,45.42794],[-70.76457,45.42588],[-70.75681,45.42860],[-70.75408,45.42771],[-70.75140,45.42565],[-70.74980,45.42311],[-70.74403,45.42089],[-70.74359,45.41900],[-70.74474,45.41557],[-70.74325,45.41172],[-70.73633,45.40692],[-70.73013,45.40408],[-70.73072,45.40244],[-70.73027,45.39928],[-70.72193,45.39458],[-70.71022,45.39010],[-70.70646,45.39260],[-70.70165,45.39425],[-70.70016,45.39448],[-70.69330,45.39237],[-70.68129,45.39493],[-70.66883,45.39004],[-70.66063,45.38507],[-70.66105,45.37886],[-70.65981,45.37752],[-70.64768,45.37775],[-70.64212,45.38092],[-70.63702,45.38227],[-70.63443,45.38498],[-70.63736,45.38823],[-70.63818,45.39043],[-70.63520,45.39669],[-70.63262,45.39851],[-70.62503,45.40022],[-70.62183,45.40307],[-70.62195,45.40496],[-70.63129,45.40784],[-70.63501,45.41164],[-70.63542,45.41509],[-70.63146,45.41650],[-70.62816,45.42126],[-70.62804,45.42301],[-70.62910,45.42364],[-70.63000,45.42654],[-70.63468,45.42731],[-70.64011,45.43042],[-70.64259,45.43288],[-70.64307,45.43642],[-70.64686,45.43942],[-70.65093,45.44532],[-70.66095,45.44575],[-70.67165,45.45081],[-70.68015,45.45199],[-70.68108,45.45301],[-70.68058,45.45722],[-70.68254,45.46193],[-70.68443,45.46303],[-70.68950,45.46367],[-70.69331,45.46634],[-70.69184,45.46977],[-70.69163,45.47384],[-70.69741,45.47829],[-70.70656,45.47977],[-70.70900,45.48211],[-70.71553,45.48611],[-70.71714,45.48832],[-70.71750,45.48941],[-70.71657,45.49153],[-70.71119,45.49872],[-70.71218,45.50208],[-70.71319,45.50292],[-70.72235,45.50611],[-70.72342,45.50738],[-70.72345,45.51247],[-70.72024,45.51633],[-70.71147,45.51933],[-70.70913,45.52474],[-70.70619,45.52793],[-70.69991,45.52941],[-70.69951,45.53002],[-70.70073,45.53247],[-70.69721,45.53727],[-70.69642,45.53964],[-70.69298,45.54211],[-70.68638,45.54961],[-70.67868,45.55052],[-70.67726,45.55181],[-70.68259,45.55515],[-70.68923,45.56100],[-70.68965,45.56188],[-70.68518,45.56525],[-70.68585,45.56690],[-70.68826,45.56749],[-70.68739,45.56850],[-70.68518,45.56838],[-70.67779,45.57037],[-70.67223,45.57586],[-70.67137,45.57847],[-70.66933,45.58024],[-70.66369,45.58288],[-70.65956,45.58589],[-70.65833,45.58924],[-70.65644,45.58974],[-70.64990,45.59667],[-70.65031,45.59896],[-70.64623,45.60313],[-70.64500,45.60670],[-70.64151,45.60711],[-70.63470,45.60954],[-70.63089,45.60899],[-70.62388,45.61119],[-70.61973,45.61133],[-70.61848,45.61203],[-70.61456,45.61888],[-70.60763,45.62292],[-70.60536,45.62623],[-70.60055,45.62723],[-70.59706,45.62923],[-70.59141,45.62975],[-70.58994,45.63354],[-70.58695,45.63535],[-70.58396,45.63860],[-70.58317,45.64196],[-70.58024,45.64269],[-70.57565,45.64761],[-70.57098,45.64975],[-70.56802,45.65201],[-70.56769,45.65309],[-70.56488,45.65457],[-70.56479,45.65679],[-70.56173,45.65893],[-70.56344,45.66264],[-70.55773,45.66695],[-70.55237,45.66758],[-70.54618,45.66631],[-70.54046,45.66707],[-70.53358,45.67138],[-70.52692,45.66668],[-70.52552,45.66672],[-70.51924,45.67004],[-70.51941,45.67301],[-70.51231,45.67683],[-70.50965,45.67958],[-70.50294,45.68174],[-70.50220,45.68362],[-70.49822,45.68464],[-70.49375,45.68859],[-70.48757,45.69109],[-70.48417,45.69345],[-70.48163,45.69387],[-70.47532,45.69750],[-70.47022,45.70099],[-70.46973,45.70327],[-70.46627,45.70602],[-70.46122,45.70521],[-70.45858,45.70668],[-70.45582,45.70685],[-70.45403,45.70647],[-70.45091,45.70355],[-70.44865,45.70425],[-70.44510,45.70353],[-70.44056,45.70552],[-70.43912,45.70385],[-70.43061,45.70702],[-70.42591,45.70669],[-70.42577,45.70776],[-70.42882,45.70887],[-70.42853,45.71012],[-70.42028,45.71234],[-70.41276,45.71617],[-70.40703,45.71715],[-70.40022,45.71999],[-70.39673,45.72455],[-70.39709,45.72714],[-70.39583,45.72959],[-70.39071,45.72851],[-70.38895,45.72931],[-70.38396,45.73436],[-70.38545,45.73457],[-70.38491,45.73558],[-70.38592,45.73609],[-70.39022,45.73613],[-70.38941,45.73706],[-70.39187,45.73794],[-70.39172,45.73892],[-70.39404,45.74025],[-70.39267,45.74101],[-70.39448,45.74275],[-70.39387,45.74366],[-70.38807,45.74767],[-70.38814,45.75140],[-70.39309,45.75357],[-70.39630,45.75688],[-70.40007,45.75737],[-70.40261,45.75862],[-70.40740,45.76230],[-70.40579,45.77039],[-70.40772,45.77267],[-70.40651,45.77577],[-70.41128,45.78428],[-70.41466,45.78455],[-70.41601,45.78542],[-70.41467,45.79043],[-70.41741,45.79353],[-70.41707,45.79514],[-70.40989,45.79733],[-70.40080,45.79594],[-70.39814,45.79722],[-70.39590,45.80199],[-70.39829,45.80363],[-70.39663,45.80801],[-70.39080,45.81195],[-70.38898,45.81529],[-70.38899,45.81839],[-70.38754,45.82042],[-70.38330,45.82207],[-70.37692,45.82738],[-70.37300,45.82781],[-70.37090,45.83058],[-70.37074,45.83174],[-70.37209,45.83416],[-70.37143,45.83520],[-70.36920,45.83594],[-70.36777,45.83509],[-70.36408,45.83478],[-70.36278,45.83566],[-70.36046,45.83489],[-70.35627,45.83755],[-70.35636,45.83936],[-70.35282,45.84129],[-70.35300,45.84292],[-70.34996,45.84516],[-70.34934,45.84707],[-70.34557,45.84870],[-70.34195,45.85279],[-70.33674,45.85345],[-70.33193,45.85300],[-70.33007,45.85461],[-70.32194,45.85625],[-70.31753,45.85602],[-70.31338,45.85803],[-70.30855,45.85830],[-70.30485,45.86116],[-70.30165,45.86232],[-70.30283,45.86309],[-70.29388,45.86599],[-70.28985,45.86828],[-70.27327,45.88043],[-70.27297,45.88205],[-70.25926,45.88953],[-70.25931,45.89174],[-70.26515,45.89310],[-70.26014,45.89862],[-70.25363,45.90320],[-70.25296,45.90751],[-70.25532,45.90883],[-70.25873,45.90902],[-70.25917,45.91067],[-70.25853,45.91125],[-70.25864,45.91380],[-70.25725,45.91586],[-70.25764,45.91762],[-70.25948,45.91974],[-70.26276,45.92039],[-70.26219,45.92440],[-70.25843,45.92665],[-70.25799,45.92833],[-70.25500,45.92951],[-70.25328,45.93210],[-70.25071,45.93401],[-70.24021,45.93967],[-70.24003,45.94269],[-70.23899,45.94404],[-70.24391,45.94485],[-70.24210,45.94667],[-70.24746,45.94971],[-70.24879,45.95266],[-70.25229,45.95524],[-70.25362,45.95509],[-70.25655,45.95221],[-70.26000,45.95238],[-70.26107,45.95316],[-70.25864,45.95579],[-70.26034,45.95630],[-70.26019,45.95779],[-70.25833,45.95929],[-70.26455,45.96219],[-70.26628,45.96432],[-70.27153,45.96144],[-70.27363,45.96162],[-70.27536,45.96255],[-70.27335,45.96435],[-70.27538,45.96588],[-70.27578,45.96725],[-70.27946,45.96578],[-70.28147,45.96397],[-70.28506,45.96460],[-70.28864,45.96344],[-70.29750,45.96294],[-70.30509,45.96506],[-70.31210,45.96206],[-70.31496,45.96255],[-70.31568,45.96392],[-70.31229,45.96615],[-70.31216,45.97003],[-70.31025,45.97199],[-70.31033,45.97328],[-70.31211,45.97436],[-70.30740,45.97861],[-70.30878,45.98038],[-70.30775,45.98227],[-70.29346,45.98758],[-70.28857,45.99102],[-70.28711,45.99348],[-70.28430,45.99561],[-70.28909,45.99444],[-70.28905,45.99526],[-70.29071,45.99510],[-70.29313,45.99741],[-70.30340,45.99916],[-70.30305,46.00267],[-70.30574,46.00417],[-70.30500,46.00706],[-70.30744,46.01050],[-70.31161,46.01174],[-70.31059,46.01497],[-70.31262,46.01639],[-70.31486,46.01659],[-70.31579,46.01838],[-70.31780,46.01865],[-70.31759,46.01967],[-70.31482,46.02091],[-70.31233,46.02321],[-70.30576,46.02550],[-70.29953,46.02966],[-70.29852,46.03065],[-70.30168,46.03175],[-70.29946,46.03816],[-70.29728,46.04060],[-70.29397,46.04150],[-70.28831,46.04701],[-70.28086,46.05127],[-70.28115,46.05359],[-70.27904,46.05588],[-70.27948,46.05794],[-70.27882,46.06032],[-70.28207,46.06086],[-70.28550,46.06268],[-70.28950,46.06235],[-70.29263,46.06059],[-70.29589,46.06043],[-70.30198,46.06094],[-70.30369,46.06220],[-70.30655,46.06125],[-70.31022,46.06321],[-70.31062,46.06405],[-70.30896,46.06590],[-70.30275,46.07067],[-70.30458,46.07189],[-70.30253,46.07376],[-70.30263,46.07689],[-70.30010,46.07862],[-70.30225,46.08052],[-70.30192,46.08219],[-70.29999,46.08374],[-70.29283,46.08609],[-70.29012,46.09388],[-70.28472,46.09799],[-70.28532,46.09972],[-70.28426,46.10059],[-70.27856,46.09984],[-70.27327,46.10217],[-70.27018,46.10105],[-70.25983,46.10067],[-70.25694,46.09961],[-70.25253,46.10046],[-70.25235,46.10640],[-70.25282,46.10759],[-70.25406,46.10770],[-70.25524,46.10897],[-70.25460,46.11034],[-70.25522,46.11080],[-70.25412,46.11106],[-70.25336,46.11272],[-70.25447,46.11378],[-70.25263,46.11455],[-70.25307,46.11519],[-70.25216,46.11504],[-70.25236,46.11627],[-70.25090,46.11856],[-70.25146,46.11950],[-70.24803,46.12228],[-70.24796,46.12407],[-70.24701,46.12440],[-70.24742,46.12554],[-70.24553,46.12614],[-70.24452,46.12735],[-70.24471,46.12854],[-70.24355,46.12877],[-70.24391,46.13095],[-70.24246,46.13161],[-70.24297,46.13243],[-70.24149,46.13480],[-70.24199,46.13538],[-70.24017,46.13685],[-70.24027,46.13793],[-70.23963,46.13785],[-70.24033,46.13919],[-70.23926,46.14006],[-70.24007,46.14057],[-70.23931,46.14105],[-70.23957,46.14310],[-70.23623,46.14521],[-70.23653,46.14638],[-70.23935,46.14886],[-70.24055,46.14905],[-70.24039,46.15088],[-70.24258,46.14978],[-70.24389,46.15155],[-70.24580,46.15087],[-70.24697,46.15190],[-70.24824,46.15180],[-70.24767,46.15321],[-70.25026,46.15429],[-70.24957,46.15564],[-70.25261,46.15816],[-70.25523,46.15845],[-70.25583,46.15952],[-70.25730,46.15981],[-70.25895,46.16120],[-70.25837,46.16175],[-70.25974,46.16330],[-70.26447,46.16475],[-70.26475,46.16771],[-70.26644,46.16928],[-70.27044,46.17070],[-70.27129,46.17214],[-70.27375,46.17237],[-70.27547,46.17342],[-70.27525,46.17431],[-70.27765,46.17469],[-70.28216,46.17845],[-70.28263,46.17998],[-70.28408,46.18042],[-70.28373,46.18141],[-70.28576,46.18262],[-70.28583,46.18455],[-70.29077,46.18532],[-70.29074,46.18782],[-70.28991,46.18802],[-70.29249,46.19033],[-70.29252,46.19146],[-70.28815,46.19368],[-70.28809,46.19528],[-70.28599,46.19553],[-70.28540,46.19753],[-70.28121,46.19999],[-70.28132,46.20113],[-70.27965,46.20165],[-70.27763,46.20401],[-70.27619,46.20760],[-70.27149,46.21018],[-70.27216,46.21091],[-70.27088,46.21158],[-70.27188,46.21239],[-70.27171,46.21343],[-70.27436,46.21498],[-70.27239,46.21671],[-70.26967,46.21730],[-70.26757,46.21933],[-70.26786,46.22108],[-70.26578,46.22370],[-70.26726,46.22517],[-70.26383,46.22770],[-70.26371,46.22897],[-70.26025,46.23038],[-70.26013,46.23104],[-70.26092,46.23123],[-70.25970,46.23218],[-70.25798,46.23750],[-70.25927,46.23878],[-70.25720,46.24017],[-70.25591,46.24434],[-70.25400,46.24570],[-70.25549,46.24614],[-70.25092,46.24917],[-70.25179,46.25229],[-70.25466,46.25422],[-70.25305,46.25517],[-70.25289,46.25917],[-70.25047,46.26089],[-70.24974,46.26257],[-70.25046,46.26299],[-70.24847,46.26533],[-70.24864,46.26713],[-70.24308,46.27184],[-70.24335,46.27311],[-70.24067,46.27305],[-70.24071,46.27490],[-70.23948,46.27580],[-70.24022,46.27711],[-70.23988,46.27921],[-70.23561,46.28146],[-70.23268,46.28465],[-70.23158,46.29109],[-70.22884,46.29159],[-70.22857,46.29239],[-70.21688,46.29426],[-70.21688,46.29544],[-70.21524,46.29477],[-70.21349,46.29643],[-70.21401,46.29729],[-70.21222,46.29856],[-70.21042,46.29815],[-70.20567,46.29992],[-70.20678,46.30116],[-70.20531,46.30290],[-70.20653,46.30595],[-70.20614,46.30976],[-70.20301,46.31428],[-70.20441,46.31677],[-70.20728,46.31947],[-70.20718,46.32225],[-70.20604,46.32452],[-70.20897,46.32957],[-70.20752,46.33149],[-70.19576,46.34080],[-70.19564,46.34359],[-70.19311,46.34695],[-70.19136,46.34781],[-70.19220,46.34902],[-70.19180,46.34971],[-70.18964,46.35047],[-70.18801,46.35005],[-70.18455,46.35195],[-70.18182,46.35214],[-70.18088,46.35440],[-70.17721,46.35577],[-70.17520,46.35822],[-70.17268,46.35926],[-70.17052,46.35939],[-70.16633,46.35740],[-70.16261,46.35962],[-70.16182,46.36104],[-70.15989,46.36088],[-70.16016,46.35973],[-70.15882,46.35917],[-70.15788,46.35964],[-70.15799,46.36066],[-70.15641,46.36144],[-70.15398,46.35996],[-70.14807,46.35899],[-70.14484,46.36207],[-70.14107,46.36252],[-70.14044,46.36362],[-70.14143,46.36474],[-70.13857,46.36630],[-70.13818,46.36846],[-70.13649,46.36988],[-70.13381,46.36885],[-70.13172,46.36974],[-70.12914,46.36949],[-70.12893,46.37066],[-70.12678,46.37111],[-70.12815,46.37872],[-70.12705,46.38041],[-70.11633,46.38586],[-70.11583,46.38695],[-70.11721,46.38766],[-70.11653,46.38828],[-70.11513,46.38816],[-70.11460,46.38530],[-70.11067,46.38611],[-70.11268,46.38792],[-70.11145,46.38840],[-70.11091,46.38754],[-70.10972,46.38764],[-70.11025,46.38892],[-70.10825,46.38946],[-70.10986,46.39024],[-70.10960,46.39087],[-70.10866,46.39139],[-70.10681,46.39060],[-70.10741,46.39264],[-70.10470,46.39368],[-70.10170,46.39705],[-70.10063,46.39899],[-70.10083,46.40117],[-70.09879,46.40089],[-70.10004,46.40240],[-70.09927,46.40297],[-70.10032,46.40338],[-70.09775,46.40432],[-70.10002,46.40435],[-70.10087,46.40535],[-70.09689,46.40537],[-70.09503,46.40654],[-70.09690,46.40705],[-70.09450,46.40846],[-70.09686,46.40957],[-70.09203,46.40949],[-70.08907,46.41087],[-70.08684,46.40915],[-70.08159,46.41057],[-70.07616,46.40948],[-70.06698,46.41190],[-70.06426,46.41404],[-70.06185,46.41369],[-70.05641,46.41560],[-69.99707,46.69583],[-69.73434,46.95883],[-69.50247,47.18823],[-69.22381,47.45968],[-69.21783,47.45664],[-69.21430,47.45653],[-69.21271,47.45545],[-69.20590,47.45419],[-69.20446,47.45319],[-69.20573,47.45291],[-69.20518,47.45186],[-69.20212,47.45242],[-69.20042,47.45405],[-69.19577,47.45551],[-69.19236,47.45521],[-69.18995,47.45360],[-69.18847,47.45498],[-69.18533,47.45545],[-69.18446,47.45648],[-69.18070,47.45614],[-69.17887,47.45742],[-69.17795,47.45636],[-69.17550,47.45663],[-69.17522,47.45546],[-69.17272,47.45569],[-69.17219,47.45359],[-69.16910,47.45329],[-69.16488,47.45155],[-69.16316,47.44971],[-69.16466,47.44984],[-69.16501,47.44893],[-69.16228,47.44736],[-69.15897,47.44839],[-69.15637,47.45147],[-69.15036,47.44872],[-69.14563,47.44877],[-69.14278,47.44660],[-69.14108,47.44395],[-69.13977,47.44414],[-69.14032,47.44609],[-69.13927,47.44670],[-69.13343,47.44424],[-69.12703,47.44367],[-69.12347,47.44131],[-69.12339,47.44264],[-69.12223,47.44279],[-69.11795,47.43924],[-69.11202,47.43766],[-69.11241,47.43567],[-69.10982,47.43641],[-69.10783,47.43548],[-69.10698,47.43349],[-69.10846,47.43238],[-69.10631,47.43057],[-69.10779,47.42937],[-69.10730,47.42756],[-69.10381,47.42904],[-69.10457,47.43078],[-69.10157,47.43031],[-69.09904,47.43163],[-69.09713,47.42972],[-69.09715,47.42684],[-69.09144,47.42694],[-69.09060,47.42427],[-69.08812,47.42557],[-69.08133,47.42381],[-69.07487,47.42731],[-69.06970,47.42677],[-69.06753,47.42851],[-69.06849,47.43003],[-69.06376,47.43157],[-69.06420,47.43351],[-69.06267,47.43449],[-69.06184,47.43236],[-69.06065,47.43297],[-69.05969,47.43213],[-69.05812,47.43276],[-69.05651,47.43165],[-69.05510,47.43201],[-69.05507,47.43129],[-69.05698,47.43109],[-69.05689,47.42970],[-69.05434,47.42944],[-69.05184,47.42737],[-69.05157,47.42612],[-69.05036,47.42677],[-69.04930,47.42578],[-69.04892,47.42380],[-69.05170,47.42365],[-69.05293,47.42274],[-69.05259,47.42216],[-69.04955,47.42247],[-69.04654,47.42434],[-69.04621,47.42542],[-69.04781,47.42652],[-69.04759,47.42763],[-69.04358,47.42731],[-69.04177,47.42290],[-69.03931,47.42209],[-69.03924,47.41917],[-69.04183,47.41692],[-69.04206,47.41514],[-69.03438,47.41445],[-69.03433,47.41335],[-69.03619,47.41250],[-69.03511,47.41044],[-69.03734,47.40905],[-69.03618,47.40712],[-69.03089,47.40917],[-69.03010,47.40778],[-69.03345,47.40532],[-69.03319,47.40353],[-69.03141,47.40270],[-69.03236,47.40223],[-69.03874,47.40380],[-69.04030,47.40568],[-69.04227,47.40539],[-69.04232,47.40423],[-69.03889,47.40174],[-69.03541,47.40150],[-69.03937,47.40025],[-69.04287,47.40151],[-69.04131,47.39759],[-69.03834,47.39734],[-69.03767,47.39663],[-69.03978,47.39537],[-69.04058,47.39657],[-69.04376,47.39763],[-69.04350,47.39548],[-69.04538,47.39298],[-69.04513,47.38879],[-69.04053,47.38617],[-69.03984,47.38398],[-69.04313,47.38258],[-69.04687,47.38447],[-69.04769,47.38277],[-69.05066,47.38081],[-69.04931,47.37973],[-69.04938,47.37844],[-69.05171,47.37754],[-69.05410,47.37464],[-69.05353,47.34151],[-69.05486,47.31534],[-69.04922,47.30584],[-69.05069,47.30395],[-69.05127,47.30064],[-69.05063,47.29953],[-69.05308,47.29853],[-69.05347,47.29717],[-69.05269,47.29450],[-69.05311,47.29281],[-69.05116,47.29239],[-69.04969,47.28928],[-69.04919,47.28331],[-69.05080,47.28142],[-69.05077,47.27848],[-69.04927,47.27578],[-69.04844,47.27576],[-69.04813,47.27323],[-69.04683,47.27159],[-69.04841,47.26942],[-69.04713,47.26726],[-69.04886,47.26476],[-69.04811,47.26326],[-69.05061,47.26017],[-69.05074,47.25648],[-69.04088,47.24501],[-69.03483,47.24189],[-69.03377,47.24039],[-69.02708,47.23934],[-68.98038,47.22012],[-68.97858,47.21769],[-68.96527,47.21253],[-68.96477,47.21016],[-68.96347,47.20972],[-68.96119,47.20566],[-68.95999,47.20525],[-68.95285,47.20689],[-68.95203,47.20556],[-68.95200,47.20290],[-68.95077,47.20200],[-68.94260,47.20608],[-68.94105,47.20608],[-68.93547,47.20219],[-68.93411,47.20014],[-68.92908,47.19947],[-68.92684,47.19711],[-68.92555,47.19789],[-68.92372,47.19736],[-68.91994,47.19483],[-68.91923,47.18961],[-68.91550,47.18878],[-68.91138,47.18633],[-68.90844,47.18633],[-68.90485,47.18047],[-68.90002,47.17772],[-68.89877,47.18025],[-68.89552,47.18241],[-68.88908,47.18200],[-68.88441,47.18314],[-68.88211,47.18289],[-68.87605,47.18725],[-68.87102,47.18905],[-68.86155,47.18908],[-68.85744,47.19033],[-68.85094,47.19464],[-68.84994,47.19625],[-68.84288,47.19972],[-68.83144,47.20391],[-68.82638,47.20722],[-68.81725,47.21119],[-68.81516,47.21347],[-68.81144,47.21516],[-68.80425,47.21541],[-68.78130,47.22105],[-68.76894,47.22119],[-68.76444,47.22205],[-68.75200,47.22630],[-68.73427,47.23563],[-68.73019,47.23563],[-68.71700,47.24058],[-68.71230,47.24027],[-68.70589,47.23772],[-68.70225,47.23830],[-68.69169,47.24384],[-68.68714,47.24442],[-68.68433,47.24289],[-68.67494,47.24234],[-68.66319,47.23628],[-68.65983,47.23612],[-68.65539,47.23887],[-68.65308,47.23928],[-68.64627,47.23948],[-68.63511,47.24234],[-68.62544,47.24217],[-68.61750,47.24337],[-68.60750,47.24698],[-68.59969,47.25448],[-68.59605,47.25617],[-68.59352,47.25878],[-68.59330,47.26109],[-68.59819,47.26851],[-68.59766,47.27014],[-68.59233,47.27414],[-68.58944,47.28053],[-68.58002,47.28712],[-68.57191,47.28714],[-68.55791,47.28317],[-68.54977,47.28214],[-68.53877,47.28528],[-68.53022,47.29203],[-68.52394,47.29451],[-68.51675,47.29609],[-68.50344,47.29603],[-68.49444,47.29376],[-68.48400,47.29492],[-68.47500,47.29714],[-68.47041,47.29670],[-68.46561,47.29462],[-68.45847,47.28437],[-68.44874,47.28200],[-68.44130,47.28367],[-68.42980,47.28125],[-68.42577,47.28203],[-68.41508,47.28745],[-68.40983,47.28800],[-68.38994,47.28598],[-68.38158,47.28628],[-68.37786,47.28737],[-68.37561,47.28898],[-68.37472,47.29103],[-68.37630,47.29520],[-68.38388,47.30117],[-68.38477,47.30367],[-68.38083,47.30823],[-68.38469,47.32409],[-68.38149,47.33176],[-68.38013,47.33964],[-68.37772,47.34356],[-68.37186,47.34937],[-68.36311,47.35466],[-68.35183,47.35736],[-68.33558,47.35972],[-68.32766,47.36008],[-68.32236,47.35941],[-68.31108,47.35625],[-68.30324,47.35525],[-68.29952,47.35597],[-68.29033,47.35991],[-68.28480,47.36027],[-68.28055,47.35964],[-68.27108,47.35452],[-68.26488,47.35222],[-68.24797,47.35211],[-68.23447,47.35530],[-68.22810,47.35336],[-68.22472,47.35025],[-68.22372,47.34469],[-68.21933,47.34161],[-68.21452,47.33961],[-68.21135,47.33883],[-68.20730,47.33961],[-68.20235,47.33941],[-68.17605,47.32886],[-68.15996,47.32716],[-68.15466,47.32519],[-68.15233,47.32205],[-68.15374,47.31336],[-68.15219,47.30966],[-68.14688,47.30566],[-68.14124,47.29955],[-68.13588,47.29564],[-68.12749,47.29400],[-68.12093,47.28744],[-68.09231,47.27656],[-68.08193,47.27100],[-68.07735,47.26589],[-68.07663,47.26253],[-68.07399,47.25916],[-68.06482,47.25725],[-68.05915,47.25519],[-68.03335,47.24333],[-68.02526,47.23994],[-68.01965,47.23850],[-68.01663,47.23494],[-68.00685,47.22717],[-67.99815,47.21711],[-67.98968,47.21003],[-67.97318,47.20680],[-67.95721,47.19961],[-67.95341,47.19669],[-67.95193,47.19453],[-67.95085,47.19011],[-67.95146,47.18347],[-67.94841,47.18164],[-67.93880,47.17094],[-67.93688,47.16605],[-67.93191,47.16150],[-67.92866,47.15622],[-67.92130,47.15166],[-67.91238,47.14877],[-67.90983,47.14722],[-67.90349,47.13650],[-67.89419,47.13047],[-67.89072,47.12650],[-67.88991,47.12433],[-67.89038,47.12236],[-67.88919,47.11955],[-67.88955,47.11413],[-67.88816,47.10980],[-67.88291,47.10441],[-67.87480,47.10116],[-67.86835,47.10055],[-67.84866,47.09330],[-67.83827,47.08766],[-67.83052,47.08497],[-67.82111,47.08341],[-67.81691,47.08138],[-67.81122,47.07605],[-67.79019,47.06722],[-67.78956,46.75336],[-67.78828,46.60108],[-67.78710,46.56911],[-67.78704,46.53344],[-67.78527,46.50003],[-67.78267,46.31993],[-67.78212,46.31754],[-67.78112,46.13441],[-67.78124,45.94345],[-67.78030,45.94121],[-67.78050,45.93873],[-67.77830,45.93614],[-67.77784,45.93421],[-67.77345,45.93482],[-67.77189,45.93194],[-67.76807,45.93216],[-67.76592,45.93053],[-67.76622,45.92803],[-67.76108,45.92761],[-67.76036,45.92666],[-67.75854,45.92638],[-67.75891,45.92408],[-67.75836,45.92333],[-67.75383,45.92132],[-67.75226,45.91944],[-67.75264,45.91898],[-67.75061,45.91763],[-67.75165,45.91728],[-67.75150,45.91627],[-67.75244,45.91642],[-67.75211,45.91472],[-67.75435,45.91387],[-67.75535,45.91166],[-67.75792,45.91225],[-67.76039,45.90962],[-67.76392,45.91063],[-67.76420,45.90953],[-67.76533,45.90975],[-67.76481,45.90797],[-67.76606,45.90709],[-67.76643,45.90539],[-67.76754,45.90543],[-67.76822,45.90455],[-67.76834,45.90239],[-67.76952,45.90081],[-67.76863,45.90034],[-67.76883,45.89889],[-67.76805,45.89812],[-67.77016,45.89725],[-67.77269,45.89773],[-67.77646,45.89592],[-67.77710,45.89764],[-67.77807,45.89753],[-67.77894,45.89687],[-67.77924,45.89459],[-67.78241,45.89448],[-67.78438,45.89573],[-67.78751,45.89468],[-67.78998,45.89321],[-67.78973,45.89204],[-67.79046,45.89130],[-67.79329,45.89042],[-67.79521,45.88780],[-67.79616,45.88833],[-67.79688,45.88783],[-67.79796,45.88541],[-67.79924,45.88500],[-67.79885,45.88433],[-67.80155,45.88319],[-67.80296,45.88383],[-67.80391,45.88288],[-67.80371,45.87966],[-67.80433,45.87894],[-67.80374,45.87630],[-67.80480,45.87527],[-67.80471,45.87311],[-67.80355,45.87216],[-67.80399,45.87094],[-67.80321,45.87033],[-67.80455,45.86938],[-67.80202,45.86741],[-67.80074,45.86758],[-67.79613,45.86525],[-67.79849,45.86405],[-67.79594,45.86180],[-67.79710,45.86002],[-67.79419,45.85800],[-67.79380,45.85663],[-67.78727,45.84955],[-67.77755,45.84344],[-67.77194,45.84155],[-67.76880,45.83900],[-67.76927,45.83822],[-67.76660,45.83630],[-67.76680,45.83480],[-67.76521,45.83441],[-67.76549,45.83208],[-67.76410,45.83147],[-67.76377,45.82883],[-67.75533,45.82336],[-67.76419,45.81997],[-67.76563,45.81852],[-67.77216,45.81944],[-67.77810,45.81919],[-67.78069,45.81775],[-67.78085,45.81536],[-67.80210,45.80302],[-67.80646,45.79441],[-67.80385,45.78111],[-67.80552,45.76952],[-67.80930,45.76736],[-67.80627,45.75525],[-67.79316,45.75050],[-67.78199,45.73108],[-67.80971,45.72944],[-67.80310,45.69602],[-67.81810,45.69372],[-67.80363,45.67763],[-67.76871,45.67747],[-67.75427,45.66755],[-67.74691,45.67058],[-67.74441,45.67291],[-67.73871,45.66766],[-67.73569,45.66691],[-67.73246,45.66338],[-67.72721,45.66263],[-67.72494,45.66416],[-67.72152,45.66211],[-67.72007,45.66225],[-67.71760,45.66513],[-67.71794,45.66766],[-67.72349,45.67000],[-67.72371,45.67219],[-67.72644,45.67350],[-67.72994,45.67666],[-67.73349,45.68402],[-67.73455,45.68891],[-67.72824,45.68925],[-67.72530,45.68550],[-67.71780,45.67941],[-67.71308,45.68119],[-67.70958,45.68133],[-67.71055,45.67919],[-67.70616,45.67352],[-67.70138,45.66905],[-67.69794,45.65955],[-67.69130,45.65352],[-67.69241,45.65005],[-67.67977,45.63822],[-67.67521,45.63075],[-67.66624,45.62422],[-67.66327,45.62536],[-67.64557,45.61333],[-67.63977,45.61608],[-67.64396,45.62313],[-67.63910,45.62511],[-67.63180,45.62136],[-67.60838,45.60613],[-67.58985,45.60677],[-67.58321,45.60227],[-67.56169,45.59469],[-67.55777,45.59480],[-67.55707,45.59697],[-67.54799,45.59783],[-67.53521,45.59502],[-67.51924,45.58766],[-67.49902,45.58663],[-67.49149,45.59088],[-67.49113,45.59322],[-67.48944,45.59369],[-67.48796,45.59580],[-67.48774,45.59697],[-67.49038,45.59702],[-67.49171,45.59850],[-67.49410,45.59894],[-67.49330,45.60133],[-67.49082,45.60077],[-67.48602,45.60141],[-67.47719,45.60391],[-67.47249,45.60050],[-67.46849,45.60066],[-67.46499,45.60344],[-67.45671,45.60433],[-67.45002,45.60247],[-67.44732,45.59661],[-67.44524,45.59636],[-67.44313,45.59383],[-67.43099,45.58411],[-67.42552,45.57841],[-67.42319,45.57159],[-67.42888,45.56834],[-67.42810,45.56759],[-67.42816,45.56512],[-67.42660,45.56306],[-67.42655,45.56062],[-67.42205,45.55653],[-67.42269,45.55378],[-67.42066,45.54967],[-67.42391,45.54703],[-67.42430,45.54298],[-67.42549,45.54148],[-67.42507,45.54025],[-67.42857,45.53981],[-67.43082,45.54070],[-67.43246,45.54042],[-67.43474,45.53589],[-67.43485,45.52814],[-67.43174,45.52381],[-67.43269,45.51978],[-67.42855,45.51903],[-67.42569,45.51712],[-67.42641,45.51520],[-67.42094,45.51178],[-67.41649,45.50430],[-67.41621,45.50130],[-67.41802,45.50119],[-67.42282,45.50550],[-67.42521,45.50488],[-67.42446,45.50363],[-67.42732,45.50091],[-67.43010,45.50102],[-67.43080,45.50136],[-67.43060,45.50308],[-67.43241,45.50383],[-67.43446,45.50341],[-67.43707,45.50511],[-67.44191,45.50525],[-67.44799,45.50980],[-67.45013,45.51027],[-67.45346,45.50884],[-67.45313,45.50711],[-67.44999,45.50519],[-67.44891,45.50211],[-67.44971,45.49908],[-67.45157,45.49905],[-67.45385,45.50022],[-67.46196,45.50697],[-67.46224,45.50802],[-67.46357,45.50836],[-67.46655,45.50672],[-67.46691,45.50577],[-67.46988,45.50580],[-67.47113,45.50416],[-67.47030,45.50211],[-67.47124,45.50086],[-67.47046,45.49952],[-67.46763,45.49838],[-67.46457,45.49830],[-67.46374,45.49705],[-67.46755,45.49516],[-67.47138,45.49722],[-67.47330,45.49605],[-67.47760,45.49705],[-67.47957,45.49622],[-67.48169,45.49380],[-67.48305,45.49408],[-67.48382,45.49538],[-67.48549,45.49561],[-67.48921,45.49305],[-67.48810,45.49119],[-67.48952,45.48913],[-67.49510,45.48869],[-67.49719,45.49027],[-67.50007,45.49088],[-67.50346,45.48955],[-67.50371,45.48669],[-67.50149,45.48269],[-67.50094,45.47894],[-67.49927,45.47700],[-67.49702,45.47588],[-67.49494,45.47283],[-67.48721,45.46772],[-67.48630,45.46472],[-67.48210,45.45938],[-67.48249,45.45708],[-67.48494,45.45633],[-67.48502,45.45275],[-67.48396,45.44938],[-67.47791,45.44641],[-67.47646,45.44330],[-67.47757,45.44161],[-67.48038,45.44094],[-67.47813,45.43686],[-67.47894,45.43572],[-67.47744,45.43280],[-67.47752,45.43052],[-67.47544,45.42883],[-67.47410,45.42508],[-67.47269,45.42322],[-67.47021,45.42266],[-67.46124,45.42222],[-67.46024,45.42044],[-67.46113,45.41930],[-67.45938,45.41741],[-67.45913,45.41577],[-67.45641,45.41441],[-67.45627,45.41341],[-67.45271,45.40966],[-67.44688,45.40675],[-67.43846,45.39902],[-67.42763,45.39100],[-67.42680,45.38975],[-67.42632,45.38550],[-67.42410,45.38202],[-67.42274,45.38122],[-67.42282,45.37927],[-67.41924,45.37711],[-67.42113,45.37355],[-67.42538,45.37297],[-67.42674,45.37366],[-67.43016,45.37161],[-67.43232,45.36805],[-67.43216,45.36702],[-67.43452,45.36497],[-67.43355,45.36080],[-67.42535,45.35741],[-67.42546,45.35658],[-67.42857,45.35475],[-67.42866,45.35169],[-67.43066,45.35105],[-67.43146,45.34975],[-67.42894,45.34572],[-67.42885,45.34433],[-67.43121,45.34108],[-67.43463,45.34005],[-67.44060,45.33602],[-67.44202,45.33391],[-67.44185,45.33244],[-67.44360,45.33086],[-67.45080,45.32916],[-67.45546,45.32713],[-67.45691,45.32525],[-67.45544,45.32236],[-67.45210,45.31927],[-67.45182,45.31766],[-67.45346,45.31369],[-67.45785,45.30958],[-67.46030,45.30002],[-67.46280,45.29933],[-67.46582,45.29980],[-67.46807,45.29900],[-67.46871,45.29736],[-67.46596,45.29688],[-67.46613,45.29386],[-67.47082,45.29330],[-67.47210,45.29219],[-67.47471,45.29166],[-67.47610,45.28863],[-67.47794,45.28830],[-67.48121,45.29108],[-67.48507,45.29113],[-67.48638,45.28988],[-67.48588,45.28700],[-67.48966,45.28213],[-67.48905,45.28058],[-67.48349,45.27944],[-67.48202,45.27536],[-67.47732,45.27588],[-67.47641,45.27538],[-67.47716,45.27386],[-67.47577,45.27130],[-67.47644,45.26905],[-67.47477,45.26327],[-67.47182,45.26163],[-67.47149,45.26069],[-67.47310,45.25863],[-67.47116,45.25516],[-67.46896,45.25327],[-67.46852,45.25063],[-67.46680,45.24958],[-67.46191,45.24269],[-67.45385,45.24122],[-67.44919,45.23658],[-67.44735,45.23311],[-67.43930,45.22611],[-67.43932,45.22477],[-67.43699,45.22272],[-67.43730,45.21991],[-67.43091,45.20919],[-67.43074,45.20613],[-67.42796,45.20177],[-67.42927,45.19347],[-67.42688,45.19150],[-67.41810,45.19000],[-67.41335,45.18541],[-67.41146,45.18252],[-67.40655,45.17888],[-67.40052,45.17766],[-67.39832,45.17338],[-67.39919,45.16894],[-67.40477,45.16677],[-67.40577,45.16294],[-67.40502,45.16005],[-67.40271,45.15963],[-67.39288,45.15438],[-67.38307,45.15197],[-67.38071,45.15213],[-67.37069,45.14200],[-67.35655,45.13300],[-67.35752,45.13219],[-67.35344,45.12916],[-67.34916,45.12950],[-67.34599,45.12644],[-67.34085,45.12502],[-67.33049,45.13180],[-67.32082,45.13133],[-67.31769,45.13802],[-67.32002,45.14238],[-67.30977,45.14366],[-67.29596,45.14784],[-67.29474,45.14967],[-67.29421,45.15364],[-67.30163,45.15700],[-67.30268,45.16073],[-67.29932,45.16917],[-67.29143,45.17103],[-67.29110,45.17459],[-67.29352,45.17587],[-67.29405,45.17717],[-67.29071,45.18167],[-67.29160,45.18353],[-67.29099,45.18584],[-67.29016,45.18614],[-67.29099,45.18759],[-67.28971,45.18878],[-67.28702,45.18912],[-67.28510,45.19131],[-67.28335,45.19187],[-67.26921,45.19050],[-67.26224,45.18794],[-67.25530,45.18287],[-67.24743,45.18089],[-67.24393,45.17825],[-67.24280,45.17245],[-67.24105,45.17098],[-67.23291,45.16853],[-67.22977,45.16484],[-67.22727,45.16342],[-67.22316,45.16337],[-67.21796,45.16659],[-67.20936,45.16907],[-67.20388,45.15749],[-67.1999,45.15660],[-67.17967,45.15749],[-67.17239,45.15513],[-67.16844,45.14952],[-67.16596,45.14284],[-67.15961,45.13235],[-67.15416,45.11916],[-67.15208,45.11656],[-67.14598,45.11518],[-67.13939,45.11155],[-67.12820,45.10289],[-67.11347,45.08694],[-67.10029,45.06936],[-67.11119,45.05365],[-67.10452,45.03795],[-67.09003,45.02586],[-67.07701,45.02098],[-67.07164,45.01439],[-67.05199,44.98338],[-67.04006,44.97317],[-67.05223,44.96129],[-67.05602,44.94542],[-67.06273,44.93142],[-67.08348,44.92540],[-67.09451,44.93305],[-67.10594,44.94578],[-67.11729,44.94835],[-67.12820,44.92540],[-67.11306,44.91555],[-67.11209,44.90407],[-67.12169,44.89455],[-67.13841,44.89065],[-67.15135,44.89594],[-67.18476,44.91677],[-67.19648,44.91856],[-67.20339,44.90489],[-67.19054,44.89057],[-67.17231,44.87722],[-67.16295,44.86672],[-67.14867,44.81553],[-67.14598,44.82571],[-67.14378,44.85574],[-67.14183,44.86330],[-67.13036,44.86473],[-67.11436,44.84691],[-67.10029,44.84963],[-67.10769,44.85712],[-67.09410,44.86330],[-67.10228,44.87795],[-67.10769,44.88316],[-67.08849,44.88812],[-67.07473,44.87079],[-67.06712,44.84442],[-67.06615,44.82229],[-67.04365,44.83397],[-67.04198,44.85443],[-67.05931,44.89744],[-67.04369,44.89402],[-67.03294,44.88438],[-67.01215,44.85712],[-67.00906,44.85639],[-66.99474,44.85712],[-66.99140,44.85565],[-66.99229,44.84739],[-66.99168,44.84349],[-66.97732,44.81553],[-66.98497,44.80491],[-67.01939,44.77492],[-67.03258,44.76711],[-67.04247,44.76622],[-67.06395,44.76858],[-67.07359,44.76711],[-67.07408,44.76369],[-67.08226,44.74571],[-67.08661,44.73977],[-67.09410,44.74726],[-67.10399,44.72899],[-67.11323,44.71625],[-67.16917,44.67092],[-67.17796,44.66758],[-67.19534,44.66327],[-67.20388,44.65725],[-67.19648,44.64423],[-67.22439,44.64423],[-67.23269,44.64675],[-67.25108,44.65725],[-67.26199,44.65770],[-67.26907,44.65481],[-67.26903,44.64634],[-67.25853,44.62991],[-67.28054,44.63137],[-67.29478,44.63963],[-67.30805,44.64976],[-67.32685,44.65725],[-67.32685,44.66474],[-67.31098,44.6824],[-67.31407,44.70071],[-67.33202,44.70949],[-67.36095,44.69883],[-67.34736,44.69265],[-67.36078,44.68557],[-67.37332,44.68589],[-67.38512,44.69118],[-67.39574,44.69883],[-67.38939,44.68248],[-67.37755,44.67076],[-67.37132,44.65770],[-67.38206,44.63739],[-67.36721,44.62746],[-67.37035,44.62230],[-67.37938,44.62128],[-67.38206,44.62376],[-67.39842,44.61180],[-67.40453,44.60569],[-67.40941,44.59581],[-67.42314,44.62026],[-67.42674,44.63939],[-67.43468,44.65920],[-67.45714,44.66474],[-67.45079,44.64765],[-67.45145,44.63801],[-67.46821,44.64193],[-67.45185,44.63227],[-67.71414,44.50075],[-67.82835,44.58425],[-68.06053,44.32831],[-68.20201,44.52509],[-68.40929,44.40464],[-68.47822,44.49339],[-68.46479,44.38983],[-68.57441,44.41083],[-68.54137,44.23733],[-68.82079,44.31464],[-68.69933,44.40969],[-68.81619,44.40208],[-68.74262,44.53729],[-68.80162,44.56028],[-68.98660,44.42116],[-68.93748,44.33197],[-69.19139,43.95217],[-69.36428,44.06053],[-69.54763,43.83490],[-69.53396,44.02102],[-69.59239,43.80772],[-69.62958,44.02728],[-69.75922,43.88642],[-69.75800,43.75950],[-69.78254,44.05735],[-69.88280,43.97663],[-69.79063,43.7331],[-69.86913,43.86957],[-69.98485,43.72634],[-69.93065,43.84910],[-70.00890,43.74123],[-69.95112,43.84910],[-70.10883,43.80674],[-70.28685,43.65049],[-70.20494,43.56114],[-70.73338,43.12042],[-70.86375,42.82623],[-70.59703,42.63446],[-70.878,42.53754],[-71.04678,42.32151],[-70.74181,42.23566],[-70.59081,42.01732],[-70.71483,42.00267],[-70.33519,41.71922],[-70.00011,41.81631],[-70.09985,42.03739],[-70.24682,42.06146],[-70.08119,42.05835],[-69.93887,41.67422],[-70.65868,41.52134],[-70.62360,41.72943],[-70.71043,41.74803],[-71.18590,41.46873],[-71.11074,41.79706],[-71.26040,41.65110],[-71.39134,41.81879],[-71.49771,41.36627],[-72.90998,41.30512],[-73.89383,40.80385],[-73.87531,41.15326],[-73.97594,41.29218],[-73.91808,40.93146],[-74.03192,40.71418],[-74.20964,40.63423],[-74.28268,40.49731],[-73.97915,40.44928],[-74.09301,39.77633],[-74.05132,40.03539],[-74.06069,40.06216],[-74.29735,39.50861],[-74.40721,39.55703],[-74.46865,39.39935],[-74.41344,39.35712],[-74.64207,39.30670],[-74.55064,39.28266],[-74.95470,38.92641],[-74.90632,39.17963],[-75.14647,39.18707],[-75.55821,39.61347],[-75.40611,39.80292],[-75.14415,39.87490],[-75.02359,40.01630],[-75.39171,39.83958],[-75.59215,39.64923],[-75.39379,39.05555],[-75.08434,38.79596],[-75.06480,38.63260],[-75.13918,38.68805],[-75.20791,38.56952],[-75.06009,38.61254],[-75.04474,38.42503],[-75.07876,38.33673],[-75.06273,38.45734],[-75.17951,38.40842],[-75.1044,38.31623],[-75.81870,37.45423],[-75.79587,37.40568],[-75.88730,37.35696],[-75.94911,37.12495],[-75.93472,37.57640],[-75.63312,37.96002],[-75.87498,37.95111],[-75.74299,38.11082],[-75.9405,38.13540],[-75.81867,38.23371],[-75.90664,38.27098],[-75.84325,38.40436],[-76.03791,38.23248],[-76.31895,38.47394],[-76.17198,38.56623],[-76.27741,38.62474],[-76.05358,38.56803],[-75.97020,38.60659],[-76.28803,38.77552],[-76.34129,38.67317],[-76.30467,38.82274],[-76.17311,38.75661],[-76.10606,38.87799],[-76.24718,38.95115],[-76.37474,38.84157],[-76.31529,39.02936],[-76.19756,38.97934],[-76.06509,39.14614],[-76.24261,39.03326],[-76.17495,39.31623],[-75.83918,39.37148],[-76.03426,39.39287],[-75.83918,39.46076],[-75.83169,39.58437],[-76.00071,39.45279],[-75.93472,39.60419],[-76.08299,39.55780],[-76.20970,39.36465],[-76.23249,39.47451],[-76.28416,39.31061],[-76.31151,39.40277],[-76.40147,39.39252],[-76.44917,39.19495],[-76.57081,39.27363],[-76.62319,39.25971],[-76.39419,39.02456],[-76.56916,39.06639],[-76.45242,38.94386],[-76.56860,38.95254],[-76.39276,38.35357],[-76.63647,38.47416],[-76.68146,38.67938],[-76.67364,38.48605],[-76.37338,38.29889],[-76.32389,38.04384],[-76.45612,38.20701],[-76.51716,38.13178],[-76.80421,38.25362],[-76.82762,38.36286],[-76.88068,38.39887],[-76.83921,38.25721],[-76.92217,38.29159],[-77.03156,38.48139],[-77.25525,38.39352],[-77.22752,38.55687],[-77.01246,38.69735],[-77.01593,38.85427],[-77.06833,38.90193],[-77.04777,38.71572],[-77.22988,38.65668],[-77.34307,38.34869],[-77.04084,38.39591],[-76.95417,38.21016],[-76.61461,38.15037],[-76.24790,37.90347],[-76.30467,37.63788],[-76.50499,37.65692],[-76.93496,38.09369],[-77.06257,38.16600],[-77.13394,38.16600],[-76.55198,37.62675],[-76.28416,37.56956],[-76.39338,37.53314],[-76.27006,37.51735],[-76.25764,37.33551],[-76.41515,37.44269],[-76.37189,37.28803],[-76.49602,37.24911],[-76.72984,37.49445],[-76.79816,37.50438],[-76.27452,37.04804],[-76.42918,36.97630],[-76.63402,37.22068],[-76.86021,37.32314],[-77.27432,37.31635],[-76.66997,37.18500],[-76.52440,36.86322],[-76.00459,36.93235],[-75.52383,35.79437],[-75.71947,36.00999],[-75.94688,36.71845],[-75.90111,36.49603],[-76.04458,36.58950],[-76.03718,36.5008],[-75.78551,36.08161],[-75.96174,36.30695],[-75.90807,36.16498],[-76.19884,36.32265],[-76.06346,36.16201],[-76.46300,36.20595],[-76.31151,36.09609],[-76.57726,36.01239],[-76.68700,36.05609],[-76.67955,36.28754],[-76.72984,36.32265],[-76.72984,35.94525],[-76.04832,35.98371],[-76.12417,35.79458],[-76.03718,35.69879],[-76.14085,35.69879],[-76.03718,35.65102],[-75.85285,35.97996],[-75.72183,35.82916],[-75.78392,35.57591],[-75.88634,35.63735],[-76.15038,35.34715],[-76.37360,35.34316],[-76.41832,35.46450],[-76.49836,35.39134],[-76.57518,35.49746],[-76.46300,35.54116],[-76.64732,35.52069],[-76.59976,35.39508],[-77.05199,35.53436],[-76.47036,35.27057],[-76.76447,34.98920],[-77.07933,35.15696],[-76.94025,34.97980],[-76.53986,34.93207],[-76.45376,35.07339],[-76.46182,34.94057],[-76.26988,34.97260],[-76.34626,34.88324],[-76.51276,34.73436],[-76.61595,34.81606],[-76.63296,34.70917],[-76.68521,34.80072],[-77.09325,34.67698],[-77.13170,34.76239],[-77.33653,34.56110],[-77.40147,34.58905],[-77.33316,34.64984],[-77.43561,34.75348],[-77.44981,34.60887],[-77.37889,34.52716],[-77.53587,34.46857],[-77.73045,34.31586],[-77.83267,34.20701],[-77.87442,34.12226],[-77.91112,33.95815],[-77.94204,33.93048],[-77.92162,34.10858],[-77.96255,34.19114],[-78.01781,33.89630],[-78.37466,33.95091],[-78.76333,33.77855],[-79.18346,33.21792],[-79.27204,33.31728],[-79.18960,33.43699],[-79.27708,33.35911],[-79.29141,33.27773],[-79.18346,33.18378],[-79.34044,33.15582],[-79.38703,33.01732],[-79.58482,33.01382],[-79.82872,32.76276],[-79.94375,32.85146],[-79.88731,32.68813],[-80.26594,32.62140],[-80.20445,32.56061],[-80.32323,32.48843],[-80.66978,32.52114],[-80.47817,32.47809],[-80.58747,32.45693],[-80.45836,32.42316],[-80.54710,32.34711],[-80.42979,32.40981],[-80.55329,32.27879],[-80.85497,32.53949],[-80.67784,32.21474],[-80.82079,32.10814],[-80.77721,32.20726],[-80.78799,32.23582],[-80.95816,31.87934],[-81.11823,31.90766],[-81.10554,31.74266],[-81.27330,31.76553],[-81.19627,31.71759],[-81.32565,31.34892],[-81.49242,31.36766],[-81.26769,31.25873],[-81.38597,31.14175],[-81.45482,31.206],[-81.53335,30.85370],[-81.29381,29.89411],[-80.52822,28.47260],[-80.59219,28.20791],[-80.45091,27.86636],[-80.61994,28.20697],[-80.60041,28.60028],[-80.76594,28.61229],[-80.84813,28.79059],[-80.73827,28.37348],[-80.38097,27.66608],[-80.34536,27.51459],[-80.19782,27.19599],[-80.19701,27.18048],[-80.21715,27.20941],[-80.31432,27.24258],[-80.14879,27.13825],[-80.03823,26.81118],[-80.12877,25.77529],[-80.14061,25.90082],[-80.30687,25.61823],[-80.40249,25.18622],[-81.10195,25.12474],[-81.17711,25.22776],[-81.16486,25.29808],[-81.12995,25.34446],[-81.07787,25.27285],[-80.98526,25.23460],[-81.00576,25.21417],[-80.91722,25.24575],[-81.14134,25.38475],[-81.34845,25.81684],[-81.62271,25.94717],[-81.73200,25.92047],[-81.85594,26.44887],[-82.00865,26.48452],[-81.78038,26.71499],[-82.03905,26.52789],[-82.09699,26.90936],[-81.97838,26.99616],[-82.15518,26.92763],[-82.27383,27.01601],[-82.15025,26.80316],[-82.31383,26.84935],[-82.57363,27.39508],[-82.69839,27.45482],[-82.72915,27.51471],[-82.58918,27.50324],[-82.42174,27.91718],[-82.52708,27.82477],[-82.54112,27.94277],[-82.69098,28.03766],[-82.71886,27.92780],[-82.56187,27.88617],[-82.65404,27.69505],[-82.81509,27.83222],[-82.73936,27.72858],[-82.71886,27.65965],[-82.84239,27.82851],[-82.63361,28.88764],[-82.80085,29.17475],[-83.04067,29.18012],[-83.40892,29.66730],[-84.02403,30.10659],[-84.45352,30.00519],[-84.34300,29.94676],[-84.34898,29.90204],[-84.37734,29.88735],[-85.34609,29.67837],[-85.35651,29.88873],[-85.67955,30.13434],[-85.44237,30.02016],[-85.39500,30.05556],[-85.72053,30.19578],[-85.55549,30.28514],[-85.57697,30.32119],[-85.85436,30.26483],[-85.72053,30.13434],[-86.51089,30.40762],[-86.10777,30.38670],[-86.20714,30.50486],[-87.19408,30.36029],[-86.89240,30.44965],[-87.02961,30.60732],[-87.09292,30.44892],[-87.18057,30.58466],[-87.30654,30.32855],[-87.52920,30.27773],[-87.34561,30.42768],[-87.42682,30.48314],[-87.59015,30.27537],[-87.65453,30.25210],[-88.03014,30.22378],[-87.76423,30.27952],[-88.03014,30.73769],[-88.13768,30.31977],[-88.92764,30.44220],[-89.33193,30.37714],[-89.59593,30.15591],[-90.22240,30.38758],[-90.42845,30.18895],[-90.37999,30.08039],[-90.14517,30.02383],[-89.68114,30.16852],[-89.84040,30.01142],[-89.66454,29.87547],[-89.48623,30.07636],[-89.36603,30.04865],[-89.45470,29.97638],[-89.34532,29.79169],[-89.48253,29.83331],[-89.60147,29.73484],[-89.48253,29.63410],[-89.75690,29.63410],[-89.53986,29.39777],[-89.19709,29.35346],[-89.01016,29.17475],[-89.13365,28.99624],[-89.24767,29.10590],[-89.41364,28.92837],[-89.27619,29.16010],[-89.38365,29.08783],[-89.45519,29.25047],[-89.81814,29.31616],[-89.81631,29.47435],[-90.18203,29.57949],[-90.01756,29.29828],[-90.22923,29.08665],[-90.26081,29.26947],[-90.39370,29.24306],[-90.43443,29.35724],[-90.60277,29.30756],[-90.64073,29.14061],[-90.88402,29.13377],[-91.32799,29.29486],[-91.22297,29.38019],[-91.15404,29.25047],[-91.11310,29.27098],[-91.22838,29.60805],[-91.29865,29.48383],[-91.55931,29.53847],[-91.63792,29.74209],[-91.85846,29.71906],[-91.84752,29.83124],[-92.20238,29.76439],[-92.02489,29.62726],[-92.31430,29.53436],[-93.19959,29.77281],[-93.83102,29.70013],[-93.89369,29.79081],[-93.75995,29.96057],[-93.85407,29.98655],[-93.93811,29.80590],[-93.87580,29.67503],[-94.76276,29.36652],[-94.70099,29.46279],[-94.50446,29.52602],[-94.48595,29.56610],[-94.77905,29.52987],[-94.73405,29.78224],[-94.91959,29.65532],[-95.05228,29.74974],[-95.02391,29.54218],[-94.82111,29.37396],[-95.17052,29.20893],[-95.15892,29.04572],[-95.95197,28.68870],[-95.71922,28.71548],[-96.21886,28.48948],[-95.98778,28.64484],[-96.22647,28.58714],[-96.18805,28.69086],[-96.34577,28.63532],[-96.38329,28.73004],[-96.44481,28.76386],[-96.3697,28.62665],[-96.42764,28.59540],[-96.49323,28.57892],[-96.65086,28.72972],[-96.54759,28.46930],[-96.40379,28.43488],[-96.65371,28.31948],[-96.79332,28.47972],[-96.88023,28.15062],[-96.91030,28.26361],[-96.97301,28.13393],[-97.17324,28.15900],[-97.14907,28.00552],[-97.02106,28.10032],[-97.18407,27.83661],[-97.52106,27.87319],[-97.25959,27.69505],[-97.41120,27.33502],[-97.63023,27.30023],[-97.77428,27.46849],[-97.66763,27.31085],[-97.76056,27.27912],[-97.42609,27.26365],[-97.56200,26.83787],[-97.25560,25.99892],[-97.15184,26.07501],[-97.13752,25.97451],[-97.65143,24.51585],[-97.72520,23.80565],[-97.82209,23.78839],[-97.76061,23.65192],[-97.72223,23.73932],[-97.74234,22.97207],[-97.89321,22.61025],[-97.83429,22.66974],[-97.76061,22.09585],[-97.31623,21.56094],[-97.41860,21.27338],[-97.47223,21.43781],[-97.37022,21.53750],[-97.78111,22.09585],[-97.65758,21.63654],[-97.15054,20.64704],[-96.45612,19.86880],[-96.29035,19.33258],[-95.75275,18.79999],[-95.95885,18.85639],[-95.85204,18.71678],[-95.56834,18.68329],[-95.72838,18.75722],[-95.73281,18.79999],[-95.19005,18.70514],[-94.78693,18.51194],[-94.46694,18.14423],[-93.78111,18.27277],[-93.55235,18.42938],[-93.15575,18.44306],[-93.12848,18.34064],[-93.13760,18.42886],[-92.71690,18.59219],[-92.66909,18.42938],[-92.69587,18.61562],[-92.40514,18.67106],[-91.94806,18.69122],[-91.86656,18.59837],[-91.95018,18.62954],[-92.05280,18.54669],[-91.90196,18.58079],[-91.80207,18.38564],[-91.79832,18.49144],[-91.48648,18.43642],[-91.18199,18.65656],[-91.29865,18.62864],[-91.26553,18.73566],[-91.41470,18.81362],[-91.23721,18.95758],[-91.50527,18.81655],[-90.74242,19.34296],[-90.70278,19.71112],[-90.46385,19.97785],[-90.48989,20.53412],[-90.33238,21.03245],[-89.78595,21.28457],[-88.44782,21.5751],[-87.25694,21.44061],[-87.13833,21.56305],[-87.41315,21.53408],[-87.02619,21.59243],[-86.82795,21.43329],[-86.74425,21.15469],[-87.43049,20.22101],[-87.43419,19.88922],[-87.47980,19.78432],[-87.44391,19.91347],[-87.47801,19.96483],[-87.66734,19.63377],[-87.7412,19.67169],[-87.67381,19.50568],[-87.41275,19.57762],[-87.67585,19.31118],[-87.63898,19.22093],[-87.46092,19.32070],[-87.84455,18.19668],[-88.07778,18.49860],[-88.03628,18.87498],[-88.39098,18.37059],[-88.09154,18.37173],[-88.28770,17.60423],[-88.16730,17.51203],[-88.29596,17.23810],[-88.21743,16.95547],[-88.34898,16.51532],[-88.31126,16.66229],[-88.91397,15.89394],[-88.60924,15.70209],[-88.48884,15.84674],[-88.60545,15.96963],[-88.14525,15.68451],[-87.72215,15.92291],[-87.4794,15.78603],[-86.37474,15.77094],[-85.93325,15.93667],[-86.00792,16.03107],[-85.48857,15.86956],[-84.99994,15.98794],[-84.66005,15.77449],[-84.45281,15.79564],[-84.64183,15.86290],[-84.29463,15.81101],[-83.72997,15.40155],[-84.00401,15.53758],[-84.21288,15.55121],[-83.92198,15.24787],[-83.82188,15.27069],[-84.02651,15.40867],[-83.81407,15.32168],[-83.75983,15.20209],[-83.62336,15.29608],[-83.52765,15.28436],[-83.53286,15.21124],[-83.59251,15.23720],[-83.62144,15.17617],[-83.48180,15.21556],[-83.52961,15.30101],[-83.61021,15.30487],[-83.70299,15.40200],[-83.35631,15.22972],[-83.13044,14.99701],[-83.29401,14.80426],[-83.32217,14.91388],[-83.36986,14.88300],[-83.42463,14.80394],[-83.29922,14.77118],[-83.18659,14.34764],[-83.43126,13.95673],[-83.55915,13.41583],[-83.48180,12.41665],[-83.63752,12.38572],[-83.55540,12.63589],[-83.56403,12.81269],[-83.58910,12.63214],[-83.77464,12.53351],[-83.67638,12.27985],[-83.61701,12.34804],[-83.67101,11.98794],[-83.69786,12.13519],[-83.72862,12.17157],[-83.77774,12.17715],[-83.83609,11.87124],[-83.69994,11.84992],[-83.65172,11.61937],[-83.86790,11.27366],[-83.39452,10.37604],[-82.78775,9.67275],[-82.34276,9.43252],[-82.39366,9.26211],[-82.17080,9.19977],[-82.26016,9.02098],[-82.10191,8.93162],[-81.77554,8.94025],[-81.88280,9.17951],[-81.53026,8.80874],[-81.07990,8.80483],[-79.97894,9.36335],[-79.79295,9.34935],[-79.63033,9.60847],[-78.97058,9.57331],[-79.05806,9.45793],[-78.45260,9.40883],[-77.86009,9.11041],[-76.94253,8.12885],[-76.83226,8.13654],[-76.93370,7.96458],[-76.77961,7.91323],[-76.77481,8.41669],[-76.94717,8.54547],[-76.31554,8.94774],[-75.94379,9.44073],[-75.62063,9.45285],[-75.57636,9.62108],[-75.70513,9.70066],[-75.53067,10.24066],[-75.70357,10.13442],[-75.51569,10.31899],[-75.46182,10.63104],[-74.84437,11.10967],[-74.29783,10.99149],[-74.59699,10.86782],[-74.39509,10.74949],[-74.15339,11.34365],[-73.29238,11.29401],[-72.74132,11.70795],[-72.26305,11.88597],[-72.16197,12.24286],[-71.93761,12.16644],[-71.87108,12.25604],[-71.96052,12.28270],[-71.67560,12.46832],[-71.26183,12.34186],[-71.10749,12.07493],[-71.37816,11.75845],[-71.97130,11.55483],[-71.85692,11.21698],[-71.62645,11.01496],[-71.76866,11.01528],[-71.57628,10.72109],[-71.62954,10.45400],[-72.12437,9.82607],[-71.99522,9.45921],[-71.73452,9.38471],[-71.81651,9.23330],[-71.64590,9.04962],[-71.07282,9.31354],[-71.03506,9.74038],[-71.46935,10.40180],[-71.58311,10.80923],[-71.44591,10.79621],[-71.50112,10.96002],[-70.03652,11.44090],[-70.16159,11.56854],[-69.79491,11.43671],[-69.81602,11.69367],[-70.21178,11.60907],[-70.30199,11.85814],[-70.2058,12.11200],[-70.01773,12.19892],[-69.62360,11.46776],[-68.86318,11.45286],[-68.40331,11.20026],[-68.27843,10.92548],[-68.37661,10.91909],[-68.23884,10.88495],[-68.28709,10.65790],[-68.12954,10.48773],[-66.27586,10.65216],[-66.04653,10.57648],[-66.12222,10.50702],[-65.92300,10.28221],[-65.08397,10.04751],[-64.77660,10.09039],[-64.71703,10.22760],[-64.46837,10.24860],[-64.18854,10.47760],[-63.65501,10.49453],[-64.03185,10.59007],[-64.23387,10.51504],[-64.27074,10.67267],[-61.84577,10.74095],[-62.33495,10.53021],[-62.66234,10.56704],[-62.92332,10.53082],[-63.01081,10.45355],[-62.85700,10.53156],[-62.83112,10.40680],[-62.99518,10.40786],[-63.00397,10.27537],[-62.94249,10.40517],[-62.76447,10.39533],[-62.62657,10.13080],[-63.01764,10.10346],[-62.80109,9.99599],[-62.61852,10.09162],[-62.55825,10.21332],[-62.31871,9.70624],[-62.22199,9.93838],[-62.21568,9.63792],[-62.19518,9.93280],[-62.02733,9.87441],[-62.19647,10.01967],[-61.83145,9.79193],[-61.84577,9.65102],[-61.7801,9.75922],[-61.74331,9.59638],[-61.73102,9.69403],[-61.82817,9.82715],[-61.59251,9.78196],[-61.63673,9.89877],[-61.20604,9.57737],[-60.96060,9.53872],[-60.78539,9.31354],[-61.08543,9.10244],[-60.95913,9.18252],[-61.09968,8.96035],[-61.20946,8.60903],[-61.65196,8.58584],[-61.28404,8.39720],[-61.02660,8.50092],[-61.07799,8.46645],[-61.07188,8.40330],[-60.97557,8.57599],[-60.19782,8.62384],[-59.16515,8.05874],[-58.47158,7.34540],[-58.68643,6.38247],[-58.39842,6.88336],[-58.00567,6.79175],[-57.52891,6.26570],[-57.44559,6.33036],[-57.18666,6.12118],[-57.24767,5.48493],[-56.95653,6.01157],[-55.93600,5.80466],[-55.89769,5.67670],[-55.95116,5.88151],[-55.84438,5.97596],[-55.33596,5.96270],[-55.12987,5.82074],[-54.86302,5.85553],[-55.14297,5.93012],[-55.08530,5.99064],[-54.25269,5.89480],[-53.98635,5.74566],[-54.17096,5.34837],[-53.94435,5.74464],[-52.99458,5.45762],[-52.38898,4.89590],[-52.27912,4.93122],[-52.34048,4.72459],[-52.23192,4.87543],[-52.02452,4.69354],[-51.95075,4.45400],[-52.04629,4.33356],[-51.93651,4.39191],[-51.90916,4.65570],[-51.80150,4.61269],[-51.68321,4.03937],[-51.57160,4.23541],[-51.43683,3.92951],[-51.51649,4.44112],[-51.22443,4.16504],[-51.17613,3.64834],[-51.07990,3.88227],[-51.01677,3.03557],[-50.67927,2.17169],[-50.77969,2.07095],[-50.61955,2.10523],[-50.46654,1.81541],[-49.95059,1.72132],[-49.88302,1.30771],[-50.14974,1.22120],[-49.88756,1.17487],[-50.45335,0.66404],[-50.79063,0.16950],[-51.32697,-0.07952],[-51.25121,-0.12737],[-51.58019,-0.52516],[-51.93456,-1.33953],[-52.23810,-1.34636],[-52.70811,-1.60003],[-52.27912,-1.51824],[-52.20396,-1.69019],[-50.83958,-0.91277],[-50.95641,-1.12851],[-50.65469,-1.73797],[-50.78756,-1.89737],[-50.87980,-1.85195],[-50.84421,-1.95530],[-50.61058,-1.81420],[-50.41576,-2.07317],[-50.31253,-1.90877],[-49.97691,-1.82610],[-49.81248,-2.10800],[-49.84658,-1.90178],[-49.59276,-2.01165],[-49.65477,-1.89511],[-49.42202,-1.77898],[-49.45116,-1.82464],[-49.45421,-1.85613],[-49.36974,-1.94019],[-49.61986,-2.67018],[-48.96558,-1.59971],[-48.85636,-1.55903],[-49.03326,-1.84656],[-48.65694,-1.38338],[-48.42833,-1.66228],[-48.4829,-1.51140],[-48.32530,-1.47047],[-48.49657,-1.46135],[-48.48275,-1.2813],[-48.33971,-1.31601],[-48.25015,-1.18938],[-48.29601,-1.05559],[-48.18748,-1.01865],[-48.11156,-0.72454],[-48.03791,-0.66171],[-47.96214,-0.78183],[-47.80244,-0.69033],[-47.80907,-0.56516],[-47.72866,-0.75652],[-47.61058,-0.69394],[-47.58451,-0.57824],[-47.49669,-0.76474],[-47.39305,-0.81259],[-47.46190,-0.59286],[-47.40733,-0.68157],[-47.29401,-0.59286],[-47.13976,-0.79892],[-47.07754,-0.66570],[-47.0572,-0.86712],[-46.96910,-0.69589],[-46.92223,-0.83456],[-46.96300,-0.86500],[-46.94737,-0.9013],[-46.83128,-0.70956],[-46.74937,-0.94296],[-46.61379,-0.81323],[-46.61131,-0.92400],[-46.66738,-0.92245],[-46.73745,-0.98430],[-46.74937,-1.01865],[-46.42762,-0.86855],[-46.47500,-1.04534],[-46.24844,-1.09368],[-46.20030,-0.90764],[-46.26211,-1.18320],[-46.10167,-1.07333],[-46.05044,-1.21038],[-45.97945,-1.05508],[-45.94806,-1.25139],[-45.86748,-1.06347],[-45.89964,-1.25758],[-45.83820,-1.20289],[-45.84056,-1.27955],[-45.81090,-1.32643],[-45.70103,-1.13469],[-45.67553,-1.36631],[-45.54385,-1.27027],[-45.52969,-1.41578],[-45.40851,-1.29680],[-45.54271,-1.49098],[-45.46080,-1.54615],[-45.32616,-1.31292],[-45.32363,-1.74480],[-45.16319,-1.48284],[-45.06297,-1.42888],[-44.96735,-1.59400],[-44.86119,-1.42693],[-44.93382,-1.65545],[-44.82290,-1.57586],[-44.82192,-1.75921],[-44.70787,-1.71746],[-44.81037,-1.81316],[-44.59801,-1.74480],[-44.65953,-1.83977],[-44.53018,-1.83375],[-44.48814,-1.98748],[-44.82404,-2.27922],[-44.66563,-2.27092],[-44.72093,-2.40211],[-44.65269,-2.42945],[-44.46165,-2.14462],[-44.36245,-2.31031],[-44.65599,-2.59319],[-44.54039,-2.53826],[-44.68614,-2.91668],[-44.62222,-3.05103],[-44.78156,-3.19695],[-44.79601,-3.30022],[-44.43297,-2.95029],[-44.29263,-2.48105],[-44.03441,-2.41521],[-44.3485,-2.81023],[-44.18651,-2.75904],[-44.20018,-2.86891],[-43.92324,-2.54680],[-43.87804,-2.63494],[-43.53734,-2.43596],[-43.45287,-2.55291],[-43.42629,-2.33785],[-42.23941,-2.83416],[-41.83856,-2.72948],[-41.24453,-3.01523],[-41.25690,-2.87517],[-39.98570,-2.84840],[-38.47740,-3.69744],[-38.02961,-4.2374],[-37.29255,-4.71795],[-37.18293,-4.91090],[-36.54442,-5.12761],[-35.99718,-5.04754],[-35.40379,-5.22649],[-35.10651,-5.98601],[-35.15086,-6.21599],[-34.98228,-6.39137],[-34.91466,-7.13054],[-34.82579,-6.98447],[-34.80479,-7.51409],[-34.92894,-7.55575],[-34.80530,-7.62271],[-34.90721,-7.73381],[-34.86587,-7.71754],[-34.89209,-7.76261],[-34.89352,-7.80492],[-34.81163,-7.93255],[-35.30508,-9.19304],[-35.69615,-9.67294],[-35.79991,-9.58473],[-35.85814,-9.73455],[-35.90542,-9.62477],[-35.96304,-9.61077],[-35.87364,-9.75546],[-35.81061,-9.74480],[-36.40807,-10.50213],[-36.90306,-10.77288],[-37.13829,-11.12590],[-37.27513,-11.02271],[-37.14915,-11.18743],[-37.33006,-11.42066],[-37.40245,-11.39967],[-37.27208,-11.24944],[-37.29938,-11.19475],[-37.47008,-11.35865],[-37.39557,-11.43743],[-37.49185,-11.51629],[-37.36823,-11.47381],[-38.05089,-12.64104],[-38.50967,-13.02141],[-38.50890,-12.72291],[-38.69098,-12.57146],[-38.80663,-12.83513],[-38.86168,-12.65406],[-38.92369,-12.73658],[-38.85399,-12.85125],[-38.72447,-12.87322],[-38.95457,-13.37249],[-39.03978,-13.33245],[-39.11554,-13.59937],[-39.01183,-13.49700],[-38.97997,-13.83587],[-39.09162,-13.71266],[-39.14875,-13.73691],[-38.99445,-13.86345],[-39.07453,-13.89422],[-38.97956,-14.06113],[-39.07103,-14.07634],[-39.07453,-14.14055],[-39.03978,-14.17538],[-39.06338,-14.10995],[-38.95726,-14.06609],[-38.92992,-13.89763],[-38.92369,-14.00408],[-39.06712,-14.67498],[-38.86168,-15.85426],[-39.20860,-17.16220],[-39.13711,-17.67962],[-39.65941,-18.27361],[-39.78620,-19.60198],[-40.02684,-19.76441],[-40.23277,-20.26677],[-40.36929,-20.23268],[-40.25951,-20.32146],[-40.34874,-20.50009],[-40.75846,-20.86419],[-41.05724,-21.48381],[-40.97264,-21.98674],[-41.96629,-22.53541],[-41.99303,-22.69988],[-41.86978,-22.75213],[-42.01353,-22.98170],[-43.03140,-22.97429],[-43.13076,-22.91961],[-43.07555,-22.66570],[-43.27017,-22.74700],[-43.17076,-22.96982],[-43.56037,-23.06747],[-44.00373,-23.09107],[-43.60374,-23.00774],[-43.85016,-22.89226],[-44.18639,-23.04900],[-44.41136,-22.93743],[-44.70051,-23.10768],[-44.65135,-23.28476],[-44.55650,-23.22747],[-44.50121,-23.29648],[-44.91930,-23.34881],[-45.41299,-23.61785],[-45.42666,-23.83074],[-45.86436,-23.75644],[-46.28766,-24.02117],[-46.31737,-24.01637],[-46.27635,-23.98162],[-46.29946,-23.92506],[-46.38540,-23.87346],[-46.45392,-23.92644],[-46.37604,-24.02450],[-46.93663,-24.27337],[-48.05158,-25.03679],[-47.88707,-25.05730],[-48.20905,-25.45761],[-48.12730,-25.27996],[-48.33275,-25.35833],[-48.32530,-25.22861],[-48.45567,-25.24846],[-48.47272,-25.47568],[-48.74303,-25.35214],[-48.71084,-25.49635],[-48.36119,-25.57097],[-48.54100,-25.84547],[-48.76943,-25.86736],[-48.56346,-25.86581],[-48.59251,-26.18385],[-48.73379,-26.22470],[-48.79645,-26.06845],[-48.79824,-26.30486],[-48.6079,-26.4367],[-48.60716,-27.10442],[-48.47614,-27.15398],[-48.61998,-27.24667],[-48.63589,-28.23015],[-48.76122,-28.4874],[-48.87401,-28.34628],[-48.75609,-28.52841],[-49.34276,-28.92351],[-49.81065,-29.44312],[-50.72142,-31.04452],[-52.07738,-32.16725],[-52.08727,-31.82781],[-51.83633,-31.85491],[-51.42251,-31.48512],[-51.24498,-31.46404],[-51.16185,-31.07773],[-50.97594,-31.13095],[-50.97842,-30.89332],[-50.69261,-30.72649],[-50.72565,-30.36305],[-50.56501,-30.45012],[-50.61481,-30.18621],[-50.93639,-30.43157],[-51.28351,-30.00742],[-51.32697,-30.22454],[-51.09064,-30.35198],[-51.25047,-30.46233],[-51.26968,-30.78183],[-51.37710,-30.64226],[-51.44302,-31.08098],[-51.96353,-31.33228],[-52.00792,-31.64617],[-52.08332,-31.55868],[-52.21861,-31.74065],[-52.13386,-31.93084],[-52.25861,-32.05364],[-52.08141,-32.03199],[-52.16893,-32.10068],[-52.09117,-32.16611],[-52.25340,-32.28248],[-52.62169,-33.10198],[-53.45091,-33.80152],[-53.76488,-34.39039],[-54.14590,-34.66757],[-54.25967,-34.68596],[-54.23859,-34.58977],[-54.32860,-34.56178],[-54.30646,-34.70769],[-54.95860,-34.97340],[-55.69344,-34.76474],[-56.15608,-34.94118],[-57.15196,-34.45093],[-57.85535,-34.47096],[-58.43464,-33.78492],[-58.36693,-33.15374],[-58.13776,-33.09514],[-58.04849,-32.91171],[-58.20042,-32.44459],[-58.14679,-33.04998],[-58.43016,-33.10263],[-58.54922,-33.70533],[-58.37857,-34.18824],[-58.57042,-34.28818],[-58.31503,-34.65719],[-57.52203,-35.01315],[-57.20157,-35.31015],[-57.12814,-35.44132],[-57.35262,-35.72752],[-57.37059,-35.97698],[-56.93919,-36.38486],[-56.74059,-36.31658],[-56.68643,-36.92766],[-57.48741,-37.83220],[-57.55842,-38.12086],[-58.33096,-38.49277],[-61.14338,-39.00107],[-61.83901,-38.98089],[-62.37975,-38.79843],[-62.27403,-38.95452],[-62.32559,-39.25465],[-62.02310,-39.37704],[-62.28392,-39.31072],[-62.05060,-39.47470],[-62.11945,-39.83831],[-62.30504,-39.81113],[-62.35969,-40.19182],[-62.49006,-40.30787],[-62.26415,-40.55152],[-62.32974,-40.66912],[-62.18154,-40.62664],[-62.33779,-40.87273],[-63.05357,-41.14714],[-63.62181,-41.16090],[-64.91120,-40.82382],[-64.74498,-40.79729],[-64.79621,-40.72332],[-65.13170,-40.84238],[-65.00499,-42.09319],[-64.48086,-42.25465],[-64.60228,-42.42205],[-64.44505,-42.44671],[-64.10358,-42.42783],[-64.06843,-42.26962],[-64.33971,-42.2374],[-63.76864,-42.07772],[-63.59797,-42.29998],[-63.62026,-42.75123],[-64.1079,-42.88372],[-64.25133,-42.77507],[-64.20238,-42.63543],[-64.43773,-42.50693],[-64.94603,-42.65422],[-64.99714,-42.78484],[-64.30211,-42.98089],[-64.94391,-43.23943],[-65.3308,-43.66334],[-65.18670,-44.03553],[-65.30870,-44.20008],[-65.21688,-44.36641],[-65.7271,-44.80960],[-65.5214,-44.93189],[-65.69061,-45.06272],[-66.20036,-44.99291],[-66.58779,-45.13933],[-66.52399,-45.21609],[-66.92926,-45.25653],[-67.33192,-45.61349],[-67.62442,-46.13006],[-67.42322,-46.56741],[-66.78644,-47.00660],[-65.97956,-47.06617],[-65.74490,-47.20416],[-65.84562,-47.74220],[-66.03206,-47.73952],[-66.38915,-47.86386],[-65.90182,-47.76995],[-65.76195,-47.94855],[-65.92738,-47.94140],[-65.91723,-48.11381],[-67.11434,-48.67375],[-67.55654,-49.01581],[-67.83088,-49.37957],[-67.60765,-49.26506],[-67.89492,-49.99687],[-68.34186,-50.11760],[-68.65404,-49.75790],[-68.73973,-49.72771],[-68.57727,-49.92761],[-69.01349,-50.00774],[-68.58347,-49.97033],[-68.34987,-50.14881],[-68.87642,-50.33057],[-69.07651,-50.56017],[-69.1368,-50.90348],[-69.41071,-51.08391],[-69.16777,-50.97822],[-68.96255,-51.56015],[-69.37718,-51.55689],[-69.61681,-51.62517],[-68.97351,-51.61995],[-68.36247,-52.33907],[-69.23470,-52.20314],[-69.47093,-52.27271],[-69.67235,-52.53085],[-70.86375,-52.72136],[-70.73884,-52.78386],[-70.88921,-52.91362],[-70.80915,-52.96160],[-70.99274,-53.38298],[-70.97362,-53.75603],[-71.28502,-53.886],[-72.10387,-53.68906],[-72.45327,-53.40732],[-72.28229,-53.24277],[-72.08043,-53.32903],[-72.24168,-53.43450],[-72.09251,-53.42262],[-72.02171,-53.24732],[-71.85562,-53.22535],[-71.78917,-53.44133],[-72.00796,-53.55429],[-71.81419,-53.52068],[-71.75446,-53.46249],[-71.74242,-53.22340],[-71.11876,-52.91963],[-71.39879,-52.72820],[-71.39862,-52.83171],[-72.02196,-53.12542],[-72.286,-53.02988],[-72.56314,-53.07887],[-72.19139,-53.18059],[-72.53819,-53.19736],[-72.41234,-53.25644],[-72.64513,-53.31780],[-72.36457,-53.53687],[-73.30304,-53.15341],[-72.71955,-53.29257],[-72.79596,-53.17327],[-72.65257,-53.15341],[-72.93374,-53.10475],[-72.87608,-53.03639],[-72.96035,-52.82496],[-72.76244,-52.76978],[-72.70348,-52.70769],[-72.61131,-52.77410],[-72.71483,-52.86939],[-72.43126,-52.85662],[-72.16087,-52.65211],[-71.47810,-52.64613],[-71.57161,-52.56127],[-72.30992,-52.51653],[-72.41926,-52.65300],[-72.54914,-52.59156],[-72.38963,-52.50758],[-72.85802,-52.50221],[-72.98835,-52.70427],[-72.81920,-52.58652],[-72.67389,-52.65252],[-73.01561,-52.84172],[-72.97956,-53.05478],[-73.45287,-52.99667],[-73.20474,-52.89690],[-73.56371,-52.79705],[-73.23306,-52.79062],[-73.30663,-52.71542],[-73.00397,-52.55828],[-73.09162,-52.49382],[-72.88735,-52.51531],[-73.19497,-52.42986],[-73.26891,-52.67359],[-73.39362,-52.54412],[-73.39732,-52.63648],[-73.69953,-52.71453],[-73.49486,-52.47551],[-73.66616,-52.42400],[-73.58055,-52.20842],[-73.73501,-52.02996],[-73.30304,-52.22177],[-72.99779,-52.06487],[-73.07925,-52.23707],[-72.86644,-52.25676],[-72.75487,-52.05681],[-72.88369,-52.19833],[-72.94737,-52.04973],[-72.80280,-51.93743],[-72.53587,-52.22177],[-72.93053,-52.44817],[-72.52220,-52.44833],[-72.63756,-52.39763],[-72.46694,-52.20427],[-72.66966,-51.96103],[-72.46898,-51.92929],[-72.46694,-51.78972],[-72.68903,-51.59343],[-73.09097,-51.42083],[-73.26764,-51.48056],[-72.56240,-51.77825],[-72.72411,-51.83814],[-73.28001,-51.60621],[-72.99453,-51.78972],[-73.10602,-51.74488],[-73.04979,-51.83131],[-73.20742,-51.87908],[-72.91942,-51.85857],[-73.22370,-52.09148],[-73.32677,-51.72698],[-73.38622,-51.65252],[-73.29283,-52.16570],[-73.56354,-52.03997],[-73.62092,-51.81218],[-73.39981,-52.01572],[-73.58918,-51.74960],[-73.46068,-51.6867],[-73.71890,-51.77581],[-73.81200,-51.68857],[-73.71458,-51.63884],[-73.89952,-51.62517],[-73.81696,-51.53655],[-73.93431,-51.40602],[-73.61188,-51.62542],[-73.59789,-51.43279],[-73.78282,-51.23479],[-73.68272,-51.27597],[-73.69408,-51.13925],[-74.12950,-51.18767],[-74.07144,-50.95370],[-74.23224,-51.03557],[-74.25641,-50.93938],[-73.92682,-50.86435],[-73.80333,-50.96054],[-73.87970,-50.83416],[-73.74185,-50.82048],[-73.77293,-50.67066],[-73.47435,-50.67245],[-73.72508,-50.55950],[-73.56371,-50.40496],[-73.75938,-50.51572],[-73.82262,-50.75790],[-74.04271,-50.82203],[-74.29735,-50.48064],[-74.12608,-50.59050],[-74.14981,-50.48308],[-73.87970,-50.54273],[-74.12889,-50.42294],[-74.01622,-50.36394],[-74.25255,-50.44052],[-74.28270,-50.26490],[-74.43932,-50.35711],[-74.69465,-50.18303],[-74.34764,-50.08611],[-74.19440,-50.25969],[-73.8579,-50.28948],[-74.17471,-50.1985],[-74.36485,-49.99033],[-73.88589,-50.07659],[-74.00768,-49.99138],[-73.90636,-49.85686],[-74.03595,-49.96477],[-74.32469,-49.87118],[-74.06403,-49.71355],[-74.28990,-49.74146],[-74.32225,-49.63250],[-74.05382,-49.53932],[-73.72785,-49.78167],[-73.68785,-49.72031],[-74.12352,-49.42262],[-74.07445,-49.26165],[-73.96353,-49.32976],[-73.84487,-49.34978],[-74.04352,-49.08294],[-73.83287,-49.03215],[-74.05748,-49.01246],[-74.21491,-49.52312],[-74.42276,-49.38469],[-74.44790,-48.80779],[-74.0572,-48.74033],[-74.39977,-48.61052],[-74.19713,-48.47332],[-73.99347,-48.59726],[-74.02855,-48.44801],[-73.89269,-48.41131],[-74.27009,-48.33562],[-74.31786,-48.21209],[-74.51207,-48.08993],[-74.46865,-48.02776],[-74.62540,-48.00422],[-74.34455,-48.02092],[-74.20563,-48.23105],[-74.33092,-48.00042],[-73.76984,-48.02776],[-73.80418,-48.10808],[-73.55626,-48.24684],[-73.35143,-48.21949],[-73.27668,-48.13836],[-73.28180,-48.07927],[-73.48180,-48.12330],[-73.65314,-47.89804],[-73.49852,-47.97991],[-73.23534,-47.98674],[-73.61900,-47.86386],[-73.55012,-47.80803],[-73.73192,-47.74309],[-73.72142,-47.52743],[-73.77293,-47.77947],[-73.92369,-47.84270],[-74.73558,-47.71868],[-74.56761,-47.68092],[-74.55671,-47.55006],[-74.34455,-47.63665],[-74.48176,-47.69882],[-74.20506,-47.75660],[-74.30357,-47.67831],[-74.04352,-47.60947],[-74.31411,-47.59579],[-74.52855,-47.43173],[-74.32469,-47.21892],[-74.17760,-47.20525],[-74.11241,-47.33554],[-74.11538,-47.19296],[-73.9735,-47.25497],[-74.0572,-47.15691],[-73.94127,-47.02792],[-74.15322,-46.96721],[-74.12608,-46.82854],[-74.59162,-46.72551],[-74.47765,-46.77239],[-74.67349,-46.84905],[-74.47915,-46.90227],[-74.68097,-46.88388],[-74.81525,-46.76848],[-75.0065,-46.75351],[-75.08336,-46.64088],[-74.93419,-46.43759],[-75.20173,-46.62997],[-75.41486,-46.63274],[-75.57506,-46.68792],[-75.66104,-46.76718],[-75.42247,-46.71396],[-75.41055,-46.93157],[-75.56895,-46.93987],[-75.71141,-46.74439],[-75.20173,-46.30095],[-75.10578,-46.34710],[-75.02977,-46.34197],[-75.13866,-46.31406],[-75.09068,-46.21607],[-74.77721,-46.21217],[-74.64732,-45.81617],[-74.46471,-46.02214],[-74.46182,-45.81503],[-74.10313,-45.83684],[-74.16706,-46.13640],[-74.04352,-45.97877],[-74.02131,-46.14820],[-74.48989,-46.18938],[-74.04971,-46.19109],[-74.07770,-46.32203],[-73.84487,-46.34197],[-74.01927,-46.20436],[-73.88182,-46.14177],[-73.77306,-46.32089],[-73.98916,-46.55974],[-73.74185,-46.53378],[-73.34459,-46.02654],[-73.68785,-46.32203],[-73.66055,-45.97568],[-73.40208,-45.70191],[-73.18578,-45.66253],[-73.32726,-45.61907],[-73.59166,-45.78020],[-73.51085,-45.45175],[-73.22643,-45.30087],[-73.01431,-45.44475],[-72.83063,-45.41806],[-73.25666,-45.24822],[-73.44806,-45.27947],[-73.30443,-45.14478],[-73.39777,-44.98821],[-73.11709,-44.94833],[-72.72765,-44.75855],[-72.59797,-44.50530],[-72.59113,-44.34075],[-72.72191,-44.50139],[-72.93993,-44.30673],[-73.18350,-44.24814],[-73.12808,-44.14576],[-73.29002,-44.15243],[-73.11611,-44.08570],[-73.01268,-43.77214],[-72.82461,-43.80787],[-72.84715,-43.67945],[-73.05524,-43.71559],[-72.90583,-43.60768],[-73.11131,-43.46103],[-73.08458,-43.31633],[-72.91218,-43.23544],[-72.86485,-43.01873],[-72.73448,-43.07968],[-72.84032,-42.52483],[-72.53941,-42.55828],[-72.84373,-42.27825],[-72.59455,-42.18206],[-72.41978,-42.43963],[-72.46434,-41.97617],[-72.88858,-41.91082],[-72.30309,-41.64820],[-72.30309,-41.38079],[-72.42617,-41.66399],[-72.60944,-41.70672],[-72.95726,-41.48357],[-73.14171,-41.75481],[-73.51504,-41.80364],[-73.75994,-41.74884],[-73.69663,-41.63712],[-73.55475,-41.60849],[-73.49486,-41.51043],[-73.79816,-41.56568],[-73.94058,-41.04996],[-73.72849,-40.54418],[-73.71117,-39.96868],[-73.45840,-39.83375],[-73.37877,-39.90048],[-73.40607,-39.69492],[-73.22447,-39.41725],[-73.20982,-39.19378],[-73.54328,-38.42066],[-73.46296,-38.05120],[-73.66657,-37.72551],[-73.68040,-37.34783],[-73.60757,-37.15545],[-73.46068,-37.24195],[-73.20905,-37.16025],[-73.20742,-36.77532],[-73.11864,-36.59710],[-72.98802,-36.70256],[-72.80016,-35.97812],[-72.58356,-35.77060],[-72.64659,-35.56658],[-72.21349,-35.08131],[-72.01854,-34.14080],[-71.62466,-33.54143],[-71.76187,-33.10198],[-71.57286,-33.01018],[-71.44831,-32.66570],[-71.71345,-30.61492],[-71.63776,-30.24146],[-71.39879,-30.17669],[-71.41246,-29.99179],[-71.28258,-29.88014],[-71.30882,-29.40886],[-71.48692,-29.21184],[-71.52196,-28.94011],[-71.18858,-28.40545],[-71.03868,-27.66643],[-70.91242,-27.62184],[-70.95995,-27.16139],[-70.78864,-26.99627],[-70.62995,-26.34097],[-70.73998,-25.82932],[-70.64688,-25.52166],[-70.44481,-25.34490],[-70.58283,-24.52483],[-70.39073,-23.57691],[-70.63161,-23.51703],[-70.60012,-23.24422],[-70.56224,-23.05982],[-70.42542,-23.08853],[-70.29157,-22.90195],[-70.05869,-21.43337],[-70.21384,-20.81157],[-70.12328,-19.99993],[-70.35659,-18.77337],[-70.30356,-18.44543],[-71.38442,-17.69784],[-71.51451,-17.28460],[-72.11815,-17.01930],[-72.44009,-16.71445],[-73.70068,-16.24459],[-75.04869,-15.46070],[-75.50658,-14.91822],[-75.93065,-14.64934],[-76.14915,-14.22389],[-76.29043,-14.16741],[-76.29271,-13.90048],[-76.39396,-13.90802],[-76.36201,-13.80164],[-76.25398,-13.85086],[-76.22110,-13.35755],[-76.79088,-12.38104],[-77.17491,-12.07187],[-77.21092,-11.64641],[-77.64725,-11.29231],[-77.67053,-10.92752],[-78.18233,-10.11084],[-78.22942,-9.79378],[-78.98574,-8.21742],[-79.46594,-7.71592],[-79.61276,-7.26639],[-80.00454,-6.74089],[-81.13081,-6.03456],[-81.15021,-5.88307],[-81.07519,-5.78678],[-80.93993,-5.85084],[-80.85621,-5.65046],[-81.19847,-5.20810],[-81.06335,-5.02204],[-81.33755,-4.67830],[-81.26402,-4.25237],[-80.30687,-3.32073],[-79.96800,-3.21461],[-79.72643,-2.59384],[-79.86864,-2.16090],[-79.76561,-2.00497],[-79.89195,-2.11589],[-79.89610,-2.54339],[-80.06358,-2.57724],[-79.92967,-2.48414],[-80.03433,-2.47389],[-80.01268,-2.32643],[-80.27961,-2.61256],[-80.25548,-2.73023],[-81.01301,-2.16692],[-80.87057,-2.20330],[-80.73744,-2.04349],[-80.85558,-1.58831],[-80.74425,-1.34377],[-80.90961,-1.04491],[-80.56988,-0.91224],[-80.44896,-0.60606],[-80.37879,-0.65788],[-80.29900,-0.66222],[-80.49646,-0.38137],[-80.05134,0.08999],[-80.09727,0.78034],[-79.65575,1.00360],[-79.67007,0.92161],[-79.61485,0.84528],[-79.61485,0.99608],[-79.05724,1.21751],[-78.99168,1.11969],[-78.81285,1.27728],[-78.86070,1.55849],[-79.02151,1.63831],[-78.84605,1.82158],[-78.57123,1.78220],[-78.70315,2.18980],[-78.57408,2.43317],[-78.34601,2.64798],[-78.13247,2.49274],[-78.08527,2.51605],[-78.09610,2.65145],[-77.94984,2.67451],[-77.90428,2.57998],[-77.83967,2.56586],[-77.76040,2.59162],[-77.75153,2.62726],[-77.81236,2.76447],[-77.6197,2.93158],[-77.72179,2.98200],[-77.45738,3.35614],[-77.31891,3.31997],[-77.32176,3.54783],[-77.03156,3.91583],[-77.25316,3.84080],[-77.30020,3.96914],[-77.18919,4.06732],[-77.26427,4.10822],[-77.34618,3.92951],[-77.43517,4.02936],[-77.42666,4.18036],[-77.29898,4.20319],[-77.23631,4.26532],[-77.38719,4.34723],[-77.32575,4.75250],[-77.25804,4.70408],[-77.38097,5.40302],[-77.55919,5.50307],[-77.24592,5.73419],[-77.48436,6.18878],[-77.34536,6.56610],[-77.69627,6.84918],[-77.65274,6.97663],[-77.69627,7.07453],[-78.16608,7.51264],[-78.43614,8.05829],[-78.25218,8.11749],[-78.30577,8.25385],[-78.13247,8.40534],[-78.00255,8.23700],[-77.88597,8.23468],[-77.77814,8.11579],[-77.73721,8.13031],[-77.88068,8.24331],[-78.02318,8.29047],[-78.08812,8.51276],[-78.13442,8.56171],[-78.09414,8.41087],[-78.15685,8.46621],[-78.24059,8.38353],[-78.20274,8.42450],[-78.22325,8.54181],[-78.22325,8.43817],[-78.36725,8.42450],[-78.40819,8.54804],[-78.41563,8.35626],[-78.61424,8.77460],[-79.08299,8.98883],[-79.05248,9.13084],[-79.11607,8.99412],[-79.56639,8.95954],[-79.75202,8.81557],[-79.77439,8.57955],[-80.47024,8.22064],[-80.48440,8.08254],[-80.05239,7.63711],[-80.01785,7.45681],[-80.13552,7.42462],[-80.25906,7.43825],[-80.30687,7.42462],[-80.43724,7.24648],[-80.86180,7.20571],[-81.05357,7.9112],[-81.21804,7.89752],[-81.21804,7.60895],[-81.42410,7.67104],[-81.57494,7.76040],[-81.74624,8.19179],[-82.15652,8.15766],[-82.18443,8.34320],[-82.80870,8.29568],[-82.87694,8.02387],[-83.15086,8.36928],[-83.17137,8.63747],[-83.48172,8.71259],[-83.28738,8.54181],[-83.28738,8.37673],[-83.73680,8.59271],[-83.57542,8.78827],[-83.63475,9.04409],[-84.20836,9.46499],[-84.61656,9.57807],[-84.73363,9.96694],[-85.28917,10.28225],[-85.18614,10.03583],[-84.86461,9.82916],[-85.11046,9.55544],[-85.29930,9.80801],[-85.66380,9.90009],[-85.87498,10.35504],[-85.63174,10.62116],[-85.66527,10.77883],[-85.94644,10.89114],[-85.71056,10.92829],[-85.67019,11.05438],[-86.49636,11.75942],[-86.77257,12.19741],[-87.67092,12.8935],[-87.58385,13.08466],[-87.43504,12.92239],[-87.28958,12.91958],[-87.37901,12.93756],[-87.30394,13.09833],[-87.51223,13.28668],[-87.40062,13.41116],[-87.83828,13.44094],[-87.78990,13.28701],[-87.92821,13.15863],[-88.41482,13.17157],[-88.46214,13.26223],[-88.72276,13.26959],[-88.57738,13.26284],[-88.4617,13.16828],[-89.25145,13.47231],[-89.80804,13.52685],[-90.50020,13.8947],[-91.31646,13.95567],[-92.24625,14.54627],[-92.76842,15.17145],[-94.14244,16.22675],[-94.43651,16.24555],[-93.96389,15.99750],[-94.72240,16.19965],[-94.58084,16.32648],[-94.79312,16.25763],[-94.87865,16.42462],[-95.06383,16.26825],[-94.83409,16.28554],[-94.93032,16.24396],[-94.80553,16.23712],[-94.76695,16.19867],[-95.14930,16.18695],[-95.43447,15.97538],[-96.55603,15.65902],[-97.26602,15.93591],[-97.77271,15.97945],[-98.17214,16.20917],[-98.08214,16.18927],[-98.06847,16.20233],[-98.55284,16.31475],[-98.77689,16.55513],[-99.66328,16.69816],[-101.05902,17.26423],[-101.98987,17.97475],[-102.19062,17.91598],[-103.4984,18.33348],[-103.97997,18.87493],[-104.99364,19.34219],[-105.52562,20.03192],[-105.69868,20.40691],[-105.24364,20.58356],[-105.34152,20.75463],[-105.54489,20.76809],[-105.23432,21.06096],[-105.18663,21.45339],[-105.44841,21.63103],[-105.64877,21.99232],[-105.71666,22.51418],[-105.98412,22.85675],[-106.42979,23.18512],[-107.03587,23.98078],[-107.77501,24.47744],[-107.79967,24.51215],[-107.49803,24.34394],[-107.52969,24.52191],[-107.90855,24.57786],[-108.06029,24.78644],[-107.97887,24.75698],[-107.98521,24.95343],[-108.08763,24.82314],[-108.32787,25.11115],[-108.18325,24.98139],[-108.00352,25.03144],[-108.73192,25.35814],[-108.59414,25.35130],[-108.76573,25.38092],[-108.76895,25.54018],[-109.11611,25.53632],[-108.98045,25.54462],[-108.83804,25.80463],[-109.06212,25.59027],[-109.25015,25.68618],[-109.15648,25.55678],[-109.41030,25.64614],[-109.28685,25.71067],[-109.41030,25.69330],[-109.43325,26.02167],[-109.21666,26.34398],[-109.10936,26.21645],[-109.08824,26.29043],[-109.11611,26.28888],[-109.15672,26.36420],[-109.18443,26.37856],[-109.24962,26.33445],[-109.48342,26.74264],[-109.78457,26.71942],[-109.96617,27.10887],[-110.52232,27.29035],[-110.42562,27.30190],[-110.62710,27.64109],[-110.51329,27.87319],[-110.84911,27.90668],[-110.83885,27.98940],[-110.88630,27.83885],[-111.10502,27.93537],[-111.43814,28.38711],[-111.70835,28.46014],[-111.94938,28.75651],[-111.86823,28.80312],[-112.16650,28.96672],[-112.23945,29.31533],[-112.41122,29.34472],[-112.37775,29.48572],[-112.74628,29.91046],[-112.76429,30.21152],[-113.07989,30.67044],[-113.09174,31.20215],[-113.62226,31.32558],[-113.65957,31.49754],[-113.97769,31.66307],[-114.02894,31.49153],[-114.20888,31.51228],[-115.02944,31.97093],[-114.78062,31.65582],[-114.88404,31.12071],[-114.71045,30.91841],[-114.66573,30.19956],[-114.53313,29.96795],[-113.63633,29.28217],[-113.52485,28.89156],[-113.43466,28.95987],[-113.35447,28.80027],[-113.22026,28.82484],[-113.10297,28.50458],[-112.84630,28.44107],[-112.77321,27.86390],[-112.35471,27.54732],[-112.21276,27.21046],[-111.95037,27.09327],[-112.01716,26.97850],[-111.78427,26.57179],[-111.67679,26.58185],[-111.85141,26.88027],[-111.56005,26.69565],[-111.30711,25.77920],[-111.01925,25.51525],[-110.68386,24.88295],[-110.73858,24.55457],[-110.60989,24.25372],[-110.36085,24.11108],[-110.33247,24.32879],[-110.23261,24.34320],[-109.98765,24.04631],[-109.82828,24.0628],[-109.69632,23.66552],[-109.46801,23.55513],[-109.51617,23.12528],[-109.89537,22.87420],[-110.02747,22.91615],[-110.30736,23.54103],[-111.67903,24.58633],[-111.81290,24.50588],[-112.00837,24.87457],[-111.96670,24.74420],[-112.08804,24.77338],[-112.09692,24.99960],[-112.14493,24.87409],[-112.16580,24.95393],[-112.03077,25.47361],[-112.17894,25.95517],[-112.40269,26.24022],[-113.06071,26.59911],[-113.11904,26.79409],[-113.21581,26.74445],[-113.14574,26.97012],[-113.27054,26.75247],[-113.63713,26.72553],[-113.81638,26.94896],[-114.43514,27.17636],[-114.50646,27.40618],[-115.02268,27.74029],[-115.08382,27.85105],[-114.49905,27.77407],[-114.31627,27.87470],[-114.10293,27.60187],[-113.95327,27.65566],[-114.05915,27.80117],[-114.14098,27.73086],[-114.15343,27.94501],[-114.27645,27.90114],[-114.13438,28.08393],[-114.15083,28.00456],[-114.10640,27.92795],[-114.03973,28.02773],[-114.06822,28.51801],[-114.97203,29.37775],[-115.69756,29.75582],[-115.83730,30.34646],[-116.04925,30.47959],[-116.05793,30.80247],[-116.33544,30.95634],[-116.34154,31.21955],[-116.75038,31.75236],[-116.61181,31.84288],[-117.02497,32.27692],[-117.50884,33.33520],[-118.11738,33.74360],[-118.19286,33.73172],[-118.22150,33.77090],[-118.25455,33.76540],[-118.27677,33.75661],[-118.29130,33.70320],[-118.41204,33.74167],[-118.54405,34.03888],[-119.12865,34.10054],[-119.56317,34.41479],[-120.45410,34.44281],[-120.63662,34.56289],[-120.64488,35.13939],[-120.87668,35.22379],[-120.88731,35.43292],[-121.28831,35.66483],[-121.89966,36.3044],[-121.98111,36.58371],[-121.76374,36.72207],[-121.80424,36.83601],[-122.33929,37.11858],[-122.52047,37.53142],[-122.51517,37.78112],[-122.40863,37.81039],[-122.37410,37.60418],[-122.10016,37.45506],[-122.03214,37.46336],[-122.33150,37.78238],[-122.36630,38.01233],[-121.69004,38.00911],[-121.60667,38.09935],[-121.61276,38.02149],[-121.45873,38.02057],[-121.60407,38.10578],[-121.77870,38.03601],[-121.68260,38.14719],[-122.13029,38.04214],[-122.39652,38.15323],[-122.50231,38.11352],[-122.43880,37.88208],[-122.52842,37.81637],[-122.92014,38.06531],[-122.96250,37.99204],[-123.02745,37.99448],[-122.99629,38.24273],[-122.82567,38.07208],[-122.83226,38.09589],[-123.72624,38.91857],[-123.85401,39.83351],[-124.36351,40.26148],[-124.40920,40.44381],[-124.08739,40.82515],[-124.23284,40.76664],[-124.06834,41.53925],[-124.26289,41.77642],[-124.20368,41.97117],[-124.35955,42.11300],[-124.39989,42.61573],[-124.56676,42.83397],[-124.40132,43.31009],[-124.14003,43.37534],[-124.20869,43.45219],[-124.33522,43.36531],[-124.07021,43.71166],[-124.20294,43.68077],[-123.87108,45.69790],[-123.98113,45.76029],[-124.02266,46.23084],[-123.79873,46.10244],[-123.86541,46.18646],[-123.51927,46.23526],[-123.38552,46.14618],[-123.25643,46.13332],[-123.18009,46.17910],[-123.29793,46.15154],[-123.45567,46.26704],[-123.69296,46.30520],[-124.08017,46.27168],[-124.06287,46.65494],[-124.01425,46.38511],[-123.95811,46.37824],[-123.84064,46.41575],[-123.95641,46.62311],[-123.76398,46.67841],[-124.09337,46.74322],[-124.12682,46.89850],[-124.02131,46.83234],[-123.81305,46.95897],[-124.11687,47.04291],[-124.17846,46.92550],[-124.42276,47.74188],[-124.68091,48.02021],[-124.69384,48.07453],[-124.68944,48.10016],[-124.72297,48.15009],[-124.73460,48.17040],[-124.71923,48.17629],[-124.70006,48.19185],[-124.68944,48.21344],[-124.68976,48.21889],[-124.69493,48.22557],[-124.70551,48.24597],[-124.70362,48.24985],[-124.68913,48.25250],[-124.68247,48.2635],[-124.68321,48.28473],[-124.67984,48.29368],[-124.66490,48.30906],[-124.66148,48.31952],[-124.67053,48.32416],[-124.66967,48.33318],[-124.68910,48.33761]],[[-124.59505,47.98882],[-124.60996,47.99694],[-124.65082,48.01546],[-124.68091,48.02021],[-124.59505,47.98882]],[[-67.85840,44.93798],[-67.85895,44.93868],[-67.85829,44.93779],[-67.85840,44.93798]],[[-67.95443,45.09776],[-67.97033,45.14446],[-67.98126,45.19086],[-67.98416,45.21209],[-68.00816,45.22138],[-68.05449,45.24512],[-68.09810,45.27355],[-68.11308,45.28571],[-67.88040,44.96798],[-67.89040,44.98334],[-67.90914,45.00943],[-67.93398,45.05247],[-67.95443,45.09776]],[[-68.66651,46.72822],[-68.69854,46.71676],[-68.28963,46.79508],[-68.32234,46.78980],[-68.35681,46.78712],[-68.37949,46.78379],[-68.42666,46.78136],[-68.44764,46.77310],[-68.49480,46.75865],[-68.54316,46.74892],[-68.55584,46.74733],[-68.59357,46.74053],[-68.64967,46.73615],[-68.66651,46.72822]],[[-68.28937,46.00145],[-68.28113,46.03094],[-68.28144,46.24587],[-68.28533,46.48555],[-68.28812,46.58856],[-68.28963,46.79508],[-68.28937,46.00145]],[[-69.37416,46.61187],[-69.53901,46.44699],[-69.21130,46.77290],[-69.37416,46.61187]],[[-69.66312,46.10759],[-69.67724,46.08961],[-69.70694,46.05790],[-69.74593,46.02366],[-69.74190,45.99796],[-69.73903,45.95048],[-69.74068,45.90294],[-69.74219,45.89136],[-69.66312,46.10759]],[[-69.84552,45.60878],[-69.87656,45.56775],[-69.91166,45.53013],[-69.94021,45.50522],[-69.95520,45.47713],[-69.98475,45.43317],[-70.01382,45.39790],[-70.04555,45.36584],[-70.07440,45.34072],[-70.11901,45.30656],[-70.13326,45.29800],[-70.13434,45.29193],[-70.14735,45.24538],[-70.16479,45.20030],[-70.18651,45.15712],[-70.19119,45.14970],[-69.84552,45.60878]],[[-70.45165,44.91783],[-70.46228,44.90481],[-70.42825,44.92857],[-70.45165,44.91783]],[[-71.00351,44.74874],[-71.02548,44.75499],[-71.06302,44.74665],[-71.07953,44.74468],[-71.00351,44.74874]],[[-72.56111,44.50809],[-72.61518,44.51164],[-72.63686,44.51415],[-72.65522,44.51498],[-72.84728,44.51660],[-72.97186,44.51423],[-73.06377,44.51586],[-73.40545,44.50978],[-73.63764,44.50283],[-73.74698,44.50306],[-73.84826,44.50178],[-73.89980,44.49985],[-72.44596,44.50808],[-72.46410,44.50869],[-72.56111,44.50809]],[[-74.50974,44.49800],[-74.62446,44.49940],[-74.63819,44.49932],[-74.66474,44.49552],[-74.46986,44.49662],[-74.50974,44.49800]],[[-75.35426,44.19506],[-75.38109,44.17832],[-75.39993,44.16419],[-75.41614,44.13911],[-75.44857,44.09882],[-75.48498,44.06209],[-75.52499,44.02933],[-75.57127,43.99511],[-75.57662,43.99135],[-74.80530,44.49472],[-74.82408,44.49088],[-74.85209,44.47689],[-74.89396,44.45949],[-74.90529,44.45595],[-74.93452,44.44102],[-74.98001,44.42314],[-75.02547,44.41023],[-75.06356,44.38540],[-75.08547,44.37212],[-75.09292,44.36661],[-75.13559,44.34118],[-75.16497,44.32742],[-75.19566,44.30664],[-75.23330,44.28401],[-75.31573,44.22161],[-75.35426,44.19506]],[[-76.11620,43.69448],[-76.18772,43.60252],[-76.20738,43.57971],[-75.65770,43.93844],[-75.68239,43.92405],[-75.71823,43.90674],[-75.74310,43.89361],[-75.79901,43.87218],[-75.81933,43.86576],[-75.83896,43.86061],[-75.84476,43.85528],[-75.88559,43.82474],[-75.91278,43.80648],[-75.95303,43.78212],[-75.99538,43.76164],[-76.01058,43.75516],[-76.04089,43.74424],[-76.05796,43.73048],[-76.09833,43.70391],[-76.11620,43.69448]],[[-77.85024,43.45924],[-77.86218,43.45674],[-77.83702,43.45900],[-77.85024,43.45924]],[[-78.51351,43.23895],[-78.49301,43.20955],[-78.53477,43.39648],[-78.55934,43.38882],[-78.57287,43.38233],[-78.56561,43.35494],[-78.55753,43.30251],[-78.55674,43.29049],[-78.54138,43.27427],[-78.51351,43.23895]],[[-81.92261,41.75007],[-81.99999,41.70990],[-81.88638,41.75008],[-81.92261,41.75007]],[[-82.23448,44.91922],[-82.26385,44.93672],[-81.97202,44.70909],[-82.02118,44.75959],[-82.05855,44.80036],[-82.09350,44.84294],[-82.11725,44.87538],[-82.14358,44.88188],[-82.18995,44.89831],[-82.23448,44.91922]],[[-82.23871,43.85559],[-82.23718,43.87467],[-82.23983,43.89419],[-82.24084,43.89720],[-82.24007,43.81953],[-82.23871,43.85559]],[[-82.23845,43.76376],[-82.23962,43.77648],[-82.23931,43.79204],[-82.23992,43.80460],[-82.23937,43.75001],[-82.23845,43.76376]],[[-83.03707,42.87149],[-83.02332,42.88721],[-82.99051,42.91847],[-82.96737,42.93682],[-83.22295,42.79146],[-83.19008,42.80158],[-83.14556,42.81322],[-83.10815,42.82148],[-83.09822,42.82289],[-83.08116,42.82759],[-83.03707,42.87149]],[[-83.98800,45.51211],[-84.01646,45.55252],[-84.02132,45.56113],[-84.05809,45.56788],[-83.97845,45.50106],[-83.98800,45.51211]],[[-88.91018,47.60953],[-88.41106,47.78756],[-88.53514,47.76286],[-88.91018,47.60953]],[[-85.25392,46.51896],[-85.30463,46.54048],[-85.48151,46.61236],[-85.87769,46.78025],[-86.19128,46.91109],[-86.68246,47.11246],[-87.48401,47.43219],[-88.17635,47.69889],[-88.41106,47.78756],[-85.25392,46.51896]],[[-89.50870,47.50231],[-89.51502,47.50149],[-89.49971,47.49991],[-89.50870,47.50231]],[[-90.20144,47.57244],[-90.22348,47.58397],[-90.25272,47.60083],[-90.27907,47.59918],[-90.30138,47.59596],[-90.31222,47.59558],[-90.33579,47.59244],[-90.38255,47.59116],[-90.20144,47.57244]],[[-92.04351,47.74079],[-92.06362,47.74434],[-92.11142,47.75714],[-92.13611,47.76645],[-92.00707,47.71159],[-92.04351,47.74079]],[[-92.86184,47.97485],[-92.86835,47.97765],[-92.74972,47.89602],[-92.77820,47.93004],[-92.79518,47.95591],[-92.81250,47.95941],[-92.86184,47.97485]],[[-93.22578,48.10900],[-93.08581,48.12727],[-93.15250,48.12392],[-93.20140,48.12380],[-93.22578,48.10900]],[[-93.07661,48.12094],[-93.08150,48.12608],[-93.08581,48.12727],[-93.07661,48.12094]],[[-94.54122,48.20059],[-94.56714,48.20255],[-94.57508,48.20343],[-93.95107,48.04230],[-93.96537,48.04683],[-94.01947,48.07012],[-94.06862,48.09605],[-94.11458,48.12727],[-94.13548,48.14484],[-94.17853,48.14616],[-94.21645,48.14955],[-94.22992,48.14948],[-94.27735,48.15228],[-94.32429,48.15957],[-94.34432,48.16353],[-94.39262,48.17590],[-94.43969,48.19299],[-94.45236,48.19239],[-94.49985,48.19465],[-94.54122,48.20059]]],[[[-78.89928,1.27143],[-78.95689,1.23631],[-78.99543,1.28681],[-78.90168,1.37417],[-78.89928,1.27143]]],[[[-78.14508,2.67374],[-78.10728,2.51251],[-78.20702,2.57534],[-78.14508,2.67374]]],[[[-77.88805,2.59381],[-77.91637,2.69721],[-77.78502,2.59381],[-77.88805,2.59381]]],[[[-77.75910,2.60309],[-77.84707,2.64838],[-77.81920,2.69623],[-77.75910,2.60309]]],[[[-77.42813,4.34101],[-77.27171,4.25849],[-77.30296,4.21759],[-77.48167,4.23444],[-77.42813,4.34101]]],[[[-81.03307,7.57542],[-81.19074,7.49347],[-81.25194,7.49042],[-81.03307,7.57542]]],[[[-79.10488,8.31851],[-79.06574,8.26076],[-79.14000,8.24439],[-79.10488,8.31851]]],[[[-78.92047,8.28256],[-78.90398,8.21922],[-78.97092,8.45845],[-78.84795,8.36860],[-78.92047,8.28256]]],[[[-79.08243,8.41599],[-79.13009,8.40487],[-79.11823,8.42911],[-79.08243,8.41599]]],[[[-81.53387,9.08867],[-81.57167,9.08959],[-81.57539,9.10763],[-81.53387,9.08867]]],[[[-81.35138,13.36619],[-81.38263,13.31915],[-81.36534,13.37396],[-81.35138,13.36619]]],[[[-78.05028,18.18512],[-78.37466,18.26557],[-78.23062,18.44424],[-77.86188,18.52509],[-76.89491,18.40925],[-76.35114,18.15599],[-76.18797,17.91547],[-76.84996,17.99227],[-76.94212,17.83356],[-77.14165,17.88113],[-77.17894,17.70416],[-77.41771,17.86172],[-77.73070,17.85480],[-78.05028,18.18512]]],[[[-81.40834,19.39021],[-81.08950,19.33539],[-81.10667,19.29531],[-81.34127,19.27306],[-81.40834,19.39021]]],[[[-80.06208,19.70068],[-79.96426,19.70490],[-80.11315,19.65866],[-80.06208,19.70068]]],[[[-79.89375,19.67967],[-79.76889,19.75203],[-79.77389,19.71336],[-79.89375,19.67967]]],[[[-78.46345,20.60244],[-78.34357,20.56732],[-78.32835,20.52130],[-78.46345,20.60244]]],[[[-78.58169,20.66160],[-78.57827,20.64842],[-78.59398,20.64289],[-78.61339,20.65794],[-78.58169,20.66160]]],[[[-78.48395,20.73216],[-78.51183,20.69114],[-78.5454,20.70425],[-78.48395,20.73216]]],[[[-78.80703,20.75722],[-78.75084,20.72597],[-78.79234,20.71991],[-78.80703,20.75722]]],[[[-78.94225,20.83958],[-78.84703,20.77313],[-78.96434,20.81411],[-78.94225,20.83958]]],[[[-78.98888,20.83905],[-79.07982,20.89728],[-78.97118,20.87352],[-78.98888,20.83905]]],[[[-79.13768,20.98265],[-79.08722,20.89728],[-79.22443,21.00584],[-79.13768,20.98265]]],[[[-79.29263,21.07477],[-79.38890,21.12323],[-79.35733,21.12759],[-79.29263,21.07477]]],[[[-81.65156,22.48782],[-81.87750,22.67973],[-82.75987,22.70595],[-83.41547,22.18609],[-83.92544,22.17153],[-84.02940,21.91986],[-84.50837,21.76683],[-84.49616,21.93378],[-84.94961,21.87677],[-84.28856,22.02069],[-84.44566,22.20502],[-84.21288,22.58307],[-83.22618,23.00185],[-83.16942,22.93012],[-82.21935,23.19424],[-81.58116,23.15778],[-81.52879,23.04718],[-81.14915,23.21238],[-81.28628,23.13052],[-81.14915,23.03489],[-80.59727,23.15607],[-80.43150,22.94993],[-79.79295,22.89777],[-79.85716,22.82070],[-79.34178,22.41315],[-78.70807,22.38690],[-77.34715,21.63861],[-77.55602,21.92853],[-77.13394,21.66445],[-77.15440,21.55459],[-77.36424,21.61176],[-77.25804,21.47638],[-77.16185,21.48012],[-77.08828,21.60618],[-76.81175,21.39752],[-76.88727,21.30735],[-76.67149,21.35594],[-76.73469,21.28554],[-76.54491,21.28766],[-76.53746,21.18463],[-76.38756,21.28432],[-76.03718,21.07477],[-75.70401,21.11896],[-75.57848,21.01337],[-75.74339,20.88935],[-75.55113,20.82151],[-75.77025,20.83584],[-75.72451,20.69550],[-75.63312,20.78058],[-75.55113,20.68439],[-74.99836,20.70075],[-74.13508,20.22382],[-74.26740,20.06830],[-75.16192,19.89114],[-75.13579,20.02129],[-75.28465,19.88825],[-76.20226,19.99233],[-77.70604,19.83002],[-77.58641,20.08852],[-77.11343,20.36847],[-77.19542,20.63654],[-78.06554,20.71165],[-78.48790,21.03856],[-78.49819,21.26996],[-78.74461,21.63654],[-79.20889,21.54848],[-80.00324,21.72089],[-80.48444,22.19204],[-80.47077,22.04120],[-81.08845,22.08584],[-81.19395,22.28156],[-81.20470,22.06028],[-81.23912,22.15106],[-81.82445,22.18891],[-82.16397,22.39687],[-81.65156,22.48782]]],[[[-81.56065,21.60297],[-81.37165,21.71474],[-81.49669,21.61847],[-81.56065,21.60297]]],[[[-77.70042,21.92886],[-77.90184,22.01520],[-77.94945,22.10260],[-77.65172,22.07025],[-77.70042,21.92886]]],[[[-77.82599,22.15790],[-77.86343,22.09918],[-78.04572,22.19887],[-77.96996,22.28481],[-77.82599,22.15790]]],[[[-77.88068,22.30874],[-77.75772,22.17837],[-77.78172,22.17780],[-77.88068,22.30874]]],[[[-78.23745,22.33600],[-78.14419,22.42894],[-78.01097,22.28139],[-78.23745,22.33600]]],[[[-78.39635,22.55980],[-78.27847,22.44867],[-78.42992,22.41860],[-78.69253,22.53872],[-78.39635,22.55980]]],[[[-78.76598,22.51878],[-78.76813,22.54165],[-78.73875,22.52431],[-78.76598,22.51878]]],[[[-79.17686,22.64468],[-79.20641,22.62441],[-79.22451,22.63971],[-79.17686,22.64468]]],[[[-79.07461,22.66425],[-78.97655,22.66852],[-78.96117,22.64911],[-78.98420,22.63768],[-79.07461,22.66425]]],[[[-79.63532,22.80215],[-79.56997,22.80410],[-79.37197,22.67666],[-79.32681,22.61652],[-79.63532,22.80215]]],[[[-79.68529,22.83368],[-79.72215,22.90721],[-79.66079,22.84516],[-79.68529,22.83368]]],[[[-79.81847,22.95433],[-79.83495,22.91181],[-79.86107,22.96259],[-79.81847,22.95433]]],[[[-79.94969,22.92841],[-79.95742,22.95303],[-79.911,22.96637],[-79.94969,22.92841]]],[[[-80.24974,23.01093],[-80.23180,22.95917],[-80.33250,22.97532],[-80.24974,23.01093]]],[[[-80.05630,23.02667],[-80.09121,23.04287],[-80.06460,23.05801],[-80.05630,23.02667]]],[[[-80.18272,23.07095],[-80.19701,23.12425],[-80.13125,23.08698],[-80.18272,23.07095]]],[[[-80.25031,23.08486],[-80.27245,23.14004],[-80.23941,23.09101],[-80.25031,23.08486]]],[[[-80.37629,23.15216],[-80.45807,23.12677],[-80.43179,23.15253],[-80.37629,23.15216]]],[[[-80.80484,23.15289],[-80.97166,23.11066],[-80.84813,23.18512],[-80.80484,23.15289]]],[[[-80.70083,23.17719],[-80.70494,23.19306],[-80.66612,23.19448],[-80.70083,23.17719]]],[[[-80.49522,23.16836],[-80.54336,23.20624],[-80.47077,23.18887],[-80.49522,23.16836]]],[[[-80.74083,23.18427],[-80.85733,23.22581],[-80.71100,23.19700],[-80.74083,23.18427]]],[[[-80.94269,23.25727],[-80.91299,23.26557],[-80.87857,23.23212],[-80.94269,23.25727]]],[[[-75.66104,23.45262],[-75.79377,23.47052],[-76.02354,23.67918],[-75.66104,23.45262]]],[[[-77.67516,24.30296],[-77.74404,24.03546],[-77.60753,24.21824],[-77.60069,23.90509],[-77.51651,23.91885],[-77.59732,23.73061],[-77.77818,23.74681],[-77.67516,23.76113],[-77.57616,23.84711],[-77.72020,23.78481],[-77.66087,23.88467],[-77.79869,23.85667],[-77.94204,24.09686],[-77.67516,24.30296]]],[[[-76.34019,23.98818],[-76.40147,24.11737],[-76.32518,23.97402],[-76.34019,23.98818]]],[[[-77.96906,24.15957],[-77.97337,24.19619],[-77.79869,24.25458],[-77.96906,24.15957]]],[[[-78.01691,24.24844],[-77.97874,24.25922],[-77.93586,24.22724],[-78.01691,24.24844]]],[[[-76.54491,24.29555],[-76.46300,24.21360],[-76.53526,24.26837],[-76.54491,24.29555]]],[[[-77.88361,24.34113],[-77.83283,24.34955],[-77.84862,24.32758],[-77.88361,24.34113]]],[[[-77.73753,24.34967],[-77.80443,24.32721],[-77.71922,24.37173],[-77.73753,24.34967]]],[[[-81.63646,24.58356],[-81.56065,24.69342],[-81.50601,24.63133],[-81.63646,24.58356]]],[[[-81.48131,24.64984],[-81.51610,24.66547],[-81.48241,24.68325],[-81.48131,24.64984]]],[[[-81.38768,24.72748],[-81.36266,24.63133],[-81.43028,24.75482],[-81.38768,24.72748]]],[[[-81.03990,24.73436],[-81.08771,24.68594],[-81.13609,24.70701],[-81.03990,24.73436]]],[[[-78.13442,24.50161],[-78.44298,24.62449],[-78.31143,24.71011],[-78.33311,24.60399],[-78.19652,24.60399],[-78.30406,24.72821],[-78.17394,24.91962],[-78.20274,25.20673],[-78.02798,25.17625],[-77.73721,24.70018],[-77.72789,24.47418],[-78.02745,24.27285],[-78.13442,24.50161]]],[[[-80.95555,24.76874],[-80.92381,24.77533],[-81.03307,24.72068],[-80.95555,24.76874]]],[[[-80.85497,24.80329],[-80.80036,24.84357],[-80.80215,24.80988],[-80.85497,24.80329]]],[[[-77.26382,25.05809],[-77.56187,25.01886],[-77.50450,25.0633],[-77.26382,25.05809]]],[[[-76.33633,24.81492],[-76.18244,24.84878],[-76.16494,25.12982],[-76.37157,25.32249],[-76.78449,25.42641],[-76.73668,25.56362],[-76.68887,25.48786],[-76.35163,25.33860],[-76.11827,25.13393],[-76.16128,24.64500],[-76.33633,24.81492]]],[[[-80.59801,24.9501],[-80.35733,25.22736],[-80.36896,25.28611],[-80.25161,25.34446],[-80.59801,24.9501]]],[[[-81.05980,25.31171],[-81.05874,25.27399],[-81.07835,25.30170],[-81.05980,25.31171]]],[[[-81.08901,25.33885],[-81.09072,25.31281],[-81.12222,25.33657],[-81.08901,25.33885]]],[[[-77.90672,25.40908],[-77.83682,25.43451],[-77.86412,25.40790],[-77.90672,25.40908]]],[[[-80.18333,25.71381],[-80.15831,25.67926],[-80.17560,25.67340],[-80.18333,25.71381]]],[[[-79.25804,25.69904],[-79.30427,25.70233],[-79.29381,25.73602],[-79.28034,25.75722],[-79.25007,25.77472],[-79.25804,25.69904]]],[[[-77.81920,25.70758],[-77.83145,25.70868],[-77.86803,25.78742],[-77.81920,25.70758]]],[[[-81.42951,25.85089],[-81.37071,25.81012],[-81.39972,25.79181],[-81.42951,25.85089]]],[[[-81.45051,25.83234],[-81.51691,25.85976],[-81.47435,25.87246],[-81.45051,25.83234]]],[[[-81.56102,25.89484],[-81.53355,25.87864],[-81.54576,25.85366],[-81.56102,25.89484]]],[[[-81.71076,25.88971],[-81.66002,25.88654],[-81.67739,25.86147],[-81.71076,25.88971]]],[[[-77.16071,26.56419],[-77.53441,26.86318],[-77.96255,26.89305],[-77.55357,26.89801],[-77.04230,26.49803],[-77.22667,25.88507],[-77.40827,26.02973],[-77.22329,26.14581],[-77.16071,26.56419]]],[[[-77.86192,26.56411],[-77.88780,26.60659],[-77.83462,26.61054],[-77.86192,26.56411]]],[[[-78.98713,26.70148],[-78.71428,26.57052],[-78.59382,26.81053],[-78.31998,26.68652],[-77.91539,26.77643],[-77.90217,26.66242],[-78.68613,26.49191],[-78.98713,26.70148]]],[[[-80.16291,27.17365],[-80.44456,27.85748],[-80.33763,27.60663],[-80.16291,27.17365]]],[[[-80.64977,28.22516],[-80.71471,28.36977],[-80.73989,28.51748],[-80.62901,28.59878],[-80.64977,28.22516]]],[[[-81.41942,30.92527],[-81.46165,30.72581],[-81.41730,30.97040],[-81.41942,30.92527]]],[[[-81.26171,31.38779],[-81.23485,31.52650],[-81.17465,31.52142],[-81.26171,31.38779]]],[[[-81.16096,31.56731],[-81.17193,31.65235],[-81.13643,31.69841],[-81.16096,31.56731]]],[[[-79.33775,33.06614],[-79.36095,33.00568],[-79.36310,33.04303],[-79.33775,33.06614]]],[[[-78.01008,33.89203],[-77.96996,33.84796],[-78.01227,33.86562],[-78.01008,33.89203]]],[[[-77.85655,34.14264],[-77.81920,34.17747],[-77.87442,34.08812],[-77.85655,34.14264]]],[[[-77.35301,34.52757],[-77.63418,34.36249],[-77.44981,34.49567],[-77.35301,34.52757]]],[[[-76.56533,34.67096],[-76.55166,34.63686],[-76.65477,34.69147],[-76.56533,34.67096]]],[[[-76.68146,34.69822],[-77.09976,34.64984],[-76.82750,34.70294],[-76.68146,34.69822]]],[[[-76.53062,34.58905],[-76.40778,34.79442],[-76.20226,34.94472],[-76.53062,34.58905]]],[[[-76.14704,34.99249],[-76.10643,35.03034],[-76.03718,35.06134],[-76.14704,34.99249]]],[[[-75.77025,35.19794],[-76.01732,35.07501],[-75.93984,35.12689],[-75.77025,35.19794]]],[[[-75.92860,37.11222],[-75.81077,37.20016],[-75.88652,37.12310],[-75.92860,37.11222]]],[[[-75.98129,37.99283],[-76.05142,37.99408],[-76.01735,38.03869],[-75.98129,37.99283]]],[[[-76.02594,38.15342],[-76.08360,38.16066],[-76.02381,38.17845],[-76.02594,38.15342]]],[[[-74.07079,-53.23089],[-74.09801,-53.29265],[-74.24372,-53.30283],[-74.07079,-53.23089]]],[[[-74.48196,-52.57076],[-74.39419,-52.51990],[-74.34925,-52.62298],[-74.48196,-52.57076]]],[[[-74.53777,-52.40432],[-74.47636,-52.30966],[-74.46188,-52.43759],[-74.53777,-52.40432]]],[[[-74.62067,-52.20427],[-74.53609,-52.27190],[-74.70352,-52.38592],[-74.91161,-52.20281],[-74.62067,-52.20427]]],[[[-74.14590,-52.19378],[-74.41686,-52.12900],[-74.28677,-52.08863],[-73.93569,-52.32488],[-74.12254,-52.39771],[-74.14590,-52.19378]]],[[[-74.80329,-52.17213],[-74.59923,-52.07024],[-74.67194,-52.16301],[-74.80329,-52.17213]]],[[[-74.37279,-52.07830],[-74.40721,-52.04306],[-74.34455,-52.06406],[-74.37279,-52.07830]]],[[[-74.73558,-52.08456],[-74.54381,-51.92066],[-74.49229,-51.97869],[-74.73558,-52.08456]]],[[[-74.59845,-51.83749],[-74.88638,-52.12558],[-74.75088,-51.83391],[-74.59845,-51.83749]]],[[[-74.99225,-52.06560],[-75.07140,-51.98211],[-74.98412,-51.84189],[-74.83185,-51.83749],[-74.92516,-51.636],[-74.80724,-51.63421],[-74.76292,-51.78289],[-74.99225,-52.06560]]],[[[-74.22166,-51.87224],[-74.10497,-51.89959],[-74.36945,-51.89129],[-74.50963,-51.71461],[-74.22166,-51.87224]]],[[[-75.00088,-51.84384],[-75.11685,-51.89413],[-75.09536,-51.77646],[-74.99860,-51.71493],[-75.00088,-51.84384]]],[[[-74.08214,-51.53818],[-73.92853,-51.7763],[-74.04963,-51.79339],[-74.21910,-51.67131],[-74.08214,-51.53818]]],[[[-75.00352,-51.34189],[-75.14175,-51.56503],[-75.31289,-51.62916],[-75.21983,-51.30543],[-75.00352,-51.34189]]],[[[-74.39648,-51.41308],[-74.29651,-51.39538],[-74.30624,-51.41778],[-74.39648,-51.41308]]],[[[-74.11241,-51.37883],[-74.11937,-51.44744],[-74.25999,-51.35312],[-74.17796,-51.28346],[-74.11241,-51.37883]]],[[[-75.01618,-51.46754],[-74.79308,-51.21119],[-74.55573,-51.25042],[-74.59422,-51.39950],[-74.68716,-51.28329],[-75.01618,-51.46754]]],[[[-75.02049,-51.17278],[-74.91002,-51.10312],[-74.86021,-51.14381],[-75.02049,-51.17278]]],[[[-74.50283,-51.02190],[-74.38536,-51.14373],[-74.43415,-51.20582],[-74.57437,-51.15488],[-74.50283,-51.02190]]],[[[-74.32469,-50.95370],[-74.19692,-51.17538],[-74.26260,-51.24146],[-74.31615,-51.11012],[-74.32469,-50.95370]]],[[[-74.68097,-51.00823],[-74.83185,-51.07643],[-74.96642,-50.94988],[-74.62547,-50.9249],[-74.55809,-50.81707],[-74.66047,-50.72771],[-74.39977,-50.84441],[-74.39830,-51.08684],[-74.47549,-50.99456],[-74.72545,-51.10507],[-74.68097,-51.00823]]],[[[-74.69302,-50.89006],[-74.94164,-50.83757],[-74.82787,-50.67815],[-74.66047,-50.82390],[-74.69302,-50.89006]]],[[[-74.98135,-50.80006],[-75.07510,-50.78972],[-74.98542,-50.65715],[-74.98135,-50.80006]]],[[[-74.18610,-50.83310],[-74.53823,-50.69264],[-74.42027,-50.52849],[-74.67349,-50.47381],[-74.38312,-50.45598],[-74.23900,-50.67620],[-74.42711,-50.65260],[-74.18610,-50.83310]]],[[[-75.40705,-50.67376],[-75.51382,-50.64910],[-75.35936,-50.59050],[-75.46861,-50.49431],[-75.09740,-50.49724],[-75.34557,-50.56072],[-75.29059,-50.78183],[-75.46182,-50.76246],[-75.40705,-50.67376]]],[[[-74.58409,-50.53093],[-74.67349,-50.57691],[-74.66649,-50.50310],[-74.58409,-50.53093]]],[[[-74.72028,-50.48935],[-74.78530,-50.48943],[-74.73672,-50.37184],[-74.54381,-50.39186],[-74.72028,-50.48935]]],[[[-74.92659,-50.27542],[-74.97626,-50.43288],[-75.17158,-50.46215],[-75.12117,-50.38208],[-74.92659,-50.27542]]],[[[-75.17931,-50.25579],[-75.11978,-50.13876],[-75.39476,-50.03199],[-74.95327,-50.07976],[-75.07140,-50.18645],[-74.79971,-50.12542],[-75.18077,-50.38079],[-75.45494,-50.36394],[-75.39045,-50.16228],[-75.17931,-50.25579]]],[[[-75.18065,-49.90536],[-75.3662,-49.72031],[-75.61738,-49.86422],[-75.51075,-49.71822],[-75.61352,-49.63637],[-75.39423,-49.59100],[-75.18065,-49.90536]]],[[[-74.41539,-49.62379],[-74.37181,-49.45338],[-74.28799,-49.54843],[-74.41539,-49.62379]]],[[[-75.54429,-49.45286],[-75.54149,-49.39056],[-75.47058,-49.40314],[-75.43083,-49.50170],[-75.54429,-49.45286]]],[[[-74.44579,-49.30234],[-74.60521,-49.71355],[-74.43008,-49.65789],[-74.53636,-49.74700],[-74.43456,-49.78867],[-74.47423,-49.94451],[-74.76842,-50.05331],[-74.85627,-49.99130],[-74.68053,-49.92839],[-74.91368,-49.92587],[-74.72874,-49.84319],[-74.88255,-49.79697],[-74.89195,-49.61443],[-74.70832,-49.63836],[-74.88695,-49.53460],[-74.64623,-49.34978],[-74.98770,-49.47926],[-75.00991,-49.89853],[-75.29723,-49.63298],[-75.25633,-49.49382],[-75.46198,-49.30657],[-75.16698,-49.50115],[-75.32335,-49.26360],[-75.15221,-49.37769],[-75.09243,-49.37029],[-75.18740,-49.29518],[-75.03722,-49.26043],[-75.09243,-49.19964],[-74.89321,-49.36402],[-74.80451,-49.10393],[-74.95470,-49.00709],[-74.82363,-48.95037],[-74.96898,-48.98658],[-75.01520,-48.89177],[-74.87279,-48.84270],[-75.05797,-48.81666],[-74.69664,-48.67986],[-74.63483,-48.85523],[-74.54381,-48.70615],[-74.44579,-49.30234]]],[[[-75.06407,-49.16521],[-75.23558,-49.14495],[-75.12604,-49.02141],[-74.89045,-49.09547],[-74.93569,-49.28045],[-75.06407,-49.16521]]],[[[-75.66104,-49.20574],[-75.35130,-48.98552],[-75.28742,-49.08660],[-75.50804,-49.26799],[-75.66104,-49.20574]]],[[[-75.46861,-48.95256],[-75.65855,-48.93230],[-75.39415,-48.82903],[-75.21320,-49.05266],[-75.37531,-48.96363],[-75.47915,-49.04192],[-75.46861,-48.95256]]],[[[-75.09142,-48.87070],[-75.07282,-48.97031],[-75.22301,-48.97893],[-75.30907,-48.80144],[-75.09142,-48.87070]]],[[[-75.10944,-48.80917],[-75.24913,-48.76677],[-75.06411,-48.64324],[-75.10944,-48.80917]]],[[[-75.29698,-48.72714],[-75.64785,-48.77890],[-75.64183,-48.70134],[-75.50755,-48.71754],[-75.33893,-48.6242],[-75.29698,-48.72714]]],[[[-75.04405,-48.73284],[-75.00991,-48.63730],[-74.85204,-48.67620],[-74.98827,-48.74049],[-75.04405,-48.73284]]],[[[-75.62242,-48.44573],[-75.34435,-48.42742],[-75.32152,-48.60003],[-75.60655,-48.66106],[-75.44066,-48.61052],[-75.64443,-48.61842],[-75.62242,-48.44573]]],[[[-74.30337,-48.47031],[-74.40005,-48.52548],[-74.51024,-48.40829],[-74.30337,-48.47031]]],[[[-74.0572,-48.42555],[-74.17906,-48.44312],[-74.25080,-48.37802],[-74.0572,-48.42555]]],[[[-74.73766,-48.12574],[-74.59943,-48.56365],[-74.48302,-48.60711],[-74.70490,-48.65838],[-75.03307,-48.50449],[-74.84593,-48.39023],[-74.71715,-48.45354],[-74.81358,-48.34254],[-74.73766,-48.12574]]],[[[-74.49543,-48.34986],[-74.33210,-48.28134],[-74.24303,-48.45924],[-74.49543,-48.34986]]],[[[-75.09870,-48.46591],[-75.08275,-48.61345],[-75.26622,-48.64153],[-75.31794,-48.34889],[-75.55418,-48.39714],[-75.34577,-48.30144],[-75.55431,-48.30771],[-75.43390,-48.19898],[-75.56582,-48.17131],[-75.50462,-48.03134],[-75.35098,-48.00449],[-75.09870,-48.46591]]],[[[-75.03111,-48.44378],[-75.25633,-48.06861],[-74.80451,-48.17449],[-74.84129,-48.35930],[-75.03111,-48.44378]]],[[[-74.53384,-48.12460],[-74.37262,-48.25318],[-74.53441,-48.33562],[-74.53384,-48.12460]]],[[[-74.83486,-48.00790],[-74.72737,-48.10589],[-75.27061,-48.02776],[-74.77662,-47.82881],[-74.83486,-48.00790]]],[[[-74.52618,-47.81286],[-74.62131,-47.92105],[-74.68917,-47.81389],[-74.52618,-47.81286]]],[[[-73.83690,-47.85686],[-73.81078,-47.91171],[-74.50283,-47.91790],[-74.24893,-47.87688],[-74.28990,-47.80738],[-73.83690,-47.85686]]],[[[-75.34254,-47.78286],[-75.09163,-47.68049],[-75.02368,-47.80332],[-75.34254,-47.78286]]],[[[-74.90395,-47.68593],[-74.95772,-47.77479],[-75.05442,-47.68957],[-75.00038,-47.6622],[-74.90395,-47.68593]]],[[[-74.47899,-47.08074],[-74.31639,-47.06487],[-74.33092,-47.10230],[-74.46694,-47.16619],[-74.47899,-47.08074]]],[[[-74.06737,-47.13746],[-74.17735,-47.01653],[-73.97525,-47.04762],[-74.06737,-47.13746]]],[[[-75.34225,-46.70173],[-75.17399,-46.67796],[-75.12180,-46.74703],[-75.16177,-46.78157],[-75.34225,-46.70173]]],[[[-75.10826,-45.8742],[-74.88353,-45.92937],[-74.97053,-45.86288],[-74.72109,-45.80982],[-74.85212,-46.04501],[-75.06285,-46.10165],[-74.85912,-45.99871],[-75.07876,-45.98504],[-75.10826,-45.8742]]],[[[-74.09459,-45.76393],[-73.92682,-45.74537],[-74.02989,-45.90309],[-74.09459,-45.76393]]],[[[-74.67967,-45.62070],[-74.54133,-45.57870],[-74.56379,-45.70761],[-74.66344,-45.75090],[-74.67967,-45.62070]]],[[[-74.87059,-45.65081],[-74.79800,-45.61443],[-74.74986,-45.69768],[-74.87059,-45.65081]]],[[[-73.96776,-45.55364],[-73.90526,-45.66961],[-74.04356,-45.71550],[-74.11241,-45.58782],[-73.96776,-45.55364]]],[[[-74.29352,-45.47909],[-74.20799,-45.63551],[-74.43968,-45.77695],[-74.45128,-45.49529],[-74.29352,-45.47909]]],[[[-74.50133,-45.58806],[-74.56818,-45.52369],[-74.46865,-45.41716],[-74.50133,-45.58806]]],[[[-74.06403,-45.42327],[-73.81696,-45.47478],[-74.14264,-45.57496],[-74.06403,-45.42327]]],[[[-74.38927,-45.28167],[-74.31041,-45.38925],[-74.48916,-45.35507],[-74.38927,-45.28167]]],[[[-74.27354,-45.20794],[-74.30748,-45.29452],[-74.41511,-45.24700],[-74.38756,-45.15520],[-74.27354,-45.20794]]],[[[-73.76797,-45.28460],[-74.23542,-45.07236],[-73.86607,-44.99456],[-73.70152,-45.13591],[-73.76797,-45.28460]]],[[[-74.28014,-45.02743],[-74.36359,-44.99724],[-74.16372,-44.86467],[-73.9381,-44.96917],[-74.28014,-45.02743]]],[[[-75.14718,-44.76376],[-75.02173,-44.84366],[-75.03127,-44.90396],[-75.15891,-44.90512],[-75.14718,-44.76376]]],[[[-74.18748,-44.80632],[-73.99571,-44.77214],[-74.03929,-44.85312],[-74.18748,-44.80632]]],[[[-74.42711,-44.71819],[-74.31236,-44.84140],[-74.45588,-44.83505],[-74.52285,-44.73357],[-74.42711,-44.71819]]],[[[-74.25869,-44.80445],[-74.40054,-44.62607],[-73.87755,-44.68059],[-74.25869,-44.80445]]],[[[-74.66348,-44.67994],[-74.57013,-44.62005],[-74.45441,-44.67351],[-74.48436,-44.69841],[-74.66348,-44.67994]]],[[[-74.73253,-44.59319],[-74.76402,-44.67327],[-74.82583,-44.63095],[-74.73253,-44.59319]]],[[[-74.19371,-44.49228],[-74.13288,-44.54697],[-74.34455,-44.57366],[-74.19371,-44.49228]]],[[[-73.95030,-44.49895],[-74.10163,-44.54550],[-74.03604,-44.49846],[-74.16706,-44.43027],[-73.95030,-44.49895]]],[[[-74.54059,-44.50204],[-74.51707,-44.43710],[-74.22305,-44.46738],[-74.54059,-44.50204]]],[[[-74.09618,-44.36492],[-73.92682,-44.35458],[-73.92886,-44.43124],[-73.9405,-44.45061],[-74.09618,-44.36492]]],[[[-74.40990,-44.28443],[-74.32201,-44.24944],[-74.29002,-44.29729],[-74.40990,-44.28443]]],[[[-73.91515,-44.21526],[-74.01793,-44.32773],[-74.12629,-44.20029],[-74.06432,-44.14902],[-73.91515,-44.21526]]],[[[-74.29621,-44.14332],[-74.33739,-44.18987],[-74.38556,-44.15960],[-74.29621,-44.14332]]],[[[-74.20799,-44.01930],[-74.29832,-44.03191],[-74.29735,-44.01189],[-74.20799,-44.01930]]],[[[-74.16706,-43.86101],[-73.86510,-43.76262],[-73.77513,-43.85572],[-73.99571,-43.9367],[-74.16706,-43.86101]]],[[[-74.55748,-43.62741],[-74.81818,-43.63502],[-74.82502,-43.56241],[-74.55748,-43.62741]]],[[[-74.23072,-43.41337],[-74.28402,-43.41783],[-74.24741,-43.35253],[-74.23072,-43.41337]]],[[[-75.58229,10.31903],[-75.57583,10.37787],[-75.53788,10.36267],[-75.58229,10.31903]]],[[[-75.57848,20.78742],[-75.51707,20.79425],[-75.55182,20.74901],[-75.57848,20.78742]]],[[[-75.74852,22.19668],[-75.71817,22.19578],[-75.72191,22.17536],[-75.74852,22.19668]]],[[[-74.03123,22.62368],[-73.84487,22.72020],[-73.86538,22.48004],[-74.27696,22.17153],[-73.88019,22.50291],[-74.03123,22.62368]]],[[[-74.16706,22.74689],[-74.01622,22.72020],[-74.27831,22.69318],[-74.35195,22.82265],[-74.16706,22.74689]]],[[[-75.06847,23.11664],[-75.33141,23.68598],[-75.05996,23.14166],[-74.84483,23.00014],[-74.83995,22.85993],[-75.22964,23.17145],[-75.06847,23.11664]]],[[[-74.77721,23.69965],[-74.81871,23.65106],[-74.94538,23.68158],[-74.77721,23.69965]]],[[[-74.52969,24.10040],[-74.43456,24.04539],[-74.55809,23.95355],[-74.52969,24.10040]]],[[[-75.46361,24.18561],[-75.41006,24.27289],[-75.73216,24.69863],[-75.29043,24.14472],[-75.46361,24.18561]]],[[[-75.51634,35.29100],[-75.51707,35.78074],[-75.49083,35.33641],[-75.52538,35.24396],[-75.69831,35.19794],[-75.51634,35.29100]]],[[[-75.66738,35.92951],[-75.65929,35.83600],[-75.72988,35.93939],[-75.66738,35.92951]]],[[[-75.65612,37.46150],[-75.71921,37.36829],[-75.67032,37.46284],[-75.65612,37.46150]]],[[[-75.63422,37.55835],[-75.65957,37.48297],[-75.67061,37.47705],[-75.63422,37.55835]]],[[[-75.09243,38.30263],[-75.37853,37.85577],[-75.40012,37.87411],[-75.09243,38.30263]]],[[[-74.35924,39.40155],[-74.36754,39.46503],[-74.30211,39.46474],[-74.35924,39.40155]]],[[[-74.24007,39.57538],[-74.09813,39.75568],[-74.25641,39.52220],[-74.24007,39.57538]]],[[[-74.07671,40.64874],[-74.05356,40.60270],[-74.25294,40.50735],[-74.07671,40.64874]]],[[[-73.92804,40.87750],[-73.97580,40.71401],[-74.01691,40.69928],[-73.92804,40.87750]]],[[[-69.63731,-55.38836],[-69.80174,-55.40781],[-69.80174,-55.33261],[-69.63731,-55.38836]]],[[[-69.98668,-55.36614],[-70.11021,-55.29225],[-69.94782,-55.28386],[-69.98668,-55.36614]]],[[[-69.52757,-55.03199],[-68.44115,-54.93971],[-68.33482,-55.06243],[-68.61607,-55.15227],[-69.06187,-55.04461],[-68.20921,-55.26287],[-68.50007,-55.31145],[-68.66095,-55.25750],[-68.74596,-55.27117],[-68.14647,-55.40439],[-67.96515,-55.59335],[-68.13561,-55.68124],[-68.35362,-55.47527],[-68.94859,-55.44557],[-68.75340,-55.38046],[-68.97130,-55.37713],[-68.80113,-55.18865],[-68.98668,-55.26523],[-69.12267,-55.14763],[-69.13410,-55.24773],[-69.23998,-55.12713],[-69.43862,-55.16187],[-69.28783,-55.16814],[-69.45909,-55.30592],[-69.28038,-55.31894],[-69.16161,-55.51433],[-69.78807,-55.30592],[-69.50007,-55.17498],[-69.84805,-55.25790],[-70.03107,-55.14763],[-69.58747,-55.04119],[-69.58202,-55.15447],[-69.52757,-55.03199]]],[[[-70.37026,-55.16187],[-70.54808,-55.21355],[-70.59007,-55.05047],[-70.71581,-55.12281],[-71.01284,-54.96502],[-70.31566,-54.90056],[-70.73029,-55.00481],[-70.29515,-55.03093],[-70.26724,-55.11288],[-70.43692,-55.10182],[-70.37026,-55.16187]]],[[[-69.77440,-54.95582],[-69.72834,-54.86451],[-69.16429,-54.95582],[-69.91779,-55.03834],[-69.86180,-54.87753],[-69.77440,-54.95582]]],[[[-71.27904,-54.86541],[-71.35098,-54.95436],[-71.45958,-54.87949],[-71.16539,-54.83228],[-70.91152,-54.92107],[-71.27904,-54.86541]]],[[[-70.65453,-54.90195],[-70.60708,-54.83228],[-70.39688,-54.86907],[-70.65453,-54.90195]]],[[[-71.92088,-54.72275],[-72.04027,-54.65048],[-72.10431,-54.64478],[-72.01943,-54.63298],[-71.92088,-54.72275]]],[[[-73.09831,-54.48580],[-72.97284,-54.44501],[-72.95378,-54.45685],[-73.09831,-54.48580]]],[[[-72.29694,-54.34579],[-72.47069,-54.42766],[-72.54173,-54.34303],[-72.29694,-54.34579]]],[[[-70.26943,-54.27109],[-70.45909,-54.23593],[-70.52110,-54.17441],[-70.28775,-54.18808],[-70.26943,-54.27109]]],[[[-71.21320,-54.22909],[-71.411,-54.23333],[-71.41661,-54.11004],[-71.54214,-54.26995],[-71.54963,-54.18181],[-71.65151,-54.23202],[-71.59634,-54.08782],[-71.65705,-53.98316],[-71.30150,-53.99146],[-71.22105,-54.18466],[-71.02887,-54.08562],[-70.99242,-54.27206],[-71.20750,-54.36923],[-71.35781,-54.29729],[-71.21320,-54.22909]]],[[[-72.31456,-54.06308],[-72.31989,-54.25693],[-72.51537,-54.20232],[-72.31456,-54.06308]]],[[[-71.90526,-54.22909],[-72.25910,-53.92986],[-71.65290,-53.92636],[-71.79222,-53.99797],[-71.65200,-54.08904],[-71.76610,-54.16399],[-71.95230,-54.01490],[-71.74445,-54.23105],[-71.84605,-54.33798],[-71.98786,-54.31780],[-71.90526,-54.22909]]],[[[-70.31325,-54.05275],[-70.29123,-54.09330],[-70.51369,-54.09128],[-70.31325,-54.05275]]],[[[-73.47435,-54.07195],[-73.27497,-54.02825],[-73.15965,-54.10613],[-73.33739,-54.06585],[-73.47435,-54.07195]]],[[[-70.90054,-53.87371],[-70.60611,-53.86512],[-70.71288,-53.70143],[-70.48644,-53.56129],[-70.33627,-54.00740],[-70.66996,-53.95034],[-70.59341,-54.2138],[-70.82274,-54.11353],[-70.90054,-53.87371]]],[[[-72.91323,-53.42701],[-72.88414,-53.68132],[-72.85846,-53.45273],[-72.67857,-53.67327],[-72.67300,-53.53687],[-72.46418,-53.57512],[-72.45327,-53.74236],[-72.13866,-53.79762],[-72.39183,-53.84539],[-72.34341,-54.04404],[-73.02684,-54.07488],[-72.79596,-54.05836],[-72.85057,-53.95525],[-72.64513,-53.85963],[-73.05602,-53.81275],[-73.09825,-54.03785],[-73.33775,-53.95525],[-73.23639,-53.89658],[-73.26207,-53.70143],[-73.59166,-53.75603],[-73.48485,-53.70086],[-73.61534,-53.61402],[-72.95287,-53.66448],[-73.25865,-53.63518],[-73.42031,-53.47893],[-73.07713,-53.53069],[-73.17516,-53.42083],[-73.03770,-53.38551],[-73.00202,-53.49325],[-72.91323,-53.42701]]],[[[-73.77953,-53.53915],[-73.85484,-53.44817],[-73.68785,-53.52320],[-73.77953,-53.53915]]],[[[-73.50723,-53.56861],[-73.80321,-53.42205],[-73.39244,-53.40732],[-73.50910,-53.47551],[-73.41331,-53.54509],[-73.50723,-53.56861]]],[[[-74.35879,-52.94793],[-74.07457,-52.94793],[-73.62889,-53.14658],[-73.62328,-53.05982],[-73.51634,-53.26140],[-73.45954,-53.13290],[-73.09081,-53.35572],[-73.60204,-53.30901],[-73.49486,-53.29062],[-73.88044,-53.05771],[-74.31834,-53.09734],[-74.74986,-52.75554],[-74.67442,-52.72128],[-74.35879,-52.94793]]],[[[-70.78974,-52.90054],[-70.63173,-52.83265],[-70.72515,-52.91360],[-70.78974,-52.90054]]],[[[-73.60960,-52.87810],[-73.81078,-52.91375],[-73.61172,-52.82171],[-73.37877,-52.91033],[-73.60960,-52.87810]]],[[[-74.02972,-52.42991],[-73.72516,-52.40471],[-73.77481,-52.66513],[-73.95474,-52.70769],[-73.87218,-52.55006],[-74.12341,-52.70661],[-74.18436,-52.58680],[-73.94399,-52.48278],[-74.02972,-52.42991]]],[[[-74.09276,-52.16659],[-73.74933,-52.35768],[-74.00255,-52.25579],[-74.09276,-52.16659]]],[[[-74.09024,-52.01002],[-74.11241,-51.99456],[-74.09439,-51.92701],[-73.78400,-52.05966],[-73.69408,-52.24228],[-73.87124,-52.09490],[-74.09024,-52.01002]]],[[[-73.76705,-52.00529],[-73.94361,-51.89287],[-73.96586,-51.81856],[-73.71833,-51.84886],[-73.76705,-52.00529]]],[[[-73.77839,-51.74879],[-73.93871,-51.69492],[-73.93040,-51.65642],[-73.77839,-51.74879]]],[[[-73.77892,-51.36345],[-73.90013,-51.28069],[-73.76520,-51.28215],[-73.77892,-51.36345]]],[[[-73.75804,-46.19703],[-73.9405,-46.06812],[-73.90977,-46.01637],[-73.68667,-46.07284],[-73.75804,-46.19703]]],[[[-73.81948,-45.99871],[-73.77212,-45.89869],[-73.68317,-46.01767],[-73.81948,-45.99871]]],[[[-73.94570,-45.92506],[-73.71629,-45.81218],[-73.69408,-45.88884],[-73.78966,-45.87574],[-73.94570,-45.92506]]],[[[-73.65392,-45.75269],[-73.81826,-45.64251],[-73.66616,-45.43694],[-73.65392,-45.75269]]],[[[-73.92174,-45.43043],[-74.02302,-45.39267],[-73.94102,-45.36630],[-73.82445,-45.39592],[-73.92174,-45.43043]]],[[[-74.15196,-45.29265],[-74.07038,-45.20427],[-73.98607,-45.27076],[-73.82445,-45.26629],[-73.78123,-45.32415],[-74.15196,-45.29265]]],[[[-73.85448,-44.76873],[-73.76231,-44.92986],[-73.83967,-44.95859],[-73.92886,-44.88103],[-73.85448,-44.76873]]],[[[-73.62730,-44.82976],[-73.74925,-44.80283],[-73.60472,-44.74488],[-73.62730,-44.82976]]],[[[-72.72118,-44.52800],[-72.98094,-44.60149],[-72.83763,-44.71013],[-73.25698,-44.94003],[-73.40758,-44.82244],[-73.20742,-44.79265],[-73.39342,-44.78867],[-73.46812,-44.64251],[-73.13158,-44.54518],[-73.24624,-44.43718],[-73.03620,-44.48479],[-73.00202,-44.36126],[-72.98094,-44.51214],[-72.87230,-44.43710],[-72.72118,-44.52800]]],[[[-73.69953,-44.53679],[-73.59154,-44.70672],[-73.75251,-44.74138],[-73.84430,-44.65252],[-73.69953,-44.53679]]],[[[-73.91095,-44.39674],[-73.88768,-44.36923],[-73.78294,-44.44304],[-73.91095,-44.39674]]],[[[-73.6787,-44.43450],[-73.78966,-44.38242],[-73.65412,-44.35084],[-73.6787,-44.43450]]],[[[-73.24901,-44.30673],[-73.17715,-44.36777],[-73.26280,-44.38844],[-73.24901,-44.30673]]],[[[-73.85106,-44.29631],[-73.83849,-44.33228],[-73.97525,-44.28964],[-73.85106,-44.29631]]],[[[-73.75967,-44.26287],[-73.67568,-44.24130],[-73.72203,-44.30283],[-73.75967,-44.26287]]],[[[-73.91144,-44.19410],[-74.01622,-44.14283],[-73.91763,-44.09840],[-73.83226,-44.16082],[-73.91144,-44.19410]]],[[[-73.74498,-43.95354],[-73.65001,-43.99138],[-73.66543,-44.12981],[-73.74498,-43.95354]]],[[[-73.28258,-43.98154],[-73.21751,-43.88811],[-73.17332,-44.02556],[-73.28258,-43.98154]]],[[[-73.65642,-43.196],[-73.71852,-43.21598],[-73.71460,-43.18021],[-73.65642,-43.196]]],[[[-72.91881,-42.78653],[-72.95652,-42.80780],[-72.93044,-42.72334],[-72.91881,-42.78653]]],[[[-73.26031,-42.65840],[-73.35692,-42.62903],[-73.34386,-42.62038],[-73.26031,-42.65840]]],[[[-73.60716,-42.63738],[-73.75503,-42.59881],[-73.73843,-42.59295],[-73.60716,-42.63738]]],[[[-73.57844,-41.94548],[-73.38475,-42.29306],[-73.66616,-42.35409],[-73.61148,-42.51165],[-73.82445,-42.51441],[-73.80915,-42.60865],[-73.49193,-42.81861],[-73.70767,-42.86736],[-73.50230,-43.12802],[-73.77574,-43.11809],[-73.66901,-43.36384],[-73.84749,-43.42348],[-74.36332,-43.29173],[-74.16221,-42.85972],[-74.06403,-41.80592],[-73.50230,-41.84002],[-73.57844,-41.94548]]],[[[-73.54320,-42.37916],[-73.41942,-42.56422],[-73.64631,-42.37379],[-73.54320,-42.37916]]],[[[-73.14159,-42.31373],[-73.10606,-42.24098],[-73.06920,-42.27792],[-73.14159,-42.31373]]],[[[-72.51817,-42.15064],[-72.57494,-42.05738],[-72.51476,-42.06047],[-72.51817,-42.15064]]],[[[-73.06688,-41.73699],[-73.003,-41.84433],[-73.08812,-41.83603],[-73.06688,-41.73699]]],[[[-73.89224,-38.41399],[-73.94701,-38.37281],[-73.87531,-38.36842],[-73.89224,-38.41399]]],[[[-73.53265,-36.97308],[-73.44649,-37.05917],[-73.55168,-37.02762],[-73.53265,-36.97308]]],[[[-69.16120,12.39150],[-68.73973,12.05304],[-68.84117,12.05548],[-69.16120,12.39150]]],[[[-70.04873,12.63214],[-69.87682,12.42739],[-69.93053,12.42597],[-70.04873,12.63214]]],[[[-71.52448,17.54555],[-71.54137,17.57615],[-71.46711,17.58026],[-71.52448,17.54555]]],[[[-73.66722,18.06313],[-73.59227,18.08934],[-73.57799,18.06696],[-73.66722,18.06313]]],[[[-68.57018,18.11570],[-68.70189,18.11469],[-68.78693,18.19668],[-68.57018,18.11570]]],[[[-73.71495,18.62348],[-73.71458,18.60130],[-73.79649,18.62864],[-73.71495,18.62348]]],[[[-71.82144,19.65668],[-71.66144,19.89362],[-71.17223,19.83405],[-71.00088,19.93769],[-70.28083,19.65180],[-69.94725,19.67865],[-69.76769,19.29975],[-69.16429,19.30703],[-69.25365,19.18353],[-69.61729,19.22524],[-69.60846,19.09345],[-68.73973,18.96442],[-68.32860,18.61652],[-68.65843,18.21092],[-68.92251,18.41229],[-69.85147,18.47248],[-70.17178,18.23143],[-70.55284,18.20425],[-70.70384,18.43012],[-70.93248,18.26154],[-71.08397,18.30438],[-71.06110,18.14207],[-71.41722,17.60480],[-72.00674,18.20945],[-72.88589,18.14142],[-73.64631,18.25873],[-73.87328,18.02619],[-74.48916,18.42938],[-74.41852,18.61749],[-74.25593,18.67031],[-72.90416,18.43414],[-72.35383,18.53009],[-72.33043,18.68329],[-72.81354,19.05292],[-72.70718,19.11863],[-72.80337,19.23192],[-72.69912,19.44586],[-73.45783,19.67218],[-73.42031,19.82099],[-73.16710,19.93769],[-72.77603,19.94391],[-72.33385,19.71857],[-72.21865,19.78693],[-71.82144,19.65668]]],[[[-73.20079,18.96869],[-72.82046,18.70067],[-73.29963,18.92552],[-73.20079,18.96869]]],[[[-72.63890,19.98484],[-72.96035,20.06122],[-72.62755,20.00824],[-72.63890,19.98484]]],[[[-73.25515,21.13506],[-73.00462,21.31443],[-73.12982,20.99366],[-73.66335,20.92108],[-73.66783,21.11522],[-73.25515,21.13506]]],[[[-72.91465,21.48506],[-73.05304,21.42490],[-73.07623,21.50679],[-72.91465,21.48506]]],[[[-71.52098,21.48932],[-71.53970,21.51654],[-71.49632,21.50739],[-71.52098,21.48932]]],[[[-72.43342,21.70921],[-72.45201,21.64496],[-72.46076,21.70539],[-72.43342,21.70921]]],[[[-71.59056,21.75381],[-71.48094,21.72549],[-71.47126,21.66217],[-71.59056,21.75381]]],[[[-71.80939,21.83999],[-71.64517,21.74640],[-71.85065,21.85626],[-71.80939,21.83999]]],[[[-72.27383,21.75141],[-72.33950,21.76666],[-72.33043,21.86245],[-72.12437,21.80780],[-72.27383,21.75141]]],[[[-72.00829,21.95921],[-71.87730,21.82831],[-72.03624,21.93878],[-72.00829,21.95921]]],[[[-72.75088,22.31122],[-73.16600,22.37421],[-72.82046,22.38377],[-72.75088,22.31122]]],[[[-73.68569,23.10248],[-73.79735,23.07379],[-73.81696,23.10382],[-73.68569,23.10248]]],[[[-73.38951,40.61676],[-73.57412,40.57509],[-73.33938,40.64459],[-73.24840,40.64772],[-73.38951,40.61676]]],[[[-73.04034,40.68199],[-73.30504,40.62992],[-72.75708,40.76880],[-73.04034,40.68199]]],[[[-72.34341,41.14065],[-72.24722,41.15570],[-72.41234,41.06488],[-72.43773,40.98419],[-72.62462,40.90782],[-72.48084,40.89793],[-72.32152,41.03583],[-72.10899,41.00141],[-71.85741,41.07172],[-72.40665,40.86207],[-73.71092,40.61021],[-73.58180,40.58448],[-74.03999,40.61978],[-73.48568,40.94562],[-72.62832,40.98358],[-72.34341,41.14065]]],[[[-72.32784,41.10505],[-72.35879,41.04583],[-72.37239,41.06861],[-72.32784,41.10505]]],[[[-72.08145,41.07487],[-72.10082,41.05424],[-72.13102,41.12047],[-72.08145,41.07487]]],[[[-71.61271,41.16746],[-71.54447,41.16288],[-71.59955,41.14577],[-71.61271,41.16746]]],[[[-72.03879,41.24944],[-72.02213,41.27685],[-71.99873,41.25166],[-72.03879,41.24944]]],[[[-70.04601,41.30756],[-70.05239,41.39656],[-69.95776,41.27574],[-70.25634,41.29276],[-70.04601,41.30756]]],[[[-70.44603,41.41352],[-70.45287,41.35887],[-70.5006,41.39362],[-70.44603,41.41352]]],[[[-70.77590,41.30438],[-70.60513,41.47402],[-70.50743,41.36261],[-70.77590,41.30438]]],[[[-70.94850,41.41412],[-70.92603,41.42891],[-70.84859,41.43433],[-70.94850,41.41412]]],[[[-70.67919,41.51045],[-70.79081,41.44919],[-70.71063,41.51921],[-70.67919,41.51045]]],[[[-71.39879,41.4619],[-71.39269,41.54267],[-71.36839,41.57623],[-71.39879,41.4619]]],[[[-71.23363,41.48920],[-71.35456,41.45831],[-71.22061,41.66054],[-71.23363,41.48920]]],[[[-70.02147,41.55072],[-69.97301,41.65371],[-70.00210,41.55377],[-70.02147,41.55072]]],[[[-71.30337,41.62637],[-71.33722,41.58209],[-71.34373,41.67064],[-71.30337,41.62637]]],[[[-69.64712,43.83730],[-69.68488,43.81126],[-69.67316,43.85293],[-69.64712,43.83730]]],[[[-69.67837,43.96751],[-69.66926,43.94277],[-69.71483,43.85944],[-69.67837,43.96751]]],[[[-68.83458,44.03510],[-68.88414,44.11383],[-68.77464,44.06187],[-68.83458,44.03510]]],[[[-68.93748,44.10553],[-68.92837,44.14199],[-68.81118,44.14850],[-68.93748,44.10553]]],[[[-68.88540,44.29954],[-68.94269,44.29043],[-68.90103,44.31126],[-68.88540,44.29954]]],[[[-68.85936,44.35814],[-68.91144,44.36595],[-68.88410,44.39199],[-68.85936,44.35814]]],[[[-69.98106,76.59080],[-69.46792,76.57941],[-70.03449,76.56806],[-69.98106,76.59080]]],[[[-71.34349,77.37685],[-71.70352,77.31537],[-72.57681,77.41160],[-71.34349,77.37685]]],[[[-70.89867,77.47345],[-70.05500,77.40412],[-71.07994,77.37775],[-71.27285,77.45954],[-70.89867,77.47345]]],[[[-72.65050,78.43838],[-72.67300,78.43887],[-72.65453,78.45506],[-72.58849,78.46723],[-72.57062,78.48725],[-72.60562,78.48639],[-72.62287,78.48822],[-72.63206,78.49408],[-72.63890,78.50092],[-72.59019,78.52122],[-71.94702,78.55795],[-72.12038,78.51504],[-72.81240,78.33885],[-72.82374,78.33104],[-72.82579,78.33323],[-72.83128,78.33637],[-72.82384,78.35126],[-72.81387,78.35936],[-72.80012,78.36294],[-72.76244,78.36522],[-72.64085,78.39032],[-72.60362,78.40424],[-72.58429,78.42511],[-72.65050,78.43838]]],[[[-67.07844,-55.91008],[-67.14037,-55.81731],[-67.08063,-55.81243],[-67.07844,-55.91008]]],[[[-67.28197,-55.82097],[-67.20417,-55.88062],[-67.41706,-55.83359],[-67.28197,-55.82097]]],[[[-67.47160,-55.81770],[-67.63203,-55.85939],[-67.91394,-55.83656],[-67.47160,-55.81770]]],[[[-67.23208,-55.77141],[-67.15697,-55.77825],[-67.24010,-55.78972],[-67.23208,-55.77141]]],[[[-67.35912,-55.57390],[-67.25255,-55.76393],[-67.34137,-55.79192],[-67.55182,-55.73561],[-67.35912,-55.57390]]],[[[-67.58531,-55.55413],[-67.66104,-55.60865],[-67.6787,-55.49163],[-67.58531,-55.55413]]],[[[-67.06017,-55.32634],[-66.87511,-55.23089],[-66.82957,-55.28248],[-67.06017,-55.32634]]],[[[-66.51549,-55.26433],[-66.61913,-55.19801],[-66.42674,-55.18547],[-66.51549,-55.26433]]],[[[-67.50291,-55.17213],[-68.13508,-55.21884],[-68.18635,-54.97820],[-68.36050,-54.93092],[-67.30182,-54.92888],[-67.05337,-55.09368],[-67.27061,-55.30689],[-67.50291,-55.17213]]],[[[-67.07095,-55.01677],[-66.86900,-55.02410],[-66.80687,-55.11288],[-67.07095,-55.01677]]],[[[-64.31110,-54.77760],[-64.62442,-54.90374],[-64.75865,-54.83228],[-64.54234,-54.71559],[-63.81212,-54.72991],[-64.31110,-54.77760]]],[[[-71.02757,-54.77703],[-70.95156,-54.61638],[-71.28966,-54.67644],[-71.23363,-54.53134],[-71.48786,-54.68743],[-71.59776,-54.58098],[-71.94432,-54.65455],[-71.88976,-54.56812],[-72.00772,-54.50530],[-71.67186,-54.57171],[-71.74819,-54.51083],[-71.58311,-54.54501],[-71.85065,-54.41464],[-71.56322,-54.51083],[-71.61412,-54.41090],[-71.36461,-54.37297],[-71.09024,-54.51083],[-71.14488,-54.43515],[-70.97240,-54.46900],[-70.95250,-54.3388],[-70.80064,-54.31585],[-70.61046,-54.3388],[-70.72716,-54.42766],[-70.76439,-54.59954],[-70.63402,-54.60027],[-70.69692,-54.49480],[-70.58519,-54.39055],[-70.13072,-54.54501],[-70.57770,-54.27483],[-70.84325,-54.26311],[-70.93268,-54.11353],[-70.13687,-54.42766],[-70.07481,-54.36980],[-70.19904,-54.32057],[-70.03449,-54.25693],[-69.77538,-54.55486],[-69.85912,-54.28036],[-69.23998,-54.44133],[-69.41747,-54.62330],[-69.37718,-54.68157],[-69.15746,-54.45305],[-68.99494,-54.46843],[-70.01402,-54.11353],[-70.17821,-53.83342],[-69.36084,-53.52167],[-69.35265,-53.35572],[-70.20270,-53.46868],[-70.47354,-53.30925],[-70.41899,-53.01171],[-70.24345,-53.06172],[-70.08917,-52.91106],[-70.30089,-52.91493],[-70.28266,-52.79844],[-70.41612,-52.75807],[-69.9114,-52.84790],[-69.41756,-52.45147],[-69.14024,-52.68377],[-68.77902,-52.54825],[-68.59487,-52.65422],[-68.31143,-52.91204],[-68.22581,-53.10247],[-68.34956,-53.01616],[-68.55075,-53.23853],[-68.11140,-53.34380],[-67.98363,-53.60133],[-67.29776,-54.05380],[-65.85480,-54.64470],[-65.14191,-54.64690],[-65.35895,-54.92669],[-65.96622,-54.90207],[-66.45067,-55.05201],[-67.03099,-54.90520],[-68.71239,-54.77092],[-68.56822,-54.87835],[-68.66584,-54.88640],[-68.92857,-54.77849],[-68.73786,-54.89609],[-69.50593,-54.86150],[-69.67442,-54.80478],[-69.62706,-54.69207],[-69.91161,-54.81861],[-69.96955,-54.67685],[-69.99327,-54.83505],[-70.30943,-54.83855],[-70.24453,-54.68906],[-70.36534,-54.83521],[-70.58116,-54.77898],[-70.75877,-54.84059],[-70.83702,-54.78769],[-70.62458,-54.73154],[-70.45287,-54.63372],[-70.81590,-54.75042],[-70.92210,-54.71257],[-70.77432,-54.68157],[-70.94481,-54.67213],[-71.02757,-54.77703]]],[[[-59.69232,-52.30371],[-59.69582,-52.40652],[-59.82069,-52.35835],[-59.69232,-52.30371]]],[[[-59.79214,-52.13054],[-59.68016,-52.17945],[-59.74840,-52.19378],[-59.79214,-52.13054]]],[[[-58.40221,-52.00213],[-58.42760,-52.10068],[-58.54674,-52.02556],[-58.40221,-52.00213]]],[[[-59.67170,-51.98056],[-59.71483,-51.98015],[-59.68871,-51.94060],[-59.67170,-51.98056]]],[[[-60.85505,-51.76669],[-60.88679,-51.93434],[-61.13565,-51.83172],[-60.85505,-51.76669]]],[[[-61.21353,-51.79794],[-61.194,-51.83749],[-61.25226,-51.86199],[-61.21353,-51.79794]]],[[[-58.52196,-51.49114],[-58.23086,-51.65252],[-58.21719,-51.52597],[-58.35936,-51.50465],[-58.24087,-51.39568],[-57.90640,-51.37664],[-57.76781,-51.49488],[-58.14517,-51.54265],[-57.73428,-51.69353],[-58.22203,-51.75457],[-58.14517,-51.78972],[-58.41905,-51.89218],[-58.95278,-51.80242],[-58.63231,-51.96795],[-58.64122,-52.10784],[-59.26960,-51.99049],[-59.04898,-52.21249],[-59.45604,-52.14218],[-59.33893,-52.34172],[-59.72154,-52.10759],[-59.20718,-51.70720],[-58.99010,-51.80364],[-58.9912,-51.64658],[-59.16783,-51.57366],[-59.00796,-51.55689],[-59.09902,-51.41253],[-58.86461,-51.35833],[-58.95396,-51.24846],[-58.40660,-51.32382],[-58.33381,-51.42750],[-58.50475,-51.39527],[-58.52196,-51.49114]]],[[[-59.49132,-51.45623],[-59.40526,-51.33766],[-59.21401,-51.41350],[-59.87173,-51.94898],[-60.27603,-51.99456],[-60.37222,-52.15960],[-60.55036,-52.11191],[-60.59276,-52.23674],[-61.03693,-52.04656],[-60.53205,-51.99993],[-60.39989,-51.91659],[-60.51471,-51.94182],[-60.60558,-51.92693],[-60.44448,-51.78289],[-60.33873,-51.85857],[-60.18407,-51.76116],[-60.55064,-51.78980],[-60.62498,-51.66961],[-60.07738,-51.69353],[-60.64598,-51.35149],[-60.15314,-51.48748],[-59.98863,-51.46754],[-60.08360,-51.44597],[-60.01748,-51.37517],[-59.49132,-51.45623]]],[[[-61.194,-51.69353],[-61.27721,-51.75554],[-61.27037,-51.68043],[-61.194,-51.69353]]],[[[-59.69415,-51.40769],[-59.82941,-51.35050],[-59.59694,-51.38069],[-59.69415,-51.40769]]],[[[-60.11156,-51.35833],[-60.30089,-51.26824],[-60.04914,-51.34644],[-60.11900,-51.40602],[-60.27440,-51.39446],[-60.11156,-51.35833]]],[[[-60.02281,-51.29615],[-59.97573,-51.28687],[-59.91804,-51.33896],[-60.02281,-51.29615]]],[[[-60.58287,-51.25497],[-60.52110,-51.31503],[-60.59666,-51.26336],[-60.58287,-51.25497]]],[[[-59.76675,-51.24114],[-59.44737,-51.32415],[-59.80874,-51.25595],[-59.76675,-51.24114]]],[[[-62.02851,-40.45488],[-62.10870,-40.56406],[-62.17283,-40.37504],[-62.02851,-40.45488]]],[[[-62.02116,-40.34355],[-62.13318,-40.18109],[-62.01466,-40.17516],[-62.02116,-40.34355]]],[[[-61.90339,-39.13209],[-61.85936,-39.22519],[-62.00401,-39.19410],[-62.08604,-39.12297],[-61.90339,-39.13209]]],[[[-62.01024,-39.06438],[-62.11945,-39.00221],[-61.96727,-39.04697],[-62.01024,-39.06438]]],[[[-58.33360,6.96527],[-58.44102,6.90477],[-58.46052,6.88336],[-58.41893,6.97211],[-58.33360,6.96527]]],[[[-61.53584,8.57550],[-61.31460,8.57131],[-61.33844,8.50995],[-61.53584,8.57550]]],[[[-61.04157,8.51854],[-61.22761,8.57160],[-60.99600,8.60268],[-61.04157,8.51854]]],[[[-60.67605,8.76291],[-60.63213,8.63339],[-60.80981,8.64214],[-60.67605,8.76291]]],[[[-60.84657,8.63771],[-61.1768,8.60384],[-61.05996,8.79816],[-60.71096,8.82398],[-60.84657,8.63771]]],[[[-60.92027,9.02846],[-60.83836,9.00055],[-61.09162,8.82241],[-60.92027,9.02846]]],[[[-60.94298,9.02582],[-61.04381,8.91177],[-61.09658,8.90058],[-61.06932,8.97882],[-60.85204,9.08673],[-60.94298,9.02582]]],[[[-60.96129,9.06940],[-60.85334,9.19403],[-60.87315,9.11660],[-60.96129,9.06940]]],[[[-60.75792,9.23041],[-60.72850,9.19293],[-60.82896,9.18769],[-60.75792,9.23041]]],[[[-62.34337,9.92422],[-62.32274,9.91006],[-62.33861,9.84568],[-62.34337,9.92422]]],[[[-62.26756,10.04490],[-62.24518,10.00360],[-62.29800,9.98371],[-62.26756,10.04490]]],[[[-62.39110,9.99335],[-62.42052,9.98265],[-62.43618,10.04657],[-62.39110,9.99335]]],[[[-62.65827,10.36017],[-62.65982,10.31000],[-62.77696,10.49262],[-62.65827,10.36017]]],[[[-60.90729,10.83714],[-61.03807,10.65363],[-60.96129,10.33002],[-61.12238,10.08681],[-61.9287,10.05646],[-61.46214,10.28221],[-61.47227,10.59487],[-61.60212,10.74774],[-60.90729,10.83714]]],[[[-63.90363,10.77728],[-63.89464,10.75458],[-63.95677,10.74412],[-63.90363,10.77728]]],[[[-64.21825,10.82103],[-64.15953,10.82489],[-64.22093,10.80646],[-64.21825,10.82103]]],[[[-65.22081,10.89451],[-65.40192,10.94843],[-65.20824,10.94989],[-65.22081,10.89451]]],[[[-64.22008,11.09153],[-64.03197,10.99599],[-63.88097,11.17914],[-63.78766,10.97378],[-64.05972,10.85761],[-64.40855,10.96747],[-64.22008,11.09153]]],[[[-60.84752,11.16396],[-60.53050,11.35106],[-60.80333,11.14325],[-60.84752,11.16396]]],[[[-66.85460,11.75137],[-66.73582,11.78310],[-66.72850,11.78359],[-66.77993,11.75853],[-66.82778,11.74624],[-66.85460,11.75137]]],[[[-66.70449,11.78310],[-66.61510,11.82404],[-66.64183,11.76146],[-66.70449,11.78310]]],[[[-66.10851,11.82583],[-66.14313,11.78180],[-66.19432,11.81769],[-66.10851,11.82583]]],[[[-64.60716,11.89911],[-64.55284,11.82371],[-64.64879,11.83026],[-64.60716,11.89911]]],[[[-66.71178,11.86790],[-66.75381,11.86237],[-66.81786,11.87108],[-66.71178,11.86790]]],[[[-61.79051,12.00836],[-61.65050,12.23973],[-61.60602,12.22337],[-61.63158,12.04409],[-61.79051,12.00836]]],[[[-68.22752,12.05072],[-68.41071,12.24030],[-68.40005,12.30438],[-68.19420,12.21393],[-68.22752,12.05072]]],[[[-61.48888,12.48200],[-61.42804,12.45465],[-61.49624,12.44037],[-61.48888,12.48200]]],[[[-61.24095,13.02423],[-61.20148,13.05117],[-61.24242,12.97479],[-61.27721,12.98847],[-61.24095,13.02423]]],[[[-59.65420,13.29511],[-59.61286,13.34455],[-59.42691,13.16038],[-59.60814,13.08466],[-59.65420,13.29511]]],[[[-61.12393,13.30825],[-61.18521,13.13251],[-61.27936,13.21588],[-61.18712,13.38043],[-61.12393,13.30825]]],[[[-60.95506,13.71466],[-61.07852,13.87978],[-60.93346,14.11188],[-60.88304,13.95441],[-60.95506,13.71466]]],[[[-61.21060,14.85443],[-60.87930,14.77728],[-60.93748,14.66640],[-60.81041,14.46198],[-61.06956,14.46670],[-60.99600,14.56500],[-61.21060,14.85443]]],[[[-61.48892,15.53571],[-61.46898,15.63385],[-61.26716,15.50779],[-61.35073,15.20514],[-61.48892,15.53571]]],[[[-61.19469,15.91958],[-61.27489,15.87376],[-61.2683,16.00926],[-61.19469,15.91958]]],[[[-61.69652,15.95502],[-61.79735,16.2508],[-61.73786,16.36530],[-61.54918,16.28058],[-61.56598,16.03351],[-61.69652,15.95502]]],[[[-61.09162,16.30540],[-61.03913,16.34446],[-61.06859,16.30223],[-61.09162,16.30540]]],[[[-61.50340,16.21328],[-61.45929,16.51178],[-61.16356,16.25299],[-61.50340,16.21328]]],[[[-62.14403,16.68821],[-62.20201,16.81932],[-62.17467,16.81313],[-62.14403,16.68821]]],[[[-61.66759,17.07941],[-61.73713,16.98924],[-61.89037,17.03538],[-61.79336,17.16494],[-61.66759,17.07941]]],[[[-62.54649,17.18378],[-62.54759,17.10464],[-62.61217,17.10415],[-62.54649,17.18378]]],[[[-62.71996,17.35854],[-62.62474,17.22528],[-62.64704,17.21719],[-62.86107,17.36229],[-62.71996,17.35854]]],[[[-62.94506,17.48538],[-62.98108,17.46772],[-62.99714,17.52562],[-62.94506,17.48538]]],[[[-61.87303,17.71063],[-61.83779,17.72768],[-61.73639,17.55402],[-61.85179,17.58657],[-61.87303,17.71063]]],[[[-64.55939,17.75161],[-64.89517,17.68276],[-64.68976,17.74477],[-64.55939,17.75161]]],[[[-62.79165,17.91547],[-62.83885,17.88198],[-62.85741,17.92503],[-62.79165,17.91547]]],[[[-63.01764,18.12213],[-63.01073,18.04083],[-63.03062,18.01911],[-63.14684,18.07029],[-63.01764,18.12213]]],[[[-67.87315,18.05345],[-67.91974,18.11448],[-67.84435,18.10456],[-67.87315,18.05345]]],[[[-65.39854,18.16933],[-65.27574,18.13715],[-65.48424,18.08734],[-65.58043,18.12213],[-65.39854,18.16933]]],[[[-63.03819,18.26772],[-62.97264,18.27586],[-63.01154,18.22044],[-63.16783,18.16933],[-63.03819,18.26772]]],[[[-65.90482,18.45592],[-65.62140,18.38906],[-65.62723,18.20592],[-66.16323,17.92914],[-67.19507,17.93568],[-67.15185,18.20339],[-67.27084,18.36182],[-67.10171,18.52277],[-65.90482,18.45592]]],[[[-65.33405,18.34064],[-65.24461,18.30654],[-65.27879,18.27920],[-65.33405,18.34064]]],[[[-64.80128,18.32825],[-64.74695,18.37359],[-64.70400,18.30331],[-64.80128,18.32825]]],[[[-64.60301,18.35561],[-64.56944,18.35797],[-64.57091,18.33466],[-64.60301,18.35561]]],[[[-65.04149,18.35365],[-64.92850,18.38037],[-64.84008,18.31748],[-65.04149,18.35365]]],[[[-64.64170,18.45115],[-64.51684,18.43929],[-64.71412,18.38620],[-64.64170,18.45115]]],[[[-64.41539,18.51194],[-64.38060,18.48090],[-64.44334,18.44306],[-64.41539,18.51194]]],[[[-64.32030,18.74624],[-64.27074,18.70067],[-64.40855,18.74469],[-64.32030,18.74624]]],[[[-64.88599,32.28257],[-64.84684,32.25466],[-64.67609,32.38865],[-64.64763,32.36822],[-64.83405,32.24807],[-64.87630,32.25776],[-64.88599,32.28257]]],[[[-68.60806,44.02350],[-68.66275,44.01959],[-68.62629,44.09121],[-68.60806,44.02350]]],[[[-68.50259,44.14850],[-68.49217,44.16933],[-68.39191,44.14590],[-68.50259,44.14850]]],[[[-68.62307,44.24986],[-68.62279,44.17133],[-68.69046,44.26003],[-68.62307,44.24986]]],[[[-68.52993,44.33079],[-68.47525,44.32428],[-68.48436,44.31387],[-68.52993,44.33079]]],[[[-68.32603,44.22589],[-68.43386,44.31203],[-68.27403,44.43927],[-68.17654,44.32831],[-68.32603,44.22589]]],[[[-67.58462,44.44407],[-67.59373,44.45709],[-67.58202,44.51439],[-67.58462,44.44407]]],[[[-67.28384,44.61985],[-67.27082,44.61334],[-67.27603,44.60293],[-67.30207,44.59642],[-67.32160,44.60293],[-67.319,44.61204],[-67.30337,44.62506],[-67.28384,44.61985]]],[[[-67.01211,44.89935],[-67.01732,44.90802],[-67.04511,44.92715],[-67.04511,44.94448],[-67.03815,44.95490],[-67.02949,44.94448],[-67.00344,44.92540],[-66.98607,44.90977],[-66.98957,44.89761],[-67.01211,44.89935]]],[[[-56.25601,47.01801],[-56.26935,47.00845],[-56.27379,46.99909],[-56.28034,46.98969],[-56.29186,46.98541],[-56.29759,46.98753],[-56.30199,46.99697],[-56.30516,46.99909],[-56.31216,46.99835],[-56.32970,46.99225],[-56.34357,46.99591],[-56.35020,46.99461],[-56.35016,46.98541],[-56.34577,46.97992],[-56.33971,46.97907],[-56.33385,46.97956],[-56.32591,46.97646],[-56.31371,46.97565],[-56.30858,46.97174],[-56.30675,46.96499],[-56.30968,46.96015],[-56.31387,46.95669],[-56.31602,46.95380],[-56.31602,46.91278],[-56.31175,46.90013],[-56.30117,46.89630],[-56.27379,46.89545],[-56.23550,46.87201],[-56.24925,46.84227],[-56.28929,46.81378],[-56.34626,46.78359],[-56.35851,46.78074],[-56.37067,46.7862],[-56.37791,46.79901],[-56.37507,46.80695],[-56.37511,46.81395],[-56.39110,46.82404],[-56.39635,46.83637],[-56.37987,46.85150],[-56.34276,46.87555],[-56.32827,46.91494],[-56.33678,46.95425],[-56.38499,47.03563],[-56.38817,47.05182],[-56.39110,47.08783],[-56.39659,47.10399],[-56.39590,47.11359],[-56.38768,47.12539],[-56.37743,47.13426],[-56.36628,47.14020],[-56.35464,47.14126],[-56.34276,47.13564],[-56.36131,47.12596],[-56.37169,47.11615],[-56.37116,47.10590],[-56.35700,47.09467],[-56.34032,47.08905],[-56.30479,47.08315],[-56.25332,47.05369],[-56.25169,47.04389],[-56.25230,47.03021],[-56.25601,47.01801]]],[[[-65.65709,49.24947],[-65.61514,49.26024],[-65.56578,49.26646],[-65.39623,49.26105],[-65.35155,49.25483],[-65.36398,49.25558],[-65.54771,49.25564],[-65.55665,49.25902],[-65.57867,49.25724],[-65.58876,49.25502],[-65.62828,49.25480],[-65.63790,49.24926],[-65.65709,49.24947]]],[[[-55.95457,73.83299],[-56.31700,73.78660],[-56.77477,73.88231],[-55.95457,73.83299]]],[[[-57.55622,74.49188],[-56.71288,74.56073],[-56.46686,74.51235],[-57.55622,74.49188]]],[[[-66.95051,80.67609],[-66.91047,80.67605],[-66.85045,80.67108],[-66.84064,80.67108],[-66.81065,80.66689],[-66.80540,80.66697],[-66.75784,80.65904],[-66.75800,80.65818],[-66.74286,80.65570],[-66.74303,80.65485],[-66.7329,80.65322],[-66.71788,80.64732],[-66.71812,80.64484],[-66.70299,80.64236],[-66.70319,80.64150],[-66.65310,80.63320],[-66.65294,80.63239],[-66.63552,80.62946],[-66.63060,80.62942],[-66.61803,80.62653],[-66.61790,80.62567],[-66.60798,80.62490],[-66.60781,80.62401],[-66.59308,80.62148],[-66.58796,80.61981],[-66.58820,80.61070],[-66.60057,80.60866],[-66.61058,80.60777],[-66.63532,80.60773],[-66.64041,80.60696],[-66.70038,80.60696],[-66.71544,80.60533],[-66.74551,80.60362],[-66.76565,80.59947],[-66.77562,80.59857],[-66.79027,80.59857],[-66.82070,80.60106],[-66.84789,80.60565],[-66.84776,80.61233],[-66.86038,80.61526],[-66.88544,80.61530],[-66.90803,80.61737],[-66.91291,80.61904],[-66.91291,80.62071],[-66.93309,80.62738],[-66.93793,80.63072],[-66.94306,80.63149],[-66.94298,80.63320],[-66.95278,80.63483],[-66.95278,80.63991],[-66.95783,80.64069],[-66.95795,80.64984],[-66.96300,80.65070],[-66.96300,80.65403],[-66.96808,80.65493],[-66.96808,80.65818],[-66.97276,80.65900],[-66.97805,80.66567],[-66.98273,80.66653],[-66.98273,80.67157],[-66.97801,80.67234],[-66.97801,80.67405],[-66.96544,80.67532],[-66.95555,80.67532],[-66.95051,80.67609]]],[[[-67.47663,80.21434],[-67.44432,80.21336],[-67.47166,80.22768],[-67.45519,80.23407],[-67.44701,80.23558],[-67.43687,80.23509],[-67.45148,80.24494],[-67.46800,80.25348],[-67.48542,80.25950],[-67.51866,80.26553],[-67.51008,80.27407],[-67.47850,80.28974],[-67.45714,80.30329],[-67.44786,80.31391],[-67.4558,80.32074],[-67.48595,80.32318],[-67.45543,80.34251],[-67.32726,80.36505],[-67.28677,80.36286],[-67.26769,80.36615],[-67.20909,80.38328],[-67.1905,80.38524],[-67.19790,80.38524],[-67.16698,80.38812],[-67.03587,80.41445],[-66.91185,80.45453],[-66.78750,80.46369],[-66.77904,80.46841],[-66.76935,80.47776],[-66.75816,80.48334],[-66.72496,80.48871],[-66.71068,80.49457],[-66.71784,80.49506],[-66.73241,80.50137],[-66.72508,80.50885],[-66.71690,80.51479],[-66.70775,80.51935],[-66.69766,80.52244],[-66.75039,80.52090],[-66.77969,80.52362],[-66.79263,80.53302],[-66.78229,80.54633],[-66.75841,80.55243],[-66.14321,80.60838],[-66.10863,80.61741],[-66.09068,80.63165],[-66.08336,80.64752],[-66.07494,80.66046],[-66.05337,80.66583],[-65.52521,80.66339],[-65.49791,80.67267],[-65.68993,80.69489],[-65.70787,80.70416],[-65.69164,80.71605],[-65.62437,80.73135],[-65.12474,80.77973],[-65.07518,80.79340],[-65.05284,80.80365],[-65.05003,80.81928],[-65.04662,80.82412],[-65.04124,80.82562],[-65.01720,80.82916],[-65.00763,80.83295],[-64.99893,80.83783],[-64.99103,80.84394],[-64.98395,80.85146],[-65.03917,80.87873],[-65.01744,80.89468],[-64.97923,80.90273],[-64.77700,80.90705],[-64.73753,80.91909],[-64.74327,80.92039],[-64.75865,80.9265],[-64.71027,80.94017],[-64.76451,80.94940],[-64.79405,80.95966],[-64.80646,80.97431],[-64.78978,80.99038],[-64.75352,80.99624],[-64.51769,81.00470],[-64.43443,81.02798],[-64.24059,81.02802],[-64.11921,81.04804],[-63.92943,81.05687],[-63.82774,81.11326],[-63.72276,81.13873],[-63.67601,81.1435],[-63.65501,81.14907],[-63.59365,81.15086],[-63.50747,81.13141],[-63.43846,81.09601],[-63.42853,81.05003],[-63.39305,81.02716],[-63.33490,80.97842],[-63.65646,80.92231],[-63.91654,80.87929],[-65.45980,80.61198],[-65.93707,80.51147],[-67.00507,80.27626],[-67.37134,80.17234],[-67.46239,80.18471],[-67.50584,80.20718],[-67.49201,80.21271],[-67.47663,80.21434]]],[[[-66.37311,80.82489],[-66.37303,80.82648],[-66.37775,80.82737],[-66.37791,80.83071],[-66.36046,80.83283],[-66.34553,80.83275],[-66.33535,80.83193],[-66.32038,80.82941],[-66.31037,80.82941],[-66.29796,80.82652],[-66.29800,80.82404],[-66.31065,80.82111],[-66.32050,80.82025],[-66.34048,80.82029],[-66.35057,80.82111],[-66.37311,80.82489]]],[[[-48.56379,-27.81731],[-48.42658,-27.38893],[-48.48607,-27.77434],[-48.56379,-27.81731]]],[[[-48.70327,-26.31194],[-48.54759,-26.16725],[-48.49339,-26.21892],[-48.57852,-26.42099],[-48.70327,-26.31194]]],[[[-48.25588,-25.46574],[-48.33830,-25.40817],[-48.25537,-25.34821],[-48.25588,-25.46574]]],[[[-47.61294,-24.75449],[-47.44831,-24.6867],[-47.87743,-25.02711],[-47.83185,-24.91326],[-47.61294,-24.75449]]],[[[-46.34137,-23.96990],[-46.31948,-23.92766],[-46.29186,-23.99089],[-46.34137,-23.96990]]],[[[-45.27184,-23.94622],[-45.45295,-23.89137],[-45.31680,-23.72088],[-45.22809,-23.77239],[-45.27184,-23.94622]]],[[[-44.32770,-23.22128],[-44.36709,-23.16521],[-44.23509,-23.06878],[-44.15925,-23.16578],[-44.32770,-23.22128]]],[[[-44.49730,-2.94931],[-44.59801,-3.06015],[-44.48078,-2.70436],[-44.49730,-2.94931]]],[[[-42.10577,-2.77274],[-42.17009,-2.76800],[-42.23926,-2.68086],[-42.10577,-2.77274]]],[[[-42.03526,-2.70436],[-42.10289,-2.70436],[-42.18602,-2.67644],[-42.03526,-2.70436]]],[[[-43.84870,-2.42398],[-43.77065,-2.49600],[-43.83832,-2.50735],[-43.84870,-2.42398]]],[[[-43.61169,-2.38500],[-43.54203,-2.37115],[-43.57365,-2.42346],[-43.61169,-2.38500]]],[[[-43.63480,-2.39989],[-43.71540,-2.28923],[-43.60702,-2.25632],[-43.63480,-2.39989]]],[[[-49.27700,-1.76702],[-49.36742,-1.89511],[-49.33812,-1.71266],[-49.27700,-1.76702]]],[[[-49.49612,-1.74262],[-49.50163,-1.65816],[-49.42284,-1.67418],[-49.49612,-1.74262]]],[[[-44.97435,-1.26034],[-44.98033,-1.39609],[-45.02696,-1.36052],[-44.97435,-1.26034]]],[[[-48.33897,-1.06650],[-48.31908,-1.18938],[-48.46544,-1.15764],[-48.33897,-1.06650]]],[[[-51.43480,-1.1867],[-51.94391,-1.45623],[-51.55980,-0.66497],[-51.34740,-0.53199],[-51.38158,-0.65488],[-51.30833,-0.51873],[-51.14997,-0.65894],[-51.43480,-1.1867]]],[[[-50.22451,-1.73902],[-50.25816,-1.48414],[-50.29698,-1.80348],[-50.55972,-1.79949],[-50.80321,-1.43499],[-50.79255,-1.08619],[-50.55972,-1.18320],[-50.61668,-1.11988],[-50.47663,-1.03915],[-50.79255,-1.01865],[-50.73729,-0.55185],[-50.68407,-0.63982],[-50.54845,-0.67783],[-50.68268,-0.62379],[-50.69636,-0.36004],[-50.34996,-0.09937],[-49.65347,-0.24114],[-49.20604,-0.14031],[-48.39354,-0.27125],[-48.64281,-1.08359],[-48.81871,-1.20289],[-48.92113,-1.14153],[-48.79625,-1.26848],[-48.83299,-1.41578],[-48.94220,-1.29583],[-48.99006,-1.29241],[-48.83922,-1.44996],[-49.06578,-1.53191],[-49.19774,-1.38836],[-49.16820,-1.58660],[-49.29372,-1.61753],[-49.38731,-1.48414],[-49.37243,-1.64663],[-49.53132,-1.49773],[-49.55174,-1.72088],[-49.68834,-1.76930],[-49.74421,-1.58033],[-49.80028,-1.81731],[-50.02818,-1.65545],[-50.22451,-1.73902]]],[[[-48.31627,-1.00953],[-48.25015,-0.85019],[-48.19493,-0.81943],[-48.20189,-1.01148],[-48.31627,-1.00953]]],[[[-50.83674,-0.56178],[-50.82225,-0.69988],[-51.10041,-0.82626],[-51.06627,-0.67603],[-50.83674,-0.56178]]],[[[-47.93529,-0.63665],[-47.88707,-0.66912],[-47.96214,-0.73064],[-47.93529,-0.63665]]],[[[-47.73468,-0.54173],[-47.64077,-0.60849],[-47.75153,-0.62225],[-47.73468,-0.54173]]],[[[-51.12083,-0.14031],[-51.3756,-0.46054],[-51.4051,-0.45964],[-51.23265,-0.17945],[-51.12083,-0.14031]]],[[[-50.76600,0.04636],[-50.62889,-0.10409],[-50.96495,-0.31422],[-50.97240,-0.04281],[-50.76600,0.04636]]],[[[-49.34630,-0.02084],[-49.43871,-0.12053],[-49.83234,-0.10312],[-49.42821,0.07127],[-49.34630,-0.02084]]],[[[-50.63768,0.08055],[-50.44649,0.12585],[-50.44749,-0.01515],[-50.63768,0.08055]]],[[[-49.56015,0.38575],[-50.00450,-0.05278],[-50.32262,0.02692],[-50.38097,0.19464],[-49.56015,0.38575]]],[[[-50.13853,0.32656],[-50.09332,0.33901],[-50.10733,0.29293],[-50.21715,0.26308],[-50.13853,0.32656]]],[[[-50.43077,0.548],[-50.36668,0.61994],[-50.32328,0.28696],[-50.51805,0.21491],[-50.43077,0.548]]],[[[-50.28144,0.35655],[-50.30288,0.53099],[-50.04271,0.51032],[-50.28144,0.35655]]],[[[-50.10338,0.75568],[-50.27527,0.74562],[-50.13212,0.91421],[-50.03628,0.85270],[-50.10338,0.75568]]],[[[-49.92638,1.06985],[-50.00829,0.94098],[-50.09934,0.93864],[-49.92638,1.06985]]],[[[-50.33895,1.91266],[-50.45860,1.88100],[-50.50423,2.09569],[-50.39957,2.11510],[-50.33895,1.91266]]],[[[-50.55352,2.15630],[-50.46334,2.18693],[-50.50965,2.10970],[-50.55352,2.15630]]],[[[-56.15095,46.79364],[-56.15648,46.78925],[-56.16079,46.78436],[-56.16380,46.77887],[-56.16519,46.77252],[-56.15021,46.76691],[-56.14476,46.76569],[-56.16808,46.75727],[-56.19579,46.75275],[-56.22191,46.75462],[-56.24030,46.76569],[-56.21890,46.78827],[-56.20750,46.79783],[-56.19188,46.80662],[-56.18024,46.80955],[-56.16136,46.81159],[-56.14753,46.80784],[-56.15095,46.79364]]],[[[-43.63951,59.86912],[-43.91905,59.79612],[-43.91624,59.89667],[-44.11827,59.83368],[-43.96133,59.97817],[-43.63951,59.86912]]],[[[-43.20645,59.97089],[-43.37096,59.91559],[-43.31602,60.00495],[-43.20645,59.97089]]],[[[-43.99738,60.01007],[-44.39879,59.90941],[-44.22374,60.02240],[-43.99738,60.01007]]],[[[-44.52831,59.98729],[-44.57701,59.94660],[-44.59801,59.96405],[-44.52831,59.98729]]],[[[-43.46935,60.02680],[-43.35000,60.00722],[-43.39460,59.93878],[-43.51496,59.90941],[-43.46935,60.02680]]],[[[-43.13076,60.06647],[-43.57640,60.08075],[-43.48143,60.03925],[-43.59007,59.92304],[-44.12962,60.14203],[-43.13076,60.06647]]],[[[-44.41930,60.14960],[-44.20226,60.04730],[-44.39928,59.95331],[-44.37828,60.08075],[-44.45401,60.00836],[-44.41930,60.14960]]],[[[-44.24498,60.14736],[-44.00841,60.04657],[-44.15367,60.04669],[-44.24498,60.14736]]],[[[-45.30378,60.14215],[-45.26968,60.18451],[-45.22126,60.14960],[-45.30378,60.14215]]],[[[-45.34976,60.38947],[-45.13695,60.36102],[-45.18333,60.27252],[-45.39293,60.23078],[-45.34976,60.38947]]],[[[-45.11823,60.31346],[-44.92638,60.43695],[-44.99754,60.35663],[-45.11823,60.31346]]],[[[-45.04124,60.38865],[-45.13215,60.43378],[-45.00210,60.45062],[-45.04124,60.38865]]],[[[-45.44029,60.43081],[-45.39427,60.47089],[-45.36099,60.44940],[-45.44029,60.43081]]],[[[-45.78294,60.66290],[-45.94933,60.62287],[-45.97862,60.68048],[-45.78294,60.66290]]],[[[-46.20750,60.67658],[-46.17686,60.68805],[-45.90835,60.70429],[-45.89281,60.69769],[-46.20750,60.67658]]],[[[-46.39085,60.76422],[-46.24844,60.75234],[-46.4204,60.71816],[-46.34528,60.66974],[-46.45913,60.68524],[-46.39085,60.76422]]],[[[-48.23595,60.80011],[-47.65306,60.75910],[-48.07066,60.70087],[-48.23595,60.80011]]],[[[-46.56834,60.77435],[-46.56948,60.74079],[-46.64264,60.73895],[-46.56834,60.77435]]],[[[-47.01610,60.81240],[-47.01622,60.77684],[-47.05101,60.80011],[-47.01610,60.81240]]],[[[-47.31794,60.81313],[-47.22232,60.78644],[-47.35887,60.79267],[-47.31794,60.81313]]],[[[-46.35716,60.82575],[-46.30309,60.82054],[-46.36530,60.78485],[-46.35716,60.82575]]],[[[-47.14659,60.81313],[-47.22232,60.81313],[-47.21865,60.82591],[-47.14659,60.81313]]],[[[-46.81265,60.75340],[-46.48351,60.89012],[-46.16413,60.91144],[-46.46629,60.80980],[-46.81265,60.75340]]],[[[-47.08454,60.86835],[-47.11734,60.82685],[-47.17174,60.85224],[-47.08454,60.86835]]],[[[-47.18138,60.8758],[-47.25584,60.85126],[-47.20335,60.88178],[-47.18138,60.8758]]],[[[-42.62425,60.89569],[-42.7683,60.86155],[-42.95262,60.8758],[-42.62425,60.89569]]],[[[-46.96104,60.92548],[-47.05101,60.89569],[-46.98424,60.93378],[-46.96104,60.92548]]],[[[-46.51659,60.93724],[-46.42723,60.97821],[-46.42625,60.93805],[-46.51659,60.93724]]],[[[-48.29698,61.10285],[-48.04409,61.06757],[-48.37311,61.08124],[-48.29698,61.10285]]],[[[-48.72313,61.29352],[-48.95592,61.25942],[-48.84703,61.30459],[-48.72313,61.29352]]],[[[-48.68871,61.36928],[-48.51553,61.33657],[-48.58600,61.31403],[-48.81224,61.32709],[-48.68871,61.36928]]],[[[-42.39028,61.48533],[-42.49388,61.45115],[-42.41234,61.49860],[-42.39028,61.48533]]],[[[-49.09691,61.63288],[-49.21662,61.65668],[-49.08568,61.67715],[-49.09691,61.63288]]],[[[-42.08238,61.87641],[-42.11754,61.77879],[-42.28791,61.75971],[-42.08238,61.87641]]],[[[-42.30211,62.57465],[-42.12340,62.56098],[-42.28038,62.52000],[-42.30211,62.57465]]],[[[-42.34935,62.8133],[-41.86327,62.74591],[-42.20592,62.73289],[-42.07624,62.72549],[-42.38605,62.68720],[-42.44554,62.75336],[-42.34935,62.8133]]],[[[-41.81554,62.80801],[-41.9169,62.77924],[-41.9558,62.83844],[-41.81554,62.80801]]],[[[-41.58584,63.01040],[-41.45177,63.01410],[-41.45177,62.97309],[-41.58897,62.88686],[-41.58584,63.01040]]],[[[-50.66747,63.10635],[-50.67927,63.02366],[-50.75841,63.06806],[-50.66747,63.10635]]],[[[-50.84341,63.09137],[-50.77196,63.19184],[-50.68268,63.12335],[-50.84341,63.09137]]],[[[-50.46935,63.14740],[-50.62433,63.11652],[-50.57144,63.21283],[-50.46935,63.14740]]],[[[-51.34064,63.52118],[-51.20409,63.50006],[-51.39586,63.46653],[-51.34064,63.52118]]],[[[-51.88166,64.16751],[-52.04473,64.10488],[-52.08342,64.12824],[-52.02765,64.18138],[-51.88166,64.16751]]],[[[-51.25804,64.21942],[-51.33682,64.26410],[-51.16185,64.30141],[-51.03172,64.55093],[-50.80553,64.52798],[-51.25804,64.21942]]],[[[-51.51553,64.38719],[-51.26488,64.56207],[-51.09414,64.56952],[-51.29930,64.38080],[-51.51553,64.38719]]],[[[-53.17536,65.63084],[-52.84825,65.64179],[-53.03709,65.54328],[-53.17536,65.63084]]],[[[-53.22500,68.43390],[-53.02916,68.49542],[-52.90290,68.45441],[-52.97687,68.36383],[-53.22500,68.43390]]],[[[-51.89500,68.62539],[-52.42308,68.59780],[-51.80675,68.63255],[-51.89500,68.62539]]],[[[-53.12193,68.57111],[-52.64964,68.71507],[-52.12828,68.70766],[-53.12193,68.57111]]],[[[-51.38679,69.70115],[-51.00475,69.88694],[-51.36107,69.85285],[-51.19465,69.92194],[-50.66218,69.85626],[-50.96214,69.73041],[-50.95108,69.55939],[-51.11607,69.51276],[-51.38679,69.70115]]],[[[-52.72809,69.92865],[-51.99815,69.80508],[-51.90855,69.74282],[-52.02586,69.67405],[-51.83747,69.64362],[-52.14159,69.47728],[-53.55215,69.23590],[-54.27334,69.40033],[-53.40298,69.43919],[-53.58189,69.47606],[-53.34911,69.58535],[-53.81664,69.45856],[-53.73273,69.51703],[-53.99962,69.50275],[-53.88109,69.56110],[-53.95946,69.60993],[-54.82823,69.61945],[-54.99274,69.70197],[-54.38939,69.68154],[-54.91185,69.82062],[-54.79409,69.87954],[-54.86498,69.94342],[-54.22492,69.92047],[-54.76134,70.03510],[-54.82917,70.20083],[-54.32974,70.32404],[-53.26598,70.20229],[-52.72809,69.92865]]],[[[-54.92650,70.37474],[-55.02745,70.48627],[-54.79865,70.45799],[-54.66714,70.37775],[-54.92650,70.37474]]],[[[-51.50511,70.67462],[-51.58340,70.65814],[-51.86131,70.72304],[-51.82042,70.75039],[-51.50511,70.67462]]],[[[-51.56582,70.87970],[-52.09520,70.86066],[-52.01109,70.98053],[-51.56582,70.87970]]],[[[-53.51244,71.03774],[-53.98570,71.11774],[-53.61180,71.32172],[-53.43114,71.19245],[-53.51244,71.03774]]],[[[-52.97179,71.38715],[-52.32750,71.29840],[-52.66161,71.16840],[-53.11974,71.21283],[-53.16974,71.34625],[-52.97179,71.38715]]],[[[-52.75951,71.66152],[-53.22936,71.53017],[-53.47826,71.65534],[-52.75951,71.66152]]],[[[-64.83141,79.52716],[-65.01187,79.65851],[-64.94298,79.78266],[-65.12857,79.85028],[-64.94981,79.96015],[-65.04356,80.02387],[-63.77855,80.15192],[-64.22276,80.25568],[-64.47329,80.10565],[-65.86335,80.01203],[-67.37134,80.17234],[-63.33490,80.97842],[-62.77993,80.75877],[-63.23876,80.99520],[-63.32347,81.06195],[-63.33975,81.08417],[-63.33250,81.10618],[-63.34471,81.12152],[-63.36278,81.13703],[-63.37328,81.15924],[-63.19835,81.19599],[-63.14989,81.21165],[-62.97679,81.22833],[-62.83454,81.22602],[-62.76402,81.21454],[-62.52738,81.20811],[-61.54552,81.06623],[-61.07608,81.12051],[-60.89297,81.16616],[-61.31135,81.36538],[-60.77318,81.49164],[-60.99979,81.54541],[-61.02399,81.54954],[-61.03697,81.56024],[-61.03722,81.57538],[-61.04039,81.58258],[-61.05020,81.58685],[-61.19277,81.62783],[-61.25999,81.66828],[-61.34239,81.68097],[-61.37962,81.70050],[-61.38638,81.72134],[-61.45425,81.74502],[-61.43488,81.76601],[-61.41193,81.77570],[-61.28107,81.81513],[-60.53355,81.91274],[-60.48135,81.91128],[-60.43163,81.91982],[-60.38158,81.92072],[-60.33405,81.93085],[-60.06733,81.94737],[-59.75259,81.92552],[-59.60558,81.89362],[-59.58486,81.89410],[-58.83849,81.86225],[-58.68138,81.68402],[-56.45254,81.33808],[-58.13776,81.66697],[-58.48595,81.87929],[-59.46788,82.00283],[-56.73639,82.22516],[-56.26146,82.16592],[-55.95889,82.27277],[-55.11253,82.15717],[-55.60285,82.28270],[-54.44074,82.37270],[-53.55703,82.11611],[-53.62287,82.02606],[-53.50999,81.91022],[-53.82152,81.70050],[-53.80785,81.58820],[-53.68297,81.52631],[-53.47203,81.50873],[-53.65021,81.54291],[-52.93016,81.86505],[-52.96426,82.03632],[-51.38622,81.90485],[-49.92149,81.61176],[-49.61384,81.64594],[-51.06627,81.93390],[-49.43569,81.92768],[-50.58128,82.15399],[-51.10724,82.50991],[-49.01134,82.45453],[-44.66283,81.75438],[-44.17292,81.83771],[-44.92638,81.99534],[-44.39879,82.10521],[-44.79385,82.19196],[-44.56285,82.29340],[-42.30211,82.21507],[-43.83543,82.34198],[-43.72720,82.40688],[-45.76927,82.76996],[-42.04824,82.75633],[-42.17178,82.70856],[-41.61473,82.47968],[-41.63145,82.65326],[-41.89806,82.72899],[-41.57754,82.74730],[-39.75597,82.39594],[-39.87767,82.44599],[-39.75914,82.50242],[-40.00951,82.56354],[-39.91209,82.67715],[-40.31720,82.73069],[-45.06297,82.91331],[-44.86498,82.86619],[-45.97443,82.84284],[-46.89273,82.96181],[-45.98159,82.92084],[-46.70091,83.00275],[-45.97069,83.09650],[-45.10509,82.93508],[-43.36351,82.92084],[-45.51842,83.12274],[-45.40656,83.15859],[-42.85020,83.09955],[-44.00096,83.20197],[-42.66584,83.28119],[-41.70567,83.17401],[-41.93154,83.09210],[-41.66954,83.13996],[-40.69029,82.98651],[-39.43761,82.96181],[-38.61510,82.74599],[-38.47740,82.83144],[-39.14964,82.98224],[-37.27208,83.00958],[-38.80089,83.05801],[-36.88101,83.15355],[-38.68342,83.20840],[-38.86168,83.25665],[-38.69713,83.31806],[-38.86847,83.42731],[-37.81305,83.35952],[-38.05968,83.43476],[-37.58543,83.50804],[-36.44977,83.36176],[-36.90147,83.49616],[-34.36290,83.60293],[-33.83047,83.46198],[-33.74278,83.48940],[-34.08543,83.56509],[-30.64712,83.60175],[-25.64964,83.29755],[-32.16173,83.06098],[-33.43980,83.15961],[-32.48045,83.04425],[-35.62043,82.90717],[-35.29824,82.89289],[-35.55150,82.76654],[-35.47101,82.74616],[-34.95103,82.90485],[-34.02428,82.91962],[-33.81566,82.86961],[-33.88463,82.79450],[-33.60265,82.94538],[-31.66559,82.93170],[-30.09691,83.12620],[-28.14281,83.04791],[-25.22142,83.16787],[-24.75365,82.99827],[-25.90355,82.78363],[-23.93309,82.91640],[-23.84040,82.89289],[-24.02529,82.87238],[-23.88133,82.79791],[-24.02529,82.76312],[-23.38418,82.85224],[-21.32311,82.61835],[-22.43732,82.33999],[-23.88670,82.27887],[-29.85228,82.13935],[-30.39484,82.19525],[-31.58210,82.22012],[-29.90514,82.09837],[-32.81330,81.79437],[-32.66714,81.67698],[-32.14793,81.68130],[-31.68016,81.83478],[-27.76195,82.06244],[-24.61986,81.98749],[-24.70620,81.78119],[-26.72301,81.53148],[-26.38719,81.42772],[-23.40392,81.71881],[-23.19542,82.02228],[-21.38841,82.08344],[-21.05699,81.91303],[-21.03303,81.74477],[-21.25682,81.51748],[-23.26675,80.89630],[-23.22643,80.82314],[-23.86473,80.58356],[-23.09325,80.72797],[-22.74754,80.93146],[-20.95128,81.23574],[-19.85118,81.54291],[-20.05064,81.58734],[-19.70816,81.69550],[-18.98387,81.61029],[-19.46056,81.37470],[-18.52375,81.50568],[-17.14684,81.41339],[-17.22020,81.48102],[-16.81265,81.53668],[-17.01988,81.58466],[-16.46129,81.63007],[-16.48521,81.74945],[-15.29002,81.83881],[-12.57005,81.69623],[-11.37682,81.47602],[-13.35460,81.01992],[-14.55272,80.99062],[-14.13219,80.88617],[-15.4204,80.64838],[-17.23989,80.72231],[-18.32225,80.55805],[-19.47166,80.66543],[-20.84544,80.55735],[-20.35265,80.46059],[-19.48802,80.63483],[-18.05508,80.49176],[-16.89623,80.58368],[-15.75519,80.41942],[-16.37531,80.32591],[-16.44733,80.21930],[-19.47435,80.26019],[-20.17121,80.10431],[-19.96646,80.08323],[-20.42308,79.83958],[-20.10138,79.82095],[-19.96694,79.67938],[-19.20775,79.70848],[-19.56590,79.38593],[-19.46605,79.31476],[-19.60358,79.17991],[-19.27668,79.39166],[-19.24087,79.27301],[-18.87877,79.22508],[-19.87852,79.03196],[-19.76569,78.89765],[-19.88133,78.83685],[-20.97081,78.77887],[-20.84203,78.71527],[-21.20775,78.63288],[-20.84821,78.59259],[-21.29503,78.29999],[-21.32233,78.07680],[-21.62999,77.99811],[-21.55744,77.89850],[-21.96727,77.67918],[-21.44676,77.66258],[-21.56236,77.55316],[-21.29271,77.67454],[-21.37389,77.77680],[-20.93740,77.9737],[-19.12682,77.68366],[-18.97915,77.61684],[-19.35798,77.52635],[-20.09215,77.70136],[-20.82152,77.65351],[-20.27733,77.52952],[-20.46800,77.47443],[-20.92625,77.52240],[-19.27456,77.18927],[-19.06265,77.18671],[-19.08250,77.31842],[-18.53612,77.28095],[-18.25877,77.10016],[-18.26594,76.92055],[-18.51122,76.74091],[-20.51341,76.94570],[-21.73005,76.89081],[-20.77733,76.84235],[-21.28571,76.80801],[-21.19493,76.78034],[-21.62364,76.64643],[-22.19615,76.85667],[-22.74421,76.69843],[-22.32286,76.51504],[-22.14500,76.64581],[-21.80516,76.58856],[-22.08629,76.55499],[-21.69994,76.47020],[-22.50401,76.45136],[-21.58543,76.44306],[-21.65208,76.23773],[-21.12051,76.28461],[-20.55821,76.14972],[-20.65514,76.12409],[-20.42101,76.13605],[-21.02440,76.31732],[-19.93773,76.25796],[-19.67056,76.13605],[-20.26939,75.99233],[-21.98387,75.99266],[-19.93496,75.93402],[-19.34532,75.73261],[-19.61229,75.68423],[-19.34190,75.41132],[-19.58861,75.14232],[-20.00255,75.18577],[-19.94798,75.27952],[-20.14024,75.33608],[-20.71369,75.29946],[-21.66905,75.59267],[-22.26309,75.66950],[-21.40794,75.45831],[-22.5065,75.53953],[-21.42918,75.43183],[-20.51720,75.14232],[-21.18199,75.12189],[-21.76073,74.98529],[-21.92686,75.08275],[-22.43639,75.17023],[-22.41026,75.15460],[-21.76911,74.96019],[-20.67662,75.07440],[-20.76423,74.84072],[-20.60973,74.73484],[-21.11994,74.66689],[-19.71837,74.58747],[-19.40282,74.68943],[-19.26960,74.64887],[-19.38630,74.56073],[-18.97476,74.48436],[-19.62653,74.23859],[-20.20067,74.27977],[-20.37291,74.44843],[-21.25503,74.47418],[-21.62889,74.44676],[-22.08177,74.60297],[-21.76878,74.41526],[-22.47101,74.31366],[-22.06908,74.29425],[-22.33950,74.16290],[-22.17601,74.11261],[-22.48794,74.08095],[-21.98867,73.99872],[-21.81265,73.84760],[-21.82713,73.65167],[-21.70274,73.69672],[-21.75812,73.86644],[-21.91502,73.97793],[-21.78465,74.05304],[-20.27757,73.87547],[-20.52049,73.72894],[-20.52057,73.55646],[-20.38247,73.51789],[-20.54328,73.44904],[-21.54320,73.49042],[-21.57241,73.39508],[-22.31407,73.25043],[-23.44994,73.43610],[-24.03282,73.69672],[-22.66222,73.54865],[-22.17503,73.62787],[-22.79946,73.56761],[-24.06004,73.82025],[-24.34056,73.77871],[-24.45685,73.54144],[-24.94151,73.61249],[-24.99860,73.71723],[-25.69066,73.95746],[-25.55089,73.81122],[-24.67959,73.52464],[-25.29222,73.47353],[-25.96540,73.24188],[-27.33238,73.49811],[-27.45905,73.44354],[-26.39696,73.23802],[-27.72590,73.13442],[-27.40355,73.11066],[-27.48306,72.92568],[-27.26012,73.12718],[-26.44448,73.19668],[-25.05256,73.08393],[-24.98428,73.02578],[-25.13561,72.93976],[-26.08263,72.78241],[-26.78278,72.87213],[-27.38756,72.84638],[-26.30699,72.73037],[-26.46898,72.57697],[-26.17764,72.72589],[-25.25621,72.81118],[-24.71678,72.68642],[-24.60130,72.55219],[-25.90973,72.41567],[-25.28893,72.39057],[-25.50731,72.12376],[-25.18097,72.36538],[-24.54637,72.42340],[-23.71068,72.21702],[-23.82054,72.11395],[-22.50340,71.90078],[-23.12319,71.63190],[-22.41576,71.79653],[-22.65485,71.66836],[-22.59553,71.57412],[-22.21442,71.75649],[-21.89452,71.74347],[-22.50743,71.55223],[-22.47671,71.26430],[-22.13239,71.49091],[-21.76463,71.50800],[-21.87401,71.44863],[-21.66795,71.40143],[-21.85619,71.34861],[-21.60651,71.32575],[-21.96336,71.27045],[-21.73851,71.25446],[-21.71279,71.13788],[-21.84666,71.19538],[-21.71572,71.11969],[-22.33336,71.05947],[-21.69684,71.07892],[-21.99010,70.96881],[-21.57241,70.95579],[-21.74429,70.80027],[-21.92861,70.81244],[-21.82282,70.77704],[-21.63915,70.80060],[-21.79210,70.73602],[-21.54572,70.70937],[-21.76415,70.70937],[-21.57921,70.67462],[-21.77114,70.59007],[-21.47679,70.54486],[-21.94005,70.39032],[-22.02285,70.49949],[-22.38117,70.44871],[-22.47915,70.85541],[-22.64859,70.72304],[-22.63255,70.44546],[-23.34544,70.44057],[-24.06627,70.68968],[-24.19562,71.01227],[-24.66942,71.27195],[-24.63801,71.36176],[-25.09605,71.30483],[-25.62173,71.53864],[-26.40147,71.64248],[-26.78514,71.54653],[-27.93138,72.01048],[-28.62026,72.13446],[-28.70596,72.08608],[-28.36042,72.00714],[-28.45693,71.93939],[-27.86180,71.90802],[-28.03408,71.87856],[-27.33137,71.71881],[-28.49364,71.56590],[-25.80504,71.49066],[-25.4169,71.28473],[-26.82835,70.93528],[-27.50617,70.94212],[-27.90746,71.14032],[-27.61815,70.95380],[-28.39761,70.98126],[-27.92088,70.86806],[-28.31029,70.56387],[-29.23412,70.44806],[-28.28136,70.51072],[-28.34878,70.43398],[-28.2329,70.37201],[-26.74331,70.48411],[-26.32127,70.37978],[-27.81871,70.09894],[-28.58991,70.09243],[-27.55333,70.05971],[-27.47362,69.95978],[-26.88361,70.25690],[-26.32616,70.19831],[-25.30528,70.41323],[-25.20352,70.39834],[-25.39582,70.35932],[-25.27293,70.35932],[-25.32494,70.27826],[-25.00088,70.36562],[-23.86335,70.13373],[-22.08096,70.13849],[-22.16144,70.07135],[-23.27867,69.85968],[-22.90949,69.81342],[-22.99885,69.76561],[-23.33434,69.86151],[-23.24380,69.75348],[-23.92979,69.75600],[-23.57970,69.62628],[-23.81419,69.51227],[-24.35488,69.59955],[-24.11473,69.54433],[-24.09422,69.42829],[-24.73501,69.43366],[-24.67552,69.24461],[-25.19098,69.28367],[-25.28091,69.23761],[-24.99177,69.16693],[-25.32754,69.13279],[-25.21141,69.06460],[-25.28595,69.02362],[-25.65648,69.09186],[-25.44981,68.96792],[-26.26235,68.78742],[-26.32555,68.67914],[-26.74380,68.70522],[-27.78111,68.46869],[-27.98033,68.57111],[-28.01048,68.45783],[-28.35651,68.50287],[-28.25348,68.44082],[-28.85187,68.32855],[-29.17210,68.39980],[-29.09699,68.31037],[-29.47378,68.24957],[-29.37755,68.20115],[-29.85265,68.41559],[-30.06944,68.32099],[-29.99339,68.25104],[-30.30296,68.25580],[-30.05597,68.11180],[-30.81688,68.25580],[-30.41966,68.07086],[-31.01724,68.04108],[-31.40367,68.16274],[-31.58116,68.07648],[-31.74852,68.21426],[-31.54552,68.24632],[-31.99128,68.25999],[-32.12535,68.47492],[-32.31480,68.44350],[-32.37059,68.57908],[-32.48717,68.62392],[-32.39972,68.54376],[-32.57095,68.50967],[-32.50121,68.42902],[-32.07070,68.19432],[-32.43984,68.24152],[-32.45425,68.20799],[-32.05150,68.15550],[-31.99559,68.05036],[-32.14639,68.05036],[-32.03652,67.92682],[-33.20226,67.69403],[-33.05699,67.63263],[-33.36571,67.55141],[-33.27367,67.40078],[-33.59821,67.37197],[-33.36546,67.24774],[-33.66808,67.22321],[-33.51626,67.20062],[-33.53742,67.07770],[-33.97565,66.99457],[-33.85887,66.95355],[-33.99913,66.95449],[-34.01512,66.82685],[-33.93464,66.76862],[-34.08543,66.80955],[-34.27037,66.57685],[-34.41747,66.74994],[-34.53050,66.63825],[-34.40758,66.54271],[-34.71544,66.34406],[-34.97325,66.28953],[-35.11424,66.42145],[-35.23680,66.32363],[-35.03819,66.26215],[-35.21637,66.24103],[-35.83263,66.44350],[-35.67821,66.33120],[-35.74331,66.26837],[-35.55150,66.24848],[-35.70230,66.20693],[-35.62462,66.20941],[-35.58629,66.11131],[-35.74502,66.19920],[-35.71060,66.12303],[-35.88581,66.14179],[-35.94249,66.10390],[-35.71662,66.09023],[-36.32616,65.91209],[-36.35851,66.09137],[-36.55361,66.08380],[-36.52163,65.99091],[-37.01378,65.83958],[-37.07970,66.06289],[-37.12291,65.90493],[-37.23729,65.90521],[-37.11436,65.81688],[-37.27208,65.83014],[-37.18456,65.77407],[-37.67853,65.94570],[-37.81480,65.88304],[-37.85423,65.89158],[-37.73078,65.98094],[-37.79792,66.04873],[-37.16966,66.32363],[-37.85236,66.44472],[-38.14049,66.36920],[-37.68980,66.26837],[-37.99828,66.24103],[-37.85423,66.19944],[-38.10667,66.11448],[-37.95962,66.07587],[-37.99893,65.93842],[-38.48485,66.01508],[-38.10610,65.81073],[-38.22057,65.64643],[-38.75230,65.69330],[-38.60033,65.57786],[-39.07453,65.55516],[-39.34142,65.74823],[-39.19741,65.59332],[-39.42341,65.54149],[-39.66836,65.68476],[-39.80699,65.50800],[-40.21849,65.50800],[-39.78872,65.41217],[-39.95099,65.36058],[-39.75914,65.24730],[-40.12287,65.16620],[-39.93732,65.09650],[-40.28136,65.00116],[-40.60277,65.14520],[-40.70718,65.02960],[-41.07762,65.06769],[-40.98912,64.96507],[-41.14639,64.95351],[-40.60448,64.68349],[-40.63512,64.46710],[-40.35830,64.35903],[-41.56749,64.26618],[-40.98403,64.08030],[-40.91795,64.16486],[-40.56094,64.10687],[-40.60204,63.97923],[-40.84166,63.95258],[-40.62169,63.92462],[-40.52643,63.69635],[-41.48810,63.86025],[-41.62682,63.77781],[-40.87950,63.65770],[-40.75007,63.51691],[-41.14391,63.52741],[-41.07363,63.44749],[-41.28726,63.56492],[-41.17430,63.45233],[-40.99933,63.41132],[-41.12950,63.38914],[-41.41393,63.56590],[-41.24010,63.40387],[-41.48961,63.53082],[-41.58275,63.49323],[-41.35936,63.42544],[-41.11595,63.30829],[-41.40387,63.42157],[-41.53099,63.43195],[-41.71593,63.55296],[-41.90086,63.46991],[-41.43272,63.12531],[-42.02090,63.25307],[-41.53433,63.03335],[-41.97484,63.07428],[-42.14395,63.20587],[-42.20592,63.10968],[-41.62409,62.99506],[-41.75011,62.84394],[-42.01036,62.87689],[-42.31944,62.81696],[-42.30540,62.94550],[-42.59715,62.87152],[-42.41576,62.82880],[-42.57966,62.82587],[-42.48713,62.69818],[-43.15123,62.75958],[-42.38369,62.57151],[-42.34699,62.47406],[-42.55768,62.48334],[-42.16437,62.39032],[-42.97402,62.52484],[-42.26113,62.31460],[-42.31216,62.10321],[-42.54849,61.95148],[-42.11717,62.00674],[-42.41576,61.9206],[-42.19225,61.86957],[-42.34312,61.75971],[-42.76813,61.82172],[-42.87002,61.76992],[-42.25373,61.71124],[-42.43553,61.56102],[-43.08291,61.59520],[-42.52745,61.53375],[-42.51105,61.43642],[-42.42564,61.44432],[-42.41812,61.40277],[-42.63048,61.29352],[-43.24811,61.34129],[-42.65835,61.25942],[-42.57583,61.19733],[-42.76085,61.18366],[-42.91014,61.21613],[-42.95767,61.20433],[-43.17918,61.21845],[-43.17918,61.21100],[-42.63048,61.10114],[-43.61115,61.12909],[-42.70616,61.06012],[-42.8072,61.01093],[-42.72667,60.93040],[-43.02745,60.88157],[-43.48184,60.94155],[-42.80113,60.80483],[-43.52798,60.84101],[-42.77163,60.73493],[-43.24132,60.65623],[-42.74718,60.69017],[-43.14439,60.60830],[-42.82909,60.58039],[-43.14439,60.54682],[-43.04454,60.50788],[-43.30109,60.55752],[-43.14439,60.47797],[-43.22744,60.47089],[-43.54430,60.54474],[-43.68919,60.7237],[-43.62075,60.55988],[-44.19273,60.64305],[-43.80475,60.44281],[-43.72533,60.52545],[-43.31944,60.44721],[-43.59113,60.30646],[-43.36628,60.39118],[-43.17528,60.40009],[-43.35728,60.37555],[-43.09919,60.24372],[-43.32998,60.21723],[-43.08812,60.09935],[-44.16588,60.17316],[-43.99474,60.30662],[-44.10081,60.38739],[-44.09825,60.28302],[-44.27464,60.33393],[-44.26162,60.19061],[-44.45775,60.14557],[-44.59019,59.98908],[-44.66567,60.10736],[-44.80191,60.01658],[-44.84447,60.14960],[-44.92638,60.10431],[-44.84447,60.01927],[-45.17284,60.08755],[-44.75511,60.20425],[-44.83706,60.21743],[-44.52916,60.45062],[-44.46642,60.56732],[-45.17381,60.13361],[-44.62539,60.73753],[-45.21422,60.43895],[-45.06297,60.66290],[-45.49559,60.49225],[-45.12193,60.72500],[-45.35094,60.72500],[-45.58373,60.47113],[-45.67442,60.53046],[-45.59593,60.58836],[-45.73143,60.58783],[-45.62466,60.64923],[-45.88109,60.51837],[-45.98159,60.58039],[-45.57750,60.70392],[-45.85802,60.69769],[-45.25503,60.90790],[-45.39541,61.01064],[-45.71336,60.76996],[-45.87486,60.75604],[-45.75625,60.82737],[-45.87018,60.84739],[-46.20506,60.74664],[-45.51024,60.98224],[-45.20323,61.19330],[-45.36461,61.09430],[-45.51284,61.24762],[-45.48399,61.10879],[-45.61847,61.01984],[-45.78978,60.95770],[-46.03282,60.91388],[-46.07030,60.93724],[-45.61876,61.14496],[-45.87230,61.22272],[-45.71401,61.32831],[-46.11192,61.25259],[-45.83641,61.15204],[-46.29686,61.07379],[-46.15758,60.99848],[-46.41295,61.08808],[-46.65314,60.98566],[-46.57803,60.90998],[-46.88654,60.93724],[-46.71031,60.88670],[-46.86229,60.80011],[-46.97813,60.82013],[-46.84557,60.88202],[-47.04356,60.84101],[-46.91388,60.93040],[-47.02985,60.97475],[-47.24901,60.89569],[-47.30040,60.96108],[-47.85912,60.86835],[-47.32469,60.86155],[-47.43834,60.82737],[-48.23277,60.82054],[-47.68846,61.00556],[-48.40221,60.98651],[-47.83845,61.04230],[-47.93488,61.08808],[-47.77037,61.19110],[-48.08568,61.08808],[-48.05158,61.18366],[-48.21637,61.18622],[-47.91372,61.32831],[-48.40721,61.13397],[-48.29898,61.22724],[-48.64061,61.23895],[-48.39915,61.30109],[-48.51085,61.30097],[-48.48607,61.34813],[-48.35289,61.34536],[-48.34007,61.3758],[-49.06578,61.40277],[-48.22972,61.54682],[-48.47614,61.53375],[-48.34581,61.60883],[-48.98965,61.45795],[-49.29857,61.56102],[-48.59219,61.63613],[-49.05833,61.62250],[-48.87401,61.79315],[-49.14830,61.72553],[-48.78416,61.99225],[-49.1669,61.85663],[-49.22008,61.72406],[-49.35317,61.76654],[-49.17564,61.90302],[-49.42821,61.82111],[-49.32648,61.93036],[-49.40843,61.93781],[-48.83922,62.08124],[-49.07945,62.08124],[-49.03111,62.21210],[-49.16909,62.02130],[-49.63849,61.98920],[-49.46300,62.08860],[-49.69579,62.11660],[-49.33263,62.08124],[-49.42821,62.11660],[-49.29173,62.17804],[-49.68272,62.15753],[-49.29173,62.26679],[-49.88756,62.24567],[-49.78840,62.29791],[-50.31956,62.50576],[-49.87328,62.89679],[-50.27179,62.70563],[-50.24380,62.85236],[-49.70262,63.06126],[-50.18236,62.95880],[-50.27440,62.85114],[-50.38971,62.79222],[-50.14826,63.02025],[-50.46898,62.95115],[-50.61375,62.97931],[-50.49087,63.01410],[-50.60753,63.09601],[-50.05943,63.22964],[-50.59300,63.23029],[-50.78189,63.20233],[-50.91234,63.14321],[-50.77822,63.25307],[-51.0006,63.16474],[-50.95563,63.25067],[-51.10106,63.32855],[-50.27855,63.40387],[-51.22329,63.44489],[-50.74413,63.55475],[-51.09312,63.53139],[-51.05630,63.65086],[-50.90550,63.60993],[-50.57339,63.64411],[-50.56517,63.61017],[-50.50450,63.67137],[-51.07616,63.66429],[-51.18517,63.62885],[-51.13023,63.51288],[-51.42251,63.54100],[-51.30646,63.63043],[-51.53921,63.69184],[-51.34740,63.72602],[-51.52867,63.76414],[-51.21027,63.81537],[-50.92292,63.9383],[-51.45840,63.81757],[-51.36107,63.97304],[-51.65648,64.01406],[-50.21003,64.20579],[-50.07249,64.09658],[-50.04523,64.19896],[-50.16258,64.24494],[-50.55235,64.17853],[-50.36384,64.35907],[-51.43993,64.08226],[-51.64903,64.13007],[-51.35484,64.14435],[-51.76512,64.18537],[-50.95327,64.21942],[-50.84715,64.26044],[-51.04576,64.28148],[-50.88809,64.41128],[-50.34121,64.39028],[-50.17638,64.44818],[-50.91539,64.60301],[-50.48033,64.71287],[-50.14907,64.48672],[-49.58592,64.34296],[-50.06289,64.52973],[-50.12035,64.63784],[-49.99722,64.70115],[-50.21715,64.72589],[-49.99742,64.86371],[-50.55968,64.77480],[-50.69513,65.00519],[-50.84093,65.13129],[-50.68952,65.20636],[-50.97695,65.21967],[-50.64216,64.75922],[-51.14509,64.61664],[-51.03893,64.78119],[-51.25255,64.76019],[-51.66270,64.30882],[-52.16147,64.25634],[-52.19455,64.47223],[-52.02159,64.59674],[-52.14136,64.57825],[-52.04507,64.62531],[-52.13243,64.71283],[-51.24498,65.02143],[-51.70368,64.89105],[-51.55284,64.99408],[-51.69269,65.02594],[-51.84089,64.91217],[-51.75768,64.86371],[-52.10533,64.79857],[-51.94391,64.87738],[-52.05728,64.92373],[-52.18350,64.80231],[-52.21768,64.91185],[-52.01219,64.98041],[-52.27285,65.10394],[-52.10155,65.12376],[-52.20396,65.17841],[-52.00475,65.31623],[-52.27599,65.20014],[-52.19505,65.32404],[-52.32750,65.34349],[-52.53465,65.19228],[-52.44420,65.27521],[-52.56704,65.32245],[-51.71678,65.58999],[-51.90294,65.62409],[-51.6881,65.70477],[-51.02635,65.76703],[-50.74054,65.68292],[-50.55235,65.71344],[-50.94302,65.78237],[-51.44102,65.77252],[-51.99168,65.67251],[-51.93122,65.55638],[-52.49132,65.39191],[-52.44420,65.51789],[-52.61424,65.48981],[-52.47085,65.67251],[-52.69741,65.50116],[-52.80085,65.55194],[-52.54653,65.67934],[-52.77253,65.63837],[-52.64220,65.71344],[-52.69343,65.80727],[-52.82404,65.67251],[-53.23924,65.68618],[-52.87783,65.80878],[-53.11070,65.74738],[-53.26256,65.75165],[-52.694,65.93939],[-52.29918,65.83714],[-51.97740,66.00360],[-51.73985,65.93060],[-51.86131,66.02191],[-51.73102,66.07591],[-52.21068,65.98981],[-52.30329,65.90521],[-52.57640,66.00804],[-53.18102,65.85980],[-53.26598,65.91958],[-52.87490,66.02191],[-53.47203,65.98094],[-53.10765,66.02191],[-53.46458,66.03559],[-51.97793,66.48810],[-51.87466,66.64203],[-51.28335,66.84491],[-50.36400,66.82929],[-51.01162,66.90574],[-49.99742,66.98151],[-50.63426,67.01504],[-50.31932,67.07855],[-51.17467,66.92788],[-53.45091,66.10390],[-53.66319,66.13861],[-53.12193,66.28945],[-53.62596,66.25161],[-53.69530,66.35883],[-53.49868,66.47443],[-53.64317,66.41787],[-53.62295,66.50897],[-52.41624,66.55011],[-53.45775,66.63825],[-52.58071,66.70722],[-52.58755,66.74192],[-52.98477,66.70722],[-53.20449,66.74811],[-52.64903,66.80097],[-53.10765,66.77236],[-53.00206,66.85512],[-52.29527,66.81500],[-52.23192,66.84495],[-52.46401,66.87848],[-52.29271,66.89960],[-52.45034,66.98151],[-53.64704,66.91156],[-53.82835,66.98432],[-53.21751,66.99457],[-53.82941,67.06387],[-53.58873,67.07025],[-53.39781,67.11245],[-53.96491,67.07770],[-53.38268,67.20685],[-53.52147,67.24136],[-52.49819,67.31049],[-52.19066,67.37189],[-51.55284,67.331],[-51.17613,67.12490],[-50.34683,67.18695],[-51.18228,67.14541],[-51.52184,67.35049],[-51.11465,67.4265],[-53.18846,67.34316],[-53.87669,67.23476],[-53.70421,67.46133],[-52.53294,67.74188],[-52.78962,67.75014],[-52.40908,67.76923],[-51.86412,67.63589],[-51.34801,67.67951],[-50.69310,67.49408],[-50.19664,67.46747],[-50.07249,67.51593],[-50.87442,67.60468],[-49.93594,67.70026],[-51.01162,67.62519],[-50.90176,67.65936],[-51.32013,67.71454],[-51.00377,67.72077],[-50.26496,67.84491],[-50.78429,67.91128],[-50.88752,67.85854],[-50.64854,67.85114],[-51.16869,67.76235],[-51.36790,67.88589],[-50.97594,67.88686],[-51.03893,67.98151],[-51.57335,67.93427],[-51.32555,67.82436],[-51.70368,67.70026],[-51.84829,67.73505],[-51.62995,67.77659],[-52.34215,67.82172],[-51.60659,67.97699],[-52.82404,67.79645],[-53.72972,67.53807],[-53.54141,67.71967],[-53.68765,67.81183],[-53.27798,67.80581],[-53.48570,67.87909],[-53.37926,67.89956],[-53.31436,67.84198],[-53.18399,67.83808],[-53.28648,67.85854],[-53.0537,67.88589],[-53.31436,67.91376],[-52.88923,67.98151],[-53.25914,67.98895],[-53.17658,68.04608],[-52.58922,67.94310],[-52.20710,67.92682],[-52.05931,67.97528],[-53.45775,68.15277],[-53.30797,68.18651],[-51.21711,68.07086],[-50.56655,67.90631],[-50.14826,67.94794],[-51.43683,68.20115],[-50.95588,68.18927],[-51.38158,68.25580],[-51.15562,68.29482],[-51.16698,68.41421],[-50.77204,68.49542],[-50.84801,68.50714],[-51.64903,68.41347],[-51.22329,68.29678],[-52.44513,68.18146],[-52.51244,68.29059],[-52.93761,68.26264],[-52.58755,68.35138],[-53.33950,68.27187],[-53.38947,68.33152],[-53.08849,68.31785],[-52.38898,68.50967],[-52.61644,68.52594],[-51.14883,68.56391],[-51.03571,68.58417],[-51.07372,68.70140],[-50.86205,68.61981],[-50.80553,68.68097],[-50.99111,68.73558],[-50.65469,68.83120],[-51.29214,68.74860],[-50.96385,68.93423],[-51.18976,68.88581],[-51.07990,69.13279],[-50.74942,69.12091],[-50.99111,69.03725],[-50.63426,69.07200],[-50.37816,68.90839],[-50.49303,69.00617],[-50.29894,69.06500],[-50.22166,68.95990],[-50.22337,69.07200],[-50.68952,69.12665],[-50.13976,69.17975],[-50.47036,69.20856],[-50.36668,69.33893],[-50.59333,69.21539],[-51.11510,69.21222],[-50.86766,69.28367],[-50.98753,69.32982],[-50.83348,69.34512],[-50.86766,69.46181],[-50.20287,69.52326],[-50.88060,69.50788],[-50.77525,69.65029],[-50.40831,69.60578],[-50.79613,69.71987],[-50.18919,69.76341],[-50.59333,69.92792],[-50.23729,70.03839],[-51.25967,69.96303],[-50.86082,70.02411],[-52.32066,70.05145],[-52.60997,70.21710],[-54.01870,70.41323],[-54.63023,70.65412],[-54.15538,70.82880],[-52.79063,70.75678],[-51.54942,70.43158],[-50.53185,70.35932],[-50.68268,70.40086],[-50.53001,70.53656],[-50.99278,70.42495],[-51.34740,70.57160],[-50.88585,70.51081],[-50.73729,70.54486],[-50.96971,70.63898],[-50.65269,70.65033],[-51.44513,70.73192],[-51.25072,70.81387],[-50.81859,70.72093],[-50.63158,70.73908],[-50.91470,70.81610],[-50.84715,70.87323],[-51.95689,71.02411],[-51.20787,70.96222],[-50.91539,71.02411],[-51.48477,71.07038],[-51.22329,71.14761],[-52.24274,71.12677],[-51.52867,71.27423],[-51.64224,71.36733],[-52.55772,71.17861],[-52.25890,71.27265],[-52.25768,71.36554],[-51.36095,71.49372],[-52.99225,71.42133],[-51.78160,71.60272],[-51.66270,71.72980],[-52.16641,71.61310],[-53.26598,71.70990],[-52.89566,71.83563],[-52.68317,72.01093],[-53.36432,71.77777],[-53.39972,72.04197],[-53.69831,72.12592],[-53.85163,72.33063],[-53.55394,72.36041],[-53.87022,72.35663],[-53.95864,72.32632],[-53.83511,72.16242],[-53.39891,71.84589],[-53.91771,71.73725],[-53.76585,71.64032],[-54.10204,71.70990],[-53.84878,71.54547],[-53.91258,71.45050],[-54.62515,71.35130],[-55.51447,71.44916],[-55.67617,71.63011],[-55.56932,71.64105],[-55.90453,71.68203],[-54.85334,71.91299],[-54.55524,72.03375],[-54.38320,72.22321],[-54.64159,72.0185],[-55.26781,71.92731],[-55.60969,71.99046],[-54.88345,72.25116],[-54.95177,72.36041],[-54.68488,72.36717],[-55.65127,72.45038],[-54.29385,72.48395],[-55.01056,72.52171],[-54.63613,72.62226],[-54.88345,72.67572],[-54.52660,72.77875],[-54.92442,72.78559],[-54.60293,72.83397],[-54.78107,72.99848],[-55.69538,73.06952],[-55.14159,73.19037],[-55.45946,73.26536],[-55.08971,73.36790],[-56.06773,73.65302],[-55.84308,73.68309],[-56.04108,73.69057],[-55.96251,73.76561],[-55.73420,73.70718],[-55.61266,73.72113],[-55.94546,73.86123],[-55.64476,73.87547],[-56.12425,74.01211],[-55.97053,74.02708],[-56.41161,74.06732],[-56.19872,74.12128],[-56.31602,74.12128],[-56.12425,74.27960],[-57.31411,74.10268],[-56.30174,74.30630],[-56.71324,74.34784],[-56.13044,74.38886],[-56.79523,74.45087],[-56.14476,74.49188],[-57.15831,74.73826],[-56.79523,74.81395],[-57.05785,74.92194],[-58.14159,75.05182],[-57.92271,75.16339],[-58.43936,75.31427],[-58.24762,75.40302],[-58.70010,75.34845],[-58.20665,75.44403],[-58.18993,75.53436],[-58.42613,75.56610],[-58.31029,75.64325],[-58.59435,75.67975],[-58.40591,75.71894],[-59.04161,75.70136],[-59.28286,75.76609],[-59.13951,75.84186],[-59.27220,75.88011],[-59.77293,75.80141],[-59.59142,75.91693],[-60.50084,76.06736],[-60.74547,76.00104],[-60.92406,76.16567],[-62.26675,76.28994],[-62.79165,76.19814],[-62.84919,76.30353],[-63.36729,76.37689],[-64.03111,76.13605],[-64.19082,76.21137],[-64.16905,76.32225],[-64.42906,76.34902],[-64.38121,76.26032],[-64.68976,76.25336],[-64.59414,76.13605],[-65.34264,76.17584],[-65.35448,76.02680],[-65.88890,76.10252],[-65.55248,76.23908],[-65.74014,76.27851],[-66.20726,76.27781],[-66.41372,76.08612],[-66.92715,76.26650],[-67.30776,76.16400],[-66.48843,75.90985],[-68.43252,76.07941],[-69.63727,76.38312],[-68.86717,76.57021],[-68.03111,76.58405],[-68.09544,76.65741],[-67.98558,76.68414],[-70.10338,76.80145],[-69.54165,77.00629],[-70.52110,76.78717],[-70.98721,76.89704],[-70.67878,76.93862],[-71.38442,77.02399],[-70.69929,77.15086],[-70.90331,77.19135],[-69.73346,77.239],[-66.36192,77.11615],[-66.45128,77.14411],[-66.17007,77.19867],[-69.10285,77.2744],[-67.43594,77.38357],[-66.22614,77.25250],[-66.66348,77.41779],[-66.05337,77.49347],[-66.66348,77.71942],[-68.35643,77.49994],[-68.72984,77.66913],[-68.81480,77.65802],[-68.61091,77.51772],[-69.22256,77.45290],[-70.28775,77.57538],[-69.51817,77.68744],[-69.50747,77.76044],[-70.67564,77.68016],[-69.97301,77.83612],[-71.31281,77.76984],[-71.43956,77.79999],[-71.21320,77.87030],[-72.24168,77.93854],[-72.29694,78.05585],[-73.05724,78.15827],[-72.46076,78.28864],[-72.81240,78.33885],[-71.55455,78.64345],[-70.80199,78.59878],[-70.74583,78.69538],[-69.90855,78.80394],[-68.78075,78.83665],[-69.17174,78.92544],[-67.50584,79.13833],[-65.81883,79.12909],[-65.90941,79.15131],[-64.83141,79.52716]]],[[[-55.60423,71.93292],[-55.41104,71.89423],[-55.56086,71.82143],[-55.78303,71.87616],[-55.60423,71.93292]]],[[[-55.46865,72.15070],[-55.68293,72.19000],[-55.43464,72.26797],[-55.62393,72.30263],[-55.01317,72.38153],[-55.46865,72.15070]]],[[[-55.84927,72.61424],[-55.10944,72.80609],[-55.19884,72.84699],[-54.96544,72.81232],[-55.36705,72.58991],[-55.84927,72.61424]]],[[[-55.72622,72.70282],[-56.22598,72.70990],[-55.64024,72.77594],[-55.72622,72.70282]]],[[[-55.35582,72.99848],[-55.69225,72.99848],[-55.52090,73.05247],[-55.06847,72.95685],[-55.35582,72.99848]]],[[[-55.96776,73.57819],[-55.47252,73.42987],[-55.75373,73.39508],[-55.66429,73.48444],[-56.11681,73.55955],[-55.96776,73.57819]]],[[[-51.18976,81.99534],[-52.10521,81.99542],[-53.34911,82.20140],[-53.0537,82.33112],[-51.18976,81.99534]]],[[[-46.32420,82.67853],[-44.42210,82.38467],[-45.07042,82.22256],[-44.73460,82.09837],[-46.87596,82.36001],[-47.74986,82.62531],[-46.32420,82.67853]]],[[[-48.41275,82.85276],[-47.44204,82.81098],[-48.33092,82.79189],[-48.41275,82.85276]]],[[[-27.15294,-59.47079],[-27.23131,-59.43824],[-27.13683,-59.43718],[-27.15294,-59.47079]]],[[[-27.37706,-59.42351],[-27.30134,-59.47193],[-27.40721,-59.43173],[-27.37706,-59.42351]]],[[[-26.49937,-59.03313],[-26.59557,-59.06731],[-26.65705,-59.02369],[-26.59504,-59.00188],[-26.49937,-59.03313]]],[[[-26.43028,-58.45240],[-26.27684,-58.38689],[-26.24620,-58.49871],[-26.43028,-58.45240]]],[[[-26.51305,-57.77255],[-26.45873,-57.73845],[-26.37193,-57.79705],[-26.45238,-57.81178],[-26.51305,-57.77255]]],[[[-26.73281,-57.05934],[-26.66812,-57.06243],[-26.65025,-57.07976],[-26.73281,-57.05934]]],[[[-27.20759,-56.71314],[-27.20457,-56.69019],[-27.09243,-56.70647],[-27.20759,-56.71314]]],[[[-27.59333,-56.27727],[-27.569,-56.32057],[-27.60977,-56.29216],[-27.59333,-56.27727]]],[[[-37.07457,-54.51336],[-37.06826,-54.46428],[-37.01817,-54.50335],[-37.07457,-54.51336]]],[[[-36.04198,-54.46396],[-36.06981,-54.56666],[-35.88731,-54.55120],[-35.93578,-54.68906],[-35.78429,-54.76474],[-36.10643,-54.76474],[-35.92202,-54.85222],[-36.11595,-54.88453],[-36.49901,-54.51051],[-37.41368,-54.25530],[-37.23729,-54.14771],[-37.68980,-54.17441],[-37.61465,-54.03785],[-38.03237,-54.00994],[-37.38194,-53.98259],[-37.46385,-54.03045],[-36.6551,-54.10613],[-36.71715,-54.17441],[-36.49111,-54.18499],[-36.67564,-54.27743],[-36.49185,-54.23463],[-36.49746,-54.34579],[-36.35407,-54.35930],[-36.32921,-54.25725],[-36.04198,-54.46396]]],[[[-29.31688,-20.56878],[-29.33824,-20.58416],[-29.34430,-20.55095],[-29.31688,-20.56878]]],[[[-38.90623,-13.38884],[-38.94948,-13.65802],[-39.03258,-13.39251],[-38.90623,-13.38884]]],[[[-38.69713,-12.88054],[-38.64077,-12.89275],[-38.58747,-12.98691],[-38.78652,-13.13388],[-38.69713,-12.88054]]],[[[-34.83801,-7.81079],[-34.88050,-7.75362],[-34.83605,-7.69693],[-34.83801,-7.81079]]],[[[-32.43692,-3.84986],[-32.38658,-3.84124],[-32.46279,-3.87835],[-32.43692,-3.84986]]],[[[-29.42121,0.84471],[-29.40803,0.88483],[-29.36937,0.83356],[-29.42121,0.84471]]],[[[-16.24868,11.29442],[-16.17296,11.22077],[-16.28282,11.23065],[-16.24868,11.29442]]],[[[-16.16551,11.51557],[-16.21397,11.44041],[-16.30211,11.45351],[-16.16551,11.51557]]],[[[-16.24258,11.57782],[-16.27554,11.49551],[-16.42625,11.52924],[-16.24258,11.57782]]],[[[-24.69310,14.89069],[-24.71056,14.80394],[-24.74942,14.88548],[-24.69310,14.89069]]],[[[-24.34325,15.04071],[-24.29283,14.87287],[-24.41502,14.82086],[-24.52061,14.94525],[-24.34325,15.04071]]],[[[-23.77208,15.03799],[-23.75157,15.33275],[-23.44310,15.01068],[-23.53185,14.90863],[-23.77208,15.03799]]],[[[-23.25133,15.25641],[-23.17625,15.33275],[-23.11192,15.17194],[-23.19595,15.12205],[-23.25133,15.25641]]],[[[-22.71385,16.20575],[-22.67979,16.06321],[-22.88365,15.98871],[-22.91559,16.24396],[-22.71385,16.20575]]],[[[-24.32469,16.48265],[-24.42259,16.66229],[-24.03282,16.59682],[-24.32469,16.48265]]],[[[-22.88133,16.69269],[-22.92918,16.59341],[-22.99079,16.81566],[-22.92243,16.86029],[-22.88133,16.69269]]],[[[-24.74022,16.73426],[-24.7735,16.80225],[-24.68525,16.74294],[-24.74022,16.73426]]],[[[-24.93773,16.923],[-24.87507,16.82615],[-25.08975,16.84748],[-24.93773,16.923]]],[[[-25.32754,17.02822],[-25.10261,17.19660],[-24.97126,17.10732],[-25.18785,16.92816],[-25.32754,17.02822]]],[[[-16.47154,19.69965],[-16.49689,19.70551],[-16.46959,19.72996],[-16.47154,19.69965]]],[[[-16.43248,19.60126],[-16.41820,19.80560],[-16.34593,19.86835],[-16.43248,19.60126]]],[[[-16.46727,20.57623],[-16.45067,20.61253],[-16.44811,20.57453],[-16.46727,20.57623]]],[[[-17.99413,27.64223],[-18.16722,27.75755],[-17.91405,27.84955],[-17.99413,27.64223]]],[[[-17.30967,28.20711],[-17.10427,28.12303],[-17.18497,28.03161],[-17.31007,28.05347],[-17.30967,28.20711]]],[[[-16.71324,28.03827],[-16.91605,28.35497],[-16.11774,28.57208],[-16.54576,28.02399],[-16.71324,28.03827]]],[[[-18.00218,28.74957],[-17.91114,28.85561],[-17.72188,28.74902],[-17.82168,28.47581],[-18.00218,28.74957]]],[[[-16.48705,32.49168],[-16.53677,32.55801],[-16.50666,32.54417],[-16.48705,32.49168]]],[[[-17.20026,32.86847],[-16.91974,32.84121],[-16.67267,32.75861],[-16.97679,32.64720],[-17.21446,32.75063],[-17.20026,32.86847]]],[[[-16.34129,33.10594],[-16.27538,33.06024],[-16.39834,33.03978],[-16.34129,33.10594]]],[[[-25.16909,36.94599],[-25.06680,37.02147],[-25.01219,36.94920],[-25.16909,36.94599]]],[[[-25.84146,37.90599],[-25.13516,37.82233],[-25.19473,37.74070],[-25.55907,37.72907],[-25.84146,37.90599]]],[[[-28.54889,38.52855],[-28.04059,38.40908],[-28.24185,38.37759],[-28.54889,38.52855]]],[[[-28.62340,38.52236],[-28.84239,38.59943],[-28.60973,38.59739],[-28.62340,38.52236]]],[[[-28.31554,38.75507],[-27.76061,38.54901],[-28.17788,38.64508],[-28.31554,38.75507]]],[[[-27.08910,38.63100],[-27.39171,38.75885],[-27.02013,38.69367],[-27.08910,38.63100]]],[[[-28.03433,39.10504],[-27.98346,39.01512],[-28.07298,39.05296],[-28.03433,39.10504]]],[[[-31.20051,39.52220],[-31.13902,39.40029],[-31.28091,39.44310],[-31.20051,39.52220]]],[[[-31.15269,39.70107],[-31.11729,39.72833],[-31.13158,39.65884],[-31.15269,39.70107]]],[[[-41.30842,63.07550],[-41.52749,63.08173],[-41.37364,63.11115],[-41.30842,63.07550]]],[[[-41.18492,63.12335],[-41.46275,63.17487],[-41.43517,63.21019],[-41.18492,63.12335]]],[[[-41.86327,63.47280],[-41.68138,63.49681],[-41.09898,63.22223],[-41.43871,63.24103],[-41.86327,63.47280]]],[[[-20.30260,63.44595],[-20.25255,63.42951],[-20.28677,63.40648],[-20.30260,63.44595]]],[[[-40.83812,63.63434],[-40.66348,63.64411],[-40.79971,63.60980],[-40.83812,63.63434]]],[[[-17.82331,63.69139],[-17.75129,63.71784],[-17.74315,63.70319],[-17.82331,63.69139]]],[[[-41.01781,64.20160],[-40.82713,64.31378],[-40.62254,64.22687],[-41.01781,64.20160]]],[[[-40.86953,64.90473],[-40.49962,64.82957],[-40.43919,64.74087],[-40.54816,64.70962],[-40.37612,64.61664],[-40.47911,64.58258],[-40.14342,64.48700],[-40.49278,64.49408],[-40.60204,64.71971],[-40.86953,64.90473]]],[[[-13.52017,65.17218],[-13.50959,65.06915],[-14.23338,65.03506],[-13.69831,64.92519],[-14.05459,64.93260],[-13.76691,64.85382],[-14.04845,64.71971],[-14.30638,64.70416],[-14.42056,64.78961],[-14.51390,64.80231],[-14.27432,64.65143],[-14.49347,64.65827],[-14.40925,64.61025],[-14.58438,64.59031],[-14.34618,64.60561],[-14.92943,64.26483],[-15.22647,64.26789],[-15.20661,64.30141],[-15.32315,64.3039],[-15.36644,64.36933],[-15.40843,64.38764],[-15.4735,64.39765],[-15.39781,64.27411],[-16.79621,63.80170],[-16.96690,63.78750],[-16.94029,63.89777],[-16.96898,63.92031],[-17.00621,63.79783],[-17.71475,63.78123],[-17.96735,63.6765],[-17.79674,63.67137],[-17.96495,63.52252],[-18.31680,63.54852],[-18.18366,63.46385],[-18.73204,63.39671],[-20.18569,63.54442],[-20.55068,63.71234],[-20.31114,63.73285],[-20.41112,63.83624],[-20.57750,63.71417],[-20.77041,63.7744],[-20.60594,63.76756],[-20.68561,63.86343],[-20.81822,63.78123],[-21.18879,63.89109],[-21.04478,63.94574],[-22.69123,63.81220],[-22.70213,64.08592],[-22.51846,63.97943],[-22.04067,64.05109],[-21.91502,64.12392],[-22.04531,64.15802],[-21.79967,64.13727],[-21.70274,64.19155],[-21.92861,64.23379],[-21.75450,64.34520],[-21.44200,64.36408],[-21.63117,64.40265],[-22.09996,64.31500],[-21.85973,64.39077],[-22.04531,64.40509],[-21.97508,64.50373],[-21.49665,64.56952],[-21.68224,64.61664],[-21.51089,64.65143],[-22.03880,64.56659],[-22.16478,64.45966],[-22.44253,64.66571],[-22.36510,64.64264],[-22.18871,64.74022],[-22.40208,64.67633],[-22.31965,64.75385],[-22.40843,64.82274],[-23.83356,64.72589],[-24.06004,64.89105],[-23.16856,65.02008],[-23.10728,64.91836],[-22.71751,65.07599],[-22.75108,65.02757],[-22.57974,64.98041],[-21.82624,65.03506],[-21.73412,65.19379],[-22.55768,65.16893],[-21.69530,65.45335],[-22.11424,65.52851],[-22.25381,65.43366],[-22.38719,65.49168],[-22.16478,65.54149],[-22.10680,65.59674],[-22.47862,65.50800],[-22.54588,65.63401],[-22.65615,65.52806],[-22.75938,65.62982],[-22.73151,65.50177],[-22.95344,65.61041],[-23.89753,65.40460],[-24.53990,65.50800],[-24.30337,65.63837],[-23.89281,65.52216],[-23.80679,65.53534],[-24.08678,65.65135],[-23.80679,65.61041],[-24.09284,65.80475],[-23.56175,65.61367],[-23.28547,65.67934],[-23.53917,65.72272],[-23.24453,65.74038],[-23.18984,65.78237],[-23.72915,65.77435],[-23.86660,65.87555],[-23.20978,65.84320],[-23.8131,66.01137],[-23.37486,65.98777],[-23.66966,66.11749],[-23.39533,66.09764],[-23.60081,66.14484],[-23.46141,66.20416],[-23.02769,66.10871],[-23.05894,65.96670],[-22.92918,66.04926],[-22.81932,65.91209],[-22.68272,66.05585],[-22.57738,65.97309],[-22.64818,65.83368],[-22.53872,65.97418],[-22.42210,65.92572],[-22.46987,65.83698],[-22.36070,65.91209],[-22.48420,66.02944],[-22.38117,66.09764],[-22.97761,66.23419],[-22.36750,66.27521],[-23.18968,66.35529],[-22.86449,66.43138],[-22.95030,66.46698],[-22.43102,66.46474],[-22.21666,66.26837],[-21.74986,66.18577],[-21.66795,66.02191],[-21.54881,66.09764],[-21.33063,66.00901],[-21.60651,65.96051],[-21.30174,65.93598],[-21.47679,65.76870],[-21.33214,65.74079],[-21.77782,65.76870],[-21.40103,65.62409],[-21.48302,65.56264],[-21.32091,65.60187],[-21.47679,65.44651],[-21.21214,65.43817],[-21.08991,65.16616],[-21.09886,65.44546],[-20.91511,65.34349],[-20.91808,65.60138],[-20.67536,65.69391],[-20.63573,65.54515],[-20.38752,65.52851],[-20.26329,65.74453],[-20.44888,66.02944],[-20.18480,66.13117],[-19.45616,65.72894],[-19.43785,66.06663],[-18.77684,66.19330],[-18.21817,65.86774],[-18.06358,65.64520],[-18.29698,66.17963],[-17.91275,66.15228],[-17.54967,65.91209],[-17.49510,65.98777],[-17.61115,65.99404],[-17.45201,65.99518],[-17.41319,65.96051],[-17.14561,66.22117],[-16.92276,66.11102],[-16.42625,66.14484],[-16.54332,66.50698],[-16.02293,66.53660],[-15.70669,66.39590],[-15.69945,66.23419],[-15.38036,66.14997],[-14.92544,66.38532],[-14.56362,66.38450],[-15.01480,66.26837],[-14.93976,66.21011],[-15.17935,66.11131],[-14.69701,66.06549],[-14.60334,65.95303],[-14.89126,65.76121],[-14.32949,65.78237],[-14.39513,65.72150],[-14.27432,65.67251],[-14.35781,65.65607],[-14.53018,65.54547],[-14.56236,65.50116],[-14.24762,65.66502],[-13.68529,65.55516],[-13.67096,65.37763],[-13.83552,65.364],[-13.72984,65.32709],[-14.00674,65.28205],[-13.56798,65.26097],[-14.03408,65.20014],[-13.62661,65.20014],[-13.74669,65.13743],[-13.52017,65.17218]]],[[[-39.49986,65.33413],[-39.79360,65.32245],[-39.80337,65.33462],[-39.49986,65.33413]]],[[[-37.16926,65.53270],[-37.17487,65.59129],[-37.02501,65.55206],[-37.16926,65.53270]]],[[[-37.00401,65.58771],[-37.21743,65.68618],[-36.90900,65.65135],[-37.00401,65.58771]]],[[[-37.73790,65.56940],[-37.98729,65.70058],[-37.69318,65.90521],[-37.27208,65.76121],[-37.45929,65.74237],[-37.31305,65.67934],[-37.73790,65.56940]]],[[[-36.82811,65.74237],[-36.99771,65.81586],[-36.76390,65.85390],[-36.82811,65.74237]]],[[[-36.29881,65.85687],[-36.37401,65.88129],[-36.18276,65.88475],[-36.29881,65.85687]]],[[[-36.75072,65.90521],[-36.50426,65.95303],[-36.73705,65.80223],[-36.75072,65.90521]]],[[[-35.48448,66.18488],[-35.48216,66.24213],[-35.38703,66.24848],[-35.48448,66.18488]]],[[[-33.97077,66.80463],[-33.90514,66.88100],[-33.83901,66.81338],[-33.97077,66.80463]]],[[[-33.41047,67.15277],[-33.48281,67.15281],[-33.47525,67.18695],[-33.33812,67.20685],[-33.41047,67.15277]]],[[[-33.33128,67.33783],[-33.29027,67.36859],[-33.25609,67.29775],[-33.33128,67.33783]]],[[[-29.69497,68.21287],[-29.83625,68.14594],[-29.94774,68.23745],[-29.69497,68.21287]]],[[[-23.59337,69.71503],[-23.51748,69.73615],[-23.22402,69.67096],[-23.59337,69.71503]]],[[[-26.16002,70.46507],[-26.38268,70.52383],[-26.07420,70.52383],[-26.16002,70.46507]]],[[[-26.23794,70.58926],[-28.13735,70.45954],[-27.96336,70.63125],[-27.14964,70.87783],[-25.70376,71.08584],[-25.72545,70.99054],[-25.39757,70.91425],[-25.34178,70.80971],[-25.48521,70.78070],[-25.28351,70.69086],[-26.23794,70.58926]]],[[[-27.75316,70.87323],[-27.49315,70.88690],[-27.23985,70.89435],[-27.74889,70.76911],[-27.75316,70.87323]]],[[[-25.34117,71.07868],[-25.30768,71.01727],[-25.5808,71.10602],[-25.34117,71.07868]]],[[[-23.13703,72.84003],[-21.92861,72.40818],[-22.76130,72.43695],[-22.04531,72.27167],[-22.19615,72.20962],[-22.12523,72.15936],[-22.52489,72.13483],[-24.06354,72.44525],[-24.02595,72.52143],[-24.37169,72.60407],[-24.48526,72.82656],[-23.13703,72.84003]]],[[[-24.90143,72.78205],[-25.32066,72.84699],[-24.77253,72.90936],[-24.90143,72.78205]]],[[[-21.90074,72.91596],[-22.18871,72.81232],[-21.87490,72.70990],[-22.69204,72.70465],[-22.61388,72.73777],[-23.16331,72.87791],[-24.58690,72.95042],[-23.23827,73.07526],[-21.90074,72.91596]]],[[[-21.32827,73.10097],[-21.46251,73.12140],[-21.36188,73.14712],[-21.17861,73.13300],[-21.32827,73.10097]]],[[[-24.97044,73.32534],[-25.01219,73.31317],[-22.89244,73.15802],[-24.46751,73.03607],[-25.70799,73.20018],[-25.24352,73.41111],[-24.46007,73.42503],[-23.20978,73.23126],[-24.97044,73.32534]]],[[[-21.26866,74.08779],[-21.98696,74.24823],[-20.98094,74.45018],[-20.53335,74.40672],[-20.13296,74.19017],[-21.26866,74.08779]]],[[[-19.17349,74.54523],[-18.90489,74.67548],[-18.7235,74.62661],[-18.82335,74.54730],[-19.17349,74.54523]]],[[[-18.30382,74.71161],[-18.49901,74.63300],[-18.59117,74.72528],[-18.30382,74.71161]]],[[[-19.96165,74.99896],[-20.17638,74.90387],[-19.72887,74.86859],[-20.08580,74.70408],[-20.68073,74.82095],[-20.54906,74.90790],[-20.59972,74.99896],[-20.18895,75.04409],[-19.96165,74.99896]]],[[[-17.50621,74.97239],[-18.89264,74.99921],[-18.83820,75.26308],[-18.94806,75.33417],[-18.31680,75.29999],[-18.00145,75.41234],[-17.80288,75.31427],[-18.20921,75.22235],[-17.81338,75.08885],[-17.31696,75.13613],[-17.50621,74.97239]]],[[[-19.13292,76.51300],[-18.76317,76.58856],[-18.98493,76.61615],[-19.04987,76.75055],[-18.66014,76.63288],[-18.70787,76.38312],[-18.55028,75.94428],[-19.13292,76.51300]]],[[[-17.80890,77.65546],[-18.26720,77.65672],[-17.69859,77.87030],[-17.61729,77.80658],[-17.80890,77.65546]]],[[[-19.23546,77.82868],[-20.48985,77.95966],[-19.99571,77.99994],[-19.23546,77.82868]]],[[[-21.24339,77.87567],[-21.40355,77.88247],[-21.29503,77.95868],[-21.09593,77.97797],[-21.24339,77.87567]]],[[[-19.17267,77.91889],[-19.11388,78.06134],[-19.32042,78.14447],[-18.85985,78.14447],[-19.17267,77.91889]]],[[[-20.34211,78.16352],[-20.43350,78.12750],[-20.81460,78.17499],[-20.50503,78.25092],[-20.34211,78.16352]]],[[[-19.65778,78.28359],[-19.63003,78.36481],[-19.35240,78.21483],[-19.65778,78.28359]]],[[[-19.27110,78.23065],[-19.3155,78.34772],[-18.92857,78.47321],[-18.9051,78.34149],[-19.06338,78.30882],[-18.88145,78.22020],[-19.27110,78.23065]]],[[[-18.65269,78.55548],[-18.39199,78.63642],[-18.22744,78.62376],[-18.65269,78.55548]]],[[[-18.00475,78.77903],[-18.04279,78.74555],[-18.17894,78.71149],[-18.20677,78.81256],[-18.00475,78.77903]]],[[[-19.05345,78.91669],[-19.21320,78.79262],[-19.04181,78.77899],[-19.28136,78.76593],[-19.02074,78.74542],[-19.15562,78.70111],[-19.61066,78.77000],[-19.05345,78.91669]]],[[[-17.95128,79.03839],[-17.74583,79.15355],[-17.40591,79.12327],[-17.82884,78.96043],[-17.95128,79.03839]]],[[[-18.48521,79.68610],[-19.41417,79.84813],[-18.85387,80.02716],[-17.74083,80.09121],[-17.26097,80.00360],[-18.48521,79.68610]]],[[[-18.70299,80.12645],[-19.70409,80.05756],[-19.34992,80.21320],[-18.70299,80.12645]]],[[[-17.79377,81.74616],[-17.33556,81.60248],[-18.28148,81.71849],[-17.79377,81.74616]]],[[[-18.63093,81.81972],[-19.04503,81.8251],[-19.66722,82.07501],[-19.06916,82.02143],[-18.63093,81.81972]]],[[[-41.47911,83.16787],[-40.85806,83.17259],[-39.86217,82.98224],[-40.70368,83.02879],[-41.47911,83.16787]]],[[[-39.28888,83.09243],[-39.66649,82.99551],[-40.54662,83.16242],[-39.28888,83.09243]]],[[[-40.66405,83.28351],[-40.29605,83.35049],[-38.64256,83.11880],[-38.91734,83.10956],[-40.66405,83.28351]]],[[[-9.96275,-40.30185],[-9.89537,-40.38640],[-10.03937,-40.33180],[-9.96275,-40.30185]]],[[[-12.26378,-37.14902],[-12.2919,-37.05575],[-12.19127,-37.09050],[-12.26378,-37.14902]]],[[[-5.66665,-15.90211],[-5.65355,-15.96355],[-5.78954,-15.99529],[-5.66665,-15.90211]]],[[[-14.39102,-7.97966],[-14.37669,-7.87786],[-14.29478,-7.94548],[-14.39102,-7.97966]]],[[[-12.60554,7.47866],[-12.95165,7.57542],[-12.58112,7.63007],[-12.49299,7.56802],[-12.56578,7.39565],[-12.60554,7.47866]]],[[[-16.05565,11.04946],[-16.24803,11.10468],[-16.07998,11.20624],[-16.05565,11.04946]]],[[[-15.87755,11.07363],[-15.92593,11.09039],[-15.94640,11.20026],[-15.87755,11.07363]]],[[[-16.02212,11.13882],[-15.98119,11.20709],[-16.01707,11.06867],[-16.02212,11.13882]]],[[[-15.77330,11.17308],[-15.65843,11.30268],[-15.65843,11.23379],[-15.77330,11.17308]]],[[[-15.85708,11.30268],[-15.82583,11.29267],[-15.89606,11.21820],[-15.85708,11.30268]]],[[[-15.66527,11.50873],[-15.65265,11.46605],[-15.73546,11.46942],[-15.66527,11.50873]]],[[[-15.95226,11.60675],[-15.89802,11.45351],[-16.07921,11.45697],[-15.95226,11.60675]]],[[[-15.47166,11.56614],[-15.63296,11.53823],[-15.4735,11.63227],[-15.47166,11.56614]]],[[[-15.98558,11.88743],[-16.04141,11.75511],[-16.15477,11.80776],[-16.16551,11.87124],[-15.98558,11.88743]]],[[[-14.93590,11.75299],[-15.07022,11.86074],[-15.00723,11.97833],[-15.42634,11.96116],[-15.83039,11.74835],[-15.79556,11.88544],[-15.95897,11.73480],[-15.86534,11.97223],[-15.72053,11.96743],[-15.71369,12.01581],[-15.86388,12.02948],[-16.12458,11.88544],[-16.35513,12.08734],[-16.06314,12.35102],[-16.45763,12.17194],[-16.80296,12.44379],[-16.57974,12.63279],[-16.53331,12.56533],[-16.37096,12.55023],[-16.02977,12.63296],[-15.83999,12.55707],[-15.63341,12.53953],[-15.50983,12.63581],[-15.53490,12.78302],[-15.39403,12.81024],[-15.54946,12.79433],[-15.64102,12.55947],[-16.02212,12.72899],[-16.37096,12.56452],[-16.50133,12.70791],[-16.63467,12.66937],[-16.59072,12.76203],[-16.59691,12.79730],[-16.75462,12.57221],[-16.82970,13.33852],[-16.67882,13.49616],[-16.41942,13.20819],[-16.25796,13.32489],[-16.22761,13.25600],[-16.20970,13.25116],[-16.15127,13.27643],[-16.16120,13.42869],[-15.34056,13.44082],[-15.30479,13.45530],[-15.29474,13.49616],[-15.55614,13.52830],[-16.16039,13.45058],[-16.32188,13.34284],[-16.52184,13.35903],[-16.50890,13.74022],[-16.64000,13.69647],[-16.48705,13.80463],[-16.48705,14.00263],[-16.70006,13.76902],[-16.74681,13.95136],[-16.57640,13.98895],[-16.36473,14.16779],[-16.72789,14.06468],[-16.77505,13.83881],[-16.95653,14.39012],[-17.22411,14.69041],[-17.43980,14.65375],[-17.53604,14.75739],[-17.13866,14.92772],[-16.53893,15.77435],[-16.45921,16.64394],[-16.04898,17.66718],[-16.20457,18.98273],[-16.53547,19.38080],[-16.35920,19.41583],[-16.28490,19.52928],[-16.46507,19.41254],[-16.23379,19.79364],[-16.31330,19.88971],[-16.20226,20.23330],[-16.40868,20.67503],[-16.52928,20.73895],[-16.54234,20.56085],[-16.67267,20.67755],[-16.91759,21.15916],[-17.05687,20.76691],[-17.10464,20.86249],[-16.92101,21.93130],[-16.70677,22.27545],[-16.46662,22.37738],[-16.16323,22.99323],[-16.21312,23.09442],[-15.77261,23.78782],[-15.77513,23.91193],[-16.00316,23.67210],[-15.84093,23.90265],[-14.90782,24.68549],[-14.81924,25.33022],[-14.46613,26.19424],[-13.56110,26.74909],[-12.96808,27.91461],[-11.48558,28.32562],[-10.24840,29.29938],[-9.65514,30.12689],[-9.61164,30.40436],[-9.88853,30.64826],[-9.84752,31.40241],[-9.27774,32.19660],[-9.25991,32.57689],[-8.52916,33.26870],[-6.82209,34.03961],[-6.29210,34.88080],[-5.90803,35.79734],[-5.28307,35.91168],[-5.31875,35.70172],[-5.06627,35.41746],[-4.37604,35.15184],[-3.78746,35.20921],[-3.69957,35.29083],[-3.31924,35.20180],[-2.96857,35.44643],[-2.85606,35.13129],[-2.74811,35.11595],[-2.87840,35.24632],[-2.66673,35.10822],[-1.95645,35.07501],[-1.36400,35.31834],[-1.18333,35.57648],[-0.82502,35.76854],[-0.62645,35.72296],[-0.34854,35.90705],[0.0,35.83628],[0.0,5.61676],[-0.79955,5.21483],[-1.61847,5.02244],[-2.06383,4.73818],[-2.35659,4.91962],[-3.27635,5.11810],[-2.97093,5.08087],[-2.84369,5.14911],[-3.13915,5.14232],[-3.13442,5.36676],[-3.26207,5.34088],[-3.31216,5.11994],[-3.82750,5.19757],[-4.00194,5.26650],[-3.72887,5.26650],[-3.71568,5.28229],[-3.75890,5.36619],[-3.80492,5.37596],[-3.74396,5.27399],[-3.90632,5.34837],[-4.68716,5.23167],[-4.67345,5.31362],[-4.80858,5.18048],[-3.99575,5.23167],[-4.89264,5.12864],[-5.00975,5.21605],[-5.32152,5.23021],[-5.39899,5.14199],[-5.00243,5.12864],[-5.85130,5.02997],[-7.45677,4.34406],[-7.71271,4.36151],[-9.10497,5.03156],[-10.33356,6.13605],[-10.78831,6.29295],[-10.75938,6.40420],[-11.35317,6.70115],[-11.56749,6.99262],[-12.50658,7.38983],[-12.18382,7.60272],[-12.46373,7.56199],[-12.54393,7.65355],[-12.45197,7.77407],[-12.70124,7.70807],[-12.95909,7.9112],[-12.82127,7.91742],[-12.97207,8.25385],[-13.16393,8.17129],[-13.28677,8.50023],[-13.03355,8.37669],[-13.11611,8.47296],[-12.8697,8.56915],[-12.87588,8.68520],[-13.06183,8.58319],[-13.15770,8.67096],[-13.16852,8.52521],[-13.24022,8.82583],[-12.98570,8.85712],[-13.28844,8.96946],[-13.32217,9.08307],[-13.15770,9.18549],[-13.23281,9.26740],[-13.31529,9.18207],[-13.30109,9.35683],[-13.40778,9.28701],[-13.48668,9.56907],[-13.72622,9.51105],[-13.56110,9.78823],[-13.72891,9.74408],[-13.68529,9.94647],[-13.82770,9.85537],[-14.05833,10.02529],[-13.99990,10.19969],[-14.13027,10.04889],[-14.13776,10.17918],[-14.22240,10.10610],[-14.46263,10.22516],[-14.53502,10.50820],[-14.66470,10.51162],[-14.50023,10.89109],[-14.68610,10.64817],[-14.65135,10.80996],[-14.79283,10.74502],[-14.81676,10.92719],[-14.66470,11.03579],[-14.68517,11.06366],[-14.91856,11.02895],[-14.95958,10.76825],[-15.07819,10.95376],[-15.00088,11.21678],[-15.23013,10.99481],[-15.20661,11.23379],[-15.23351,11.12254],[-15.35822,11.14423],[-15.42613,11.28652],[-15.26805,11.43301],[-15.50706,11.35789],[-15.28111,11.62482],[-15.12328,11.54547],[-15.00731,11.61176],[-15.22801,11.65859],[-15.22647,11.75511],[-15.43871,11.55711],[-15.42634,11.69367],[-15.55138,11.73314],[-15.43871,11.88544],[-15.18919,11.87124],[-15.08991,11.94013],[-15.06944,11.80361],[-14.93590,11.75299]]],[[[-15.37783,27.85228],[-15.66954,27.75714],[-15.82062,27.98407],[-15.70620,28.16738],[-15.40929,28.17975],[-15.37783,27.85228]]],[[[-13.93370,28.24420],[-14.50706,28.07119],[-14.22443,28.21857],[-13.93541,28.74949],[-13.82437,28.68178],[-13.93370,28.24420]]],[[[-13.77464,28.83958],[-13.87364,28.87685],[-13.46540,29.24331],[-13.46556,29.05805],[-13.77464,28.83958]]],[[[-13.49201,29.24266],[-13.50816,29.28945],[-13.48668,29.28461],[-13.49201,29.24266]]],[[[-7.90387,36.96588],[-7.86009,37.00043],[-7.85326,36.98676],[-7.90387,36.96588]]],[[[-0.74014,37.70246],[-0.72647,37.66518],[-0.74689,37.68378],[-0.75450,37.7744],[-0.74014,37.70246]]],[[[-9.23062,38.41868],[-9.25267,38.66548],[-9.10773,38.65888],[-8.94261,38.77558],[-9.01154,38.91339],[-8.76512,39.09772],[-8.93586,39.04071],[-9.10025,38.83022],[-9.11250,38.71418],[-9.47166,38.70246],[-9.49746,38.80976],[-9.35086,39.19730],[-9.40929,39.37519],[-9.09043,39.57927],[-8.78498,40.11872],[-8.90843,40.20067],[-8.753,40.64081],[-8.57266,40.75556],[-8.65526,40.84491],[-8.75080,40.65314],[-8.64834,41.15277],[-8.83051,41.67158],[-8.69615,41.72199],[-8.88030,41.73686],[-8.75080,41.96898],[-8.88125,41.89329],[-8.89859,42.10175],[-8.62165,42.34080],[-8.86750,42.25641],[-8.65526,42.44135],[-8.84357,42.40371],[-8.94261,42.46930],[-8.82652,42.46185],[-8.73094,42.68842],[-9.01154,42.53070],[-9.03014,42.70770],[-8.88768,42.83112],[-9.10025,42.75751],[-9.27953,43.05499],[-8.84117,43.33893],[-8.33071,43.40566],[-8.21019,43.31321],[-8.17540,43.41632],[-8.30516,43.45107],[-8.16856,43.49201],[-8.33311,43.47150],[-8.31265,43.56712],[-7.68553,43.79344],[-7.04458,43.47919],[-5.85220,43.66295],[-4.48167,43.38361],[-3.57941,43.51825],[-3.00816,43.32090],[-2.76862,43.45250],[-2.12779,43.28742],[-1.59675,43.44253],[-1.25723,44.55605],[-1.04474,44.66942],[-1.17223,44.77826],[-1.26036,44.62742],[-1.08527,45.56903],[-0.76618,45.32607],[-0.71597,45.13450],[-0.53465,44.89496],[-0.59618,45.02464],[-0.49376,44.99799],[-0.65599,45.09910],[-0.79548,45.47711],[-1.24730,45.70990],[-1.16380,45.80670],[-0.98717,45.71735],[-1.15172,45.86815],[-1.04869,46.03880],[-1.21080,46.17454],[-1.11074,46.30268],[-1.7954,46.49453],[-2.11876,46.81997],[-1.99071,47.03538],[-2.24111,47.14248],[-2.16055,47.27118],[-1.72704,47.21076],[-2.01012,47.31972],[-2.27839,47.24640],[-2.54198,47.30011],[-2.39183,47.42365],[-2.49474,47.49119],[-2.36392,47.50617],[-2.81712,47.49921],[-2.90925,47.55841],[-2.74144,47.55133],[-2.68862,47.60439],[-2.68399,47.62299],[-2.70653,47.64272],[-2.97468,47.66380],[-2.93993,47.56077],[-3.12328,47.59878],[-3.13170,47.47821],[-3.11803,47.73212],[-3.22419,47.65639],[-3.35826,47.69733],[-3.28262,47.78734],[-3.44644,47.70457],[-4.13219,47.92389],[-4.37181,47.80719],[-4.43464,47.97565],[-4.72813,48.04059],[-4.28539,48.11538],[-4.37926,48.23236],[-4.55748,48.17719],[-4.54670,48.34682],[-4.51553,48.29584],[-4.26935,48.28839],[-4.18748,48.30752],[-4.45372,48.33539],[-4.28990,48.43158],[-4.76838,48.34540],[-4.77464,48.49127],[-4.34325,48.67886],[-3.58478,48.68280],[-3.51528,48.84194],[-3.22972,48.87226],[-3.09146,48.87128],[-3.12547,48.75995],[-3.00816,48.82143],[-2.68236,48.50901],[-2.31607,48.69855],[-2.21369,48.58185],[-2.05235,48.65009],[-1.98029,48.51357],[-1.94562,48.69855],[-1.35655,48.64325],[-1.55361,48.74713],[-1.54841,49.22549],[-1.81647,49.38373],[-1.93521,49.72410],[-1.26305,49.69550],[-1.18199,49.35618],[0.0,49.33060],[0.0,39.93672],[-0.33059,39.48040],[-0.21002,39.07869],[0.0,38.86776],[0.0,38.62457],[-0.50983,38.33836],[-0.85610,37.74249],[-0.70531,37.61953],[-1.32373,37.56199],[-1.67088,37.36330],[-2.12669,36.73639],[-2.36168,36.83677],[-2.71825,36.68203],[-4.40318,36.72386],[-4.65925,36.50763],[-5.18655,36.4112],[-5.34203,36.1105],[-5.61176,36.00645],[-6.03677,36.18952],[-6.43789,36.73330],[-6.19481,36.93211],[-6.38801,36.80817],[-6.89289,37.16657],[-6.85269,37.29523],[-6.92845,37.17234],[-7.49014,37.17853],[-7.81956,36.99872],[-8.58014,37.12396],[-8.99787,37.02147],[-8.75218,37.73078],[-8.89484,37.95254],[-8.79507,38.35922],[-8.94261,38.48139],[-8.79857,38.42609],[-8.60680,38.41868],[-8.77334,38.56533],[-9.23062,38.41868]]],[[[-1.23363,45.99168],[-1.19456,45.83006],[-1.40493,46.05316],[-1.23363,45.99168]]],[[[-1.55581,46.24555],[-1.50796,46.24555],[-1.25414,46.16242],[-1.55581,46.24555]]],[[[-2.29564,47.03318],[-2.20002,47.02435],[-2.14256,46.90985],[-2.24730,46.96430],[-2.29564,47.03318]]],[[[-3.07274,47.32831],[-3.06700,47.30194],[-3.24095,47.32062],[-3.07274,47.32831]]],[[[-5.069,48.48505],[-5.03661,48.47260],[-5.08796,48.44721],[-5.069,48.48505]]],[[[-2.24111,49.26024],[-2.02066,49.23525],[-2.23363,49.18451],[-2.24111,49.26024]]],[[[-2.50169,49.50665],[-2.57311,49.43089],[-2.67345,49.43349],[-2.50169,49.50665]]],[[[-1.27920,50.58250],[-1.56948,50.65802],[-1.29576,50.77317],[-1.06232,50.69281],[-1.27920,50.58250]]],[[[-1.02074,50.78839],[-0.97256,50.82977],[-0.93883,50.78095],[-1.02074,50.78839]]],[[[-9.88166,51.64105],[-9.89216,51.61127],[-9.91787,51.61937],[-9.88166,51.64105]]],[[[-10.42601,51.88227],[-10.41201,51.90412],[-10.29767,51.91840],[-10.42601,51.88227]]],[[[-9.77749,53.14679],[-9.64244,53.09381],[-9.81143,53.1376],[-9.77749,53.14679]]],[[[-9.67145,53.28074],[-9.69237,53.22638],[-9.72008,53.26605],[-9.67145,53.28074]]],[[[-4.19554,53.22028],[-4.41283,53.13206],[-4.57103,53.39276],[-4.04287,53.30280],[-4.09805,53.25014],[-4.19554,53.22028]]],[[[-4.55846,53.25275],[-4.58189,53.24201],[-4.62629,53.32086],[-4.55846,53.25275]]],[[[-8.02057,51.82392],[-8.42935,51.88450],[-8.29735,51.76601],[-8.55842,51.70636],[-8.53172,51.61078],[-9.34923,51.47402],[-9.44326,51.55951],[-9.82022,51.44570],[-9.54588,51.61078],[-9.84752,51.54938],[-9.45860,51.68398],[-9.56021,51.76162],[-10.16283,51.59027],[-9.58071,51.87767],[-10.13561,51.74115],[-10.38890,51.84617],[-9.75816,52.15204],[-10.43659,52.09739],[-10.44969,52.18891],[-10.05980,52.30963],[-9.94749,52.23761],[-9.73766,52.24823],[-9.94994,52.41209],[-9.63463,52.47357],[-9.64830,52.57038],[-9.27212,52.57721],[-8.75116,52.67296],[-8.96084,52.69367],[-8.94261,52.77521],[-9.28579,52.59080],[-9.58071,52.66596],[-9.93635,52.55670],[-9.49864,52.75250],[-9.27220,53.14667],[-8.89484,53.22089],[-9.61229,53.23615],[-9.55280,53.38540],[-9.80671,53.30158],[-9.90225,53.32392],[-9.79918,53.41950],[-10.17650,53.41266],[-10.01207,53.48151],[-10.18028,53.55548],[-9.69676,53.59821],[-9.90843,53.64606],[-9.90843,53.76211],[-9.56639,53.79629],[-9.56639,53.89931],[-9.94375,53.87938],[-9.78551,53.94708],[-9.98818,54.21312],[-10.12657,54.10602],[-10.00763,54.30353],[-9.90990,54.20441],[-9.76500,54.25556],[-9.84398,54.32876],[-9.32201,54.31708],[-9.14122,54.14569],[-9.05125,54.28949],[-8.51122,54.20775],[-8.66388,54.35928],[-8.21019,54.50193],[-8.12083,54.64655],[-8.45661,54.56464],[-8.38768,54.61985],[-8.79552,54.69843],[-8.32567,54.83152],[-8.45661,55.00287],[-8.27847,55.16054],[-7.85643,55.13898],[-7.79869,55.25609],[-7.81574,55.19464],[-7.70250,55.09906],[-7.79173,55.206],[-7.66087,55.27655],[-7.52578,55.11615],[-7.68138,54.95441],[-7.46910,55.04385],[-7.52432,55.29026],[-7.25674,55.28400],[-7.38442,55.38637],[-6.93956,55.23908],[-7.25674,55.05068],[-7.0537,55.04873],[-6.96255,55.19464],[-6.10098,55.21238],[-5.68984,54.79311],[-5.90737,54.60561],[-5.53661,54.65745],[-5.47484,54.35858],[-5.57530,54.52899],[-5.70197,54.57770],[-5.6256,54.44110],[-5.70885,54.35175],[-5.55304,54.29852],[-5.86205,54.23053],[-6.04051,54.03644],[-6.26366,54.10468],[-6.14354,53.97842],[-6.35985,54.01601],[-6.37897,53.91689],[-6.07730,53.55463],[-6.19481,53.46108],[-6.06200,53.36737],[-6.21817,53.34715],[-5.99352,52.95742],[-6.36611,52.34442],[-6.49649,52.36432],[-6.37295,52.32269],[-6.36986,52.17999],[-6.76402,52.26129],[-6.93211,52.12466],[-6.90371,52.17218],[-6.99738,52.28921],[-7.01720,52.13837],[-7.59996,52.10102],[-7.58991,51.99115],[-7.84984,51.98012],[-8.02057,51.82392]]],[[[-10.06664,53.96759],[-10.26594,53.98183],[-9.95685,54.01601],[-9.93635,53.89248],[-10.06664,53.96759]]],[[[-4.53099,54.36611],[-4.35130,54.41380],[-4.39077,54.19472],[-4.78132,54.07477],[-4.53099,54.36611]]],[[[-4.07762,52.92666],[-4.76284,52.78949],[-4.17796,53.21759],[-3.33031,53.35179],[-3.08775,53.23468],[-3.18635,53.39276],[-3.05825,53.43476],[-2.8815,53.28839],[-2.69977,53.35179],[-2.92495,53.35000],[-3.10191,53.55805],[-2.89903,53.73541],[-3.04918,53.76951],[-3.05663,53.90615],[-2.85798,53.96759],[-2.79596,54.24872],[-3.04918,54.22207],[-3.14537,54.06378],[-3.20738,54.26300],[-3.30679,54.19188],[-3.63418,54.51288],[-3.38792,54.88336],[-3.02184,54.97553],[-3.57054,54.99542],[-3.58169,54.88361],[-4.01170,54.76821],[-4.40290,54.90729],[-4.38239,54.68008],[-4.85912,54.86627],[-4.95482,54.80475],[-4.85912,54.63296],[-5.15713,54.87909],[-5.17080,55.00869],[-4.99559,54.92031],[-5.00780,55.14118],[-4.61778,55.49559],[-4.92052,55.70856],[-4.88646,55.91966],[-4.48167,55.92829],[-4.82433,56.07851],[-4.85155,55.98802],[-4.86538,56.06671],[-4.75552,56.20652],[-4.92052,56.16791],[-4.98314,55.87103],[-5.12360,56.00991],[-5.08653,55.90127],[-5.18065,55.96930],[-5.24205,55.89289],[-5.20108,55.83148],[-5.29670,55.85268],[-5.33828,55.99656],[-4.92052,56.27777],[-5.44440,56.02757],[-5.31777,55.78302],[-5.49010,55.64459],[-5.52505,55.35862],[-5.78286,55.31354],[-5.68089,55.67446],[-5.45498,55.84577],[-5.66039,55.79734],[-5.57103,56.03754],[-5.70750,55.94257],[-5.53160,56.08633],[-5.57258,56.32807],[-5.45702,56.44086],[-5.20873,56.44684],[-5.11852,56.50775],[-5.06456,56.56513],[-5.46861,56.47573],[-5.24205,56.56513],[-5.41393,56.54466],[-5.31777,56.66132],[-4.99559,56.71596],[-5.23827,56.71662],[-5.11974,56.81842],[-5.67406,56.49689],[-6.00816,56.64227],[-5.54369,56.69546],[-6.16173,56.67820],[-6.23448,56.72858],[-5.75666,56.78485],[-5.85118,56.82892],[-5.73387,56.84479],[-5.66039,56.87299],[-5.92113,56.89411],[-5.83169,56.99713],[-5.75523,57.02655],[-5.65855,56.97947],[-5.57127,56.98383],[-5.52326,57.00397],[-5.77619,57.07583],[-5.40038,57.10639],[-5.68089,57.15790],[-5.40721,57.22992],[-5.44066,57.31928],[-5.72931,57.29816],[-5.50129,57.37099],[-5.44811,57.42169],[-5.80776,57.35492],[-5.83918,57.57929],[-5.63996,57.51105],[-5.51268,57.54149],[-5.80589,57.64264],[-5.67406,57.70966],[-5.81118,57.83319],[-5.60578,57.77049],[-5.61262,57.92877],[-5.22158,57.84686],[-5.3662,57.94306],[-5.07079,57.83319],[-5.44701,58.08437],[-5.24205,58.14789],[-5.39207,58.26137],[-4.93358,58.22304],[-5.17320,58.35394],[-5.01618,58.38812],[-5.10562,58.50556],[-4.98818,58.62832],[-4.66002,58.55585],[-4.76097,58.44798],[-4.42650,58.54637],[-4.49535,58.44953],[-4.02904,58.59516],[-3.01911,58.64032],[-3.12979,58.36928],[-4.08438,57.96417],[-4.00934,57.86790],[-4.39240,57.90827],[-4.03990,57.81818],[-3.77944,57.85565],[-3.98827,57.69599],[-4.29478,57.68016],[-4.42845,57.57754],[-4.00934,57.68854],[-4.24893,57.49746],[-3.40916,57.72333],[-1.82945,57.61347],[-1.75934,57.47357],[-2.51455,56.59149],[-3.32347,56.36591],[-2.88499,56.45799],[-2.57681,56.27777],[-3.34268,56.02716],[-3.83747,56.10643],[-3.07823,55.94684],[-2.63512,56.05805],[-2.13801,55.91461],[-1.63084,55.58511],[-1.20372,54.62571],[-0.56297,54.47736],[-0.07551,54.11212],[-0.21947,54.02277],[0.0,53.63774],[-0.30516,53.73969],[-0.63703,53.73200],[-0.72647,53.70062],[-0.30724,53.71426],[0.0,53.53541],[0.0,50.78891],[-0.78994,50.73004],[-0.93919,50.84324],[-1.15111,50.78139],[-1.46642,50.91815],[-1.31729,50.80023],[-2.03897,50.73993],[-1.96519,50.6022],[-2.39834,50.64557],[-2.45335,50.52765],[-2.86481,50.73379],[-3.46442,50.67853],[-3.48745,50.40477],[-3.66063,50.22101],[-4.05435,50.30036],[-4.20055,50.45941],[-4.28990,50.39736],[-4.19375,50.32225],[-4.69432,50.34345],[-5.05296,50.19578],[-5.19115,49.95913],[-5.47484,50.13043],[-5.70514,50.05231],[-5.01561,50.53803],[-4.84483,50.51406],[-4.92052,50.58917],[-4.57726,50.77472],[-4.52643,51.01496],[-4.20799,51.07636],[-4.22850,51.19245],[-3.02184,51.19245],[-2.97468,51.38422],[-2.38337,51.77326],[-3.18480,51.39761],[-3.53917,51.39850],[-3.84162,51.62152],[-4.28990,51.55556],[-4.07054,51.67597],[-4.31529,51.67747],[-4.36510,51.78904],[-4.94102,51.59650],[-5.11974,51.67841],[-4.84483,51.71381],[-4.82433,51.79572],[-5.18285,51.68927],[-5.12588,51.85602],[-5.31094,51.864],[-4.31582,52.21629],[-3.94733,52.54926],[-4.12547,52.60390],[-3.98827,52.73428],[-4.14903,52.81207],[-4.07762,52.92666]]],[[[-8.56582,54.97553],[-8.49657,55.00067],[-8.48395,54.97553],[-8.56582,54.97553]]],[[[-6.23639,55.31134],[-6.17186,55.29319],[-6.19481,55.26292],[-6.23639,55.31134]]],[[[-5.29735,55.72284],[-5.07079,55.50934],[-5.16356,55.43488],[-5.34618,55.49603],[-5.29735,55.72284]]],[[[-6.49095,55.67182],[-6.45278,55.84088],[-6.12368,55.93549],[-6.02350,55.68187],[-6.31118,55.58323],[-6.27179,55.78302],[-6.49095,55.67182]]],[[[-5.08092,55.87958],[-5.00938,55.72931],[-5.11559,55.78436],[-5.18858,55.87811],[-5.08092,55.87958]]],[[[-6.08495,55.90033],[-5.69448,56.14740],[-6.02660,55.79608],[-6.08495,55.90033]]],[[[-6.13801,56.12470],[-6.17430,56.04376],[-6.26988,56.03754],[-6.13801,56.12470]]],[[[-5.67365,56.17894],[-5.74913,56.16107],[-5.68830,56.20205],[-5.67365,56.17894]]],[[[-5.66665,56.22248],[-5.61058,56.24941],[-5.63744,56.18927],[-5.66665,56.22248]]],[[[-5.63312,56.31875],[-5.59898,56.28392],[-5.64028,56.28278],[-5.63312,56.31875]]],[[[-5.50275,56.42112],[-5.55797,56.38646],[-5.58462,56.38703],[-5.50275,56.42112]]],[[[-6.20323,56.38031],[-6.00328,56.48940],[-6.32518,56.60610],[-6.05825,56.64020],[-5.64842,56.44774],[-5.78392,56.37335],[-5.69595,56.37543],[-6.32750,56.27724],[-6.02082,56.38202],[-6.20323,56.38031]]],[[[-6.23745,56.47003],[-6.21532,56.50364],[-6.16002,56.46955],[-6.23745,56.47003]]],[[[-6.72923,56.53034],[-6.88158,56.44428],[-6.96812,56.51048],[-6.72923,56.53034]]],[[[-6.45254,56.68842],[-6.70189,56.58563],[-6.59137,56.65184],[-6.45254,56.68842]]],[[[-6.30361,56.94399],[-6.36424,57.05565],[-6.24323,57.01019],[-6.30361,56.94399]]],[[[-7.44469,57.05853],[-7.37352,56.98285],[-7.55622,56.96263],[-7.44469,57.05853]]],[[[-6.60635,57.05174],[-6.55630,57.07013],[-6.48965,57.05858],[-6.60635,57.05174]]],[[[-7.34618,57.14793],[-7.21589,57.11383],[-7.35301,57.09955],[-7.45543,57.23672],[-7.42813,57.3876],[-7.36286,57.40786],[-7.19542,57.30560],[-7.35301,57.23672],[-7.25772,57.17975],[-7.34618,57.14793]]],[[[-5.95860,57.28449],[-6.01390,57.31745],[-5.95571,57.32160],[-5.95860,57.28449]]],[[[-6.15387,57.58954],[-6.15387,57.30560],[-5.90062,57.24290],[-5.64736,57.26463],[-6.00674,57.02838],[-5.84536,57.1883],[-6.31834,57.16103],[-6.48216,57.31183],[-6.32388,57.31142],[-6.69595,57.36440],[-6.72630,57.51142],[-6.60680,57.44391],[-6.61978,57.60716],[-6.31090,57.46263],[-6.41567,57.64581],[-6.31090,57.70282],[-6.15387,57.58954]]],[[[-6.07192,57.33234],[-6.06163,57.45270],[-5.98949,57.34731],[-6.07192,57.33234]]],[[[-7.20213,57.46263],[-7.20543,57.41860],[-7.40762,57.44562],[-7.20213,57.46263]]],[[[-7.21589,57.64142],[-7.10602,57.59296],[-7.31208,57.54458],[-7.15754,57.51105],[-7.54483,57.59296],[-7.31208,57.68854],[-7.06505,57.63397],[-7.21589,57.64142]]],[[[-7.18016,57.73468],[-7.17003,57.71515],[-7.22264,57.70966],[-7.18016,57.73468]]],[[[-8.55223,57.81891],[-8.59089,57.80475],[-8.60529,57.82640],[-8.55223,57.81891]]],[[[-7.03775,57.91632],[-6.99738,57.91510],[-7.07933,57.88031],[-7.03775,57.91632]]],[[[-6.66095,57.88031],[-6.9735,57.73334],[-7.07933,57.81269],[-6.83226,57.90208],[-7.11278,57.99022],[-6.93464,58.05231],[-7.11278,58.10008],[-7.05016,58.23236],[-6.85960,58.10687],[-6.70938,58.18943],[-6.81859,58.28510],[-6.20539,58.48126],[-6.16747,58.34650],[-6.36611,58.23725],[-6.16002,58.21678],[-6.61937,58.08641],[-6.35244,58.03864],[-6.61937,57.91510],[-6.70938,58.00389],[-6.59203,58.05853],[-6.68830,58.05853],[-6.76402,58.00389],[-6.66095,57.88031]]],[[[-6.87328,58.20994],[-6.88622,58.24762],[-6.81859,58.23725],[-6.87328,58.20994]]],[[[-3.03555,58.82632],[-2.88365,58.83218],[-2.93993,58.73069],[-2.96719,58.82005],[-3.03555,58.82632]]],[[[-3.13170,58.80646],[-3.29930,58.77912],[-3.33714,58.92869],[-3.13170,58.80646]]],[[[-3.08454,59.12799],[-2.99449,59.05971],[-3.11668,58.99819],[-2.70763,58.95897],[-3.20278,58.91592],[-3.22789,59.03856],[-3.32323,58.95718],[-3.35020,59.09796],[-3.08454,59.12799]]],[[[-2.59732,59.07331],[-2.61156,59.16144],[-2.51476,59.09381],[-2.59732,59.07331]]],[[[-2.78136,59.14142],[-2.83006,59.19684],[-2.73448,59.14842],[-2.78136,59.14142]]],[[[-3.07420,59.19749],[-2.95246,59.17816],[-3.12043,59.17658],[-3.07420,59.19749]]],[[[-2.60415,59.24461],[-2.69261,59.19228],[-2.61156,59.29303],[-2.39248,59.28546],[-2.60415,59.24461]]],[[[-2.83006,59.25210],[-3.07705,59.33405],[-2.98778,59.31977],[-2.83006,59.25210]]],[[[-1.58311,59.55996],[-1.65127,59.52895],[-1.62523,59.55581],[-1.58311,59.55996]]],[[[-1.30980,60.07636],[-1.34569,60.10895],[-1.31582,60.11546],[-1.30980,60.07636]]],[[[-1.12222,60.12311],[-1.05052,60.16962],[-1.07380,60.10773],[-1.12222,60.12311]]],[[[-2.05321,60.15550],[-2.10537,60.13206],[-2.11034,60.14533],[-2.05321,60.15550]]],[[[-1.26773,60.24518],[-1.45543,60.15619],[-1.69017,60.28514],[-1.26036,60.35504],[-1.60936,60.48334],[-1.30142,60.64305],[-1.37022,60.40216],[-1.21751,60.49799],[-1.06826,60.39630],[-1.21939,60.23834],[-1.12376,60.14960],[-1.27456,59.85419],[-1.37596,59.90863],[-1.26260,60.11505],[-1.26773,60.24518]]],[[[-1.03408,60.34015],[-0.9676,60.38104],[-0.91120,60.38231],[-1.03408,60.34015]]],[[[-0.87047,60.58783],[-0.93883,60.62873],[-0.75479,60.59894],[-0.87047,60.58783]]],[[[-0.99347,60.73114],[-1.02379,60.50299],[-1.15387,60.50836],[-1.17137,60.64598],[-0.99347,60.73114]]],[[[-0.8815,60.84503],[-0.76073,60.81313],[-0.83641,60.67658],[-0.96617,60.69017],[-0.8815,60.84503]]],[[[-6.71556,61.56785],[-6.80557,61.55418],[-6.67760,61.47992],[-6.78384,61.46483],[-6.65477,61.39594],[-6.87047,61.50153],[-6.94432,61.63239],[-6.71556,61.56785]]],[[[-6.66095,61.74603],[-6.90733,61.90985],[-6.61253,61.82111],[-6.66095,61.74603]]],[[[-7.42955,62.12848],[-7.21589,62.16376],[-7.03831,62.08860],[-7.20213,62.01972],[-7.42955,62.12848]]],[[[-6.84732,62.14203],[-6.70189,61.94403],[-7.23208,62.17641],[-7.19542,62.31460],[-7.07262,62.29026],[-6.99738,62.18423],[-6.84732,62.14203]]],[[[-6.93464,62.29035],[-6.90733,62.23944],[-6.56411,62.13581],[-6.69139,62.07339],[-7.08556,62.31460],[-6.93464,62.29035]]],[[[-6.55109,62.30776],[-6.38658,62.25995],[-6.49649,62.25250],[-6.40709,62.19106],[-6.57127,62.21332],[-6.55109,62.30776]]],[[[-6.32608,62.24713],[-6.32144,62.30809],[-6.27578,62.30272],[-6.32608,62.24713]]],[[[-6.69102,62.25226],[-6.75194,62.36212],[-6.6433,62.23851],[-6.69102,62.25226]]],[[[-6.68081,62.36611],[-6.64806,62.36652],[-6.63638,62.28009],[-6.68081,62.36611]]],[[[-6.39940,62.30109],[-6.48546,62.31000],[-6.51903,62.39533],[-6.44912,62.31781],[-6.39940,62.30109]]],[[[-9.11742,70.87490],[-8.32567,71.14761],[-7.93846,71.15656],[-8.00597,71.03253],[-8.98656,70.81077],[-9.11742,70.87490]]]]}}]}